Secchi Depth (cm) = 9999
Forel Ule Scale = 99
pH Colour Scale = 99
SensingSecchi S/N = A016
Latitude (degs N) = 34.25931
Longitude (degs E) = -77.98592
Date = 2026-08-28
Time (UTC), Pressure (mbar) MS5803, Temp (deg C) MS5803, Temp (deg C) 10KTHERM, Temp (deg C) TMP117, ED 415nm, ED 445nm, ED 480nm, ED 515nm, ED 555nm, ED 590nm, ED 630nm, ED 680nm, ED Clear, ED NIR, ED D-SAT, ED A-SAT, EU 415nm, EU 445nm, EU 480nm, EU 515nm, EU 555nm, EU 590nm, EU 630nm, EU 680nm, EU Clear, EU NIR, EU D-SAT, EU A-SAT
14:43:24, 1012.40, 26.03, 24.82, 25.930, 10, 11, 11, 11, 11, 19, 41, 74, 242, 226, 0, 0, 7161, 12583, 15886, 20201, 21477, 25456, 28933, 35379, 36000, 31975, 1, 1
14:43:24, 1012.30, 26.03, 24.83, 25.937, 10, 11, 11, 11, 11, 19, 41, 74, 242, 227, 0, 0, 7044, 12386, 15619, 19861, 20720, 24695, 27825, 34279, 36000, 31407, 1, 1
14:43:25, 1012.50, 26.04, 24.82, 25.937, 10, 11, 11, 11, 11, 19, 41, 74, 240, 224, 0, 0, 6918, 12084, 15239, 19353, 20256, 24286, 27161, 33742, 36000, 31240, 1, 1
14:43:26, 1012.40, 26.04, 24.85, 25.945, 10, 11, 11, 11, 11, 19, 41, 74, 242, 226, 0, 0, 6935, 12066, 15258, 19351, 20488, 24534, 27524, 34091, 36000, 31518, 1, 1
14:43:26, 1012.40, 26.04, 24.85, 25.977, 10, 11, 11, 11, 11, 19, 42, 76, 247, 231, 0, 0, 7175, 12667, 15914, 20362, 21329, 25598, 28607, 35369, 36000, 31853, 1, 1
14:43:27, 1012.20, 26.04, 24.87, 25.977, 10, 11, 11, 11, 11, 19, 42, 76, 247, 231, 0, 0, 7186, 12708, 15954, 20419, 21396, 25679, 28678, 35450, 36000, 31824, 1, 1
14:43:28, 1012.10, 26.05, 24.89, 25.977, 10, 11, 11, 11, 11, 19, 42, 75, 248, 231, 0, 0, 7225, 12811, 16061, 20647, 21579, 25857, 28928, 35773, 36000, 31826, 1, 1
14:43:28, 1012.20, 26.04, 24.85, 26.000, 10, 11, 11, 11, 11, 19, 42, 75, 247, 231, 0, 0, 7267, 12889, 16166, 20800, 21661, 25921, 29089, 35871, 36000, 31826, 1, 1
14:43:29, 1012.10, 26.05, 24.89, 26.000, 10, 11, 11, 11, 11, 19, 42, 76, 247, 231, 0, 0, 7267, 12895, 16189, 20818, 21700, 25919, 29109, 35852, 36000, 31781, 1, 1
14:43:30, 1012.20, 26.05, 24.87, 26.023, 10, 11, 11, 11, 11, 19, 42, 75, 247, 231, 0, 0, 7287, 12921, 16229, 20864, 21769, 25949, 29227, 36000, 36000, 31833, 1, 1
14:43:30, 1011.80, 26.05, 24.94, 26.047, 10, 11, 11, 12, 11, 19, 42, 75, 248, 231, 0, 0, 7279, 12905, 16211, 20826, 21737, 25886, 29199, 35944, 36000, 31825, 1, 1
14:43:31, 1012.10, 26.05, 24.89, 26.047, 10, 11, 11, 11, 11, 19, 42, 75, 247, 231, 0, 0, 7271, 12887, 16193, 20790, 21697, 25821, 29136, 35857, 36000, 31820, 1, 1
14:43:32, 1012.10, 26.05, 24.89, 26.047, 10, 11, 11, 12, 11, 19, 42, 76, 247, 231, 0, 0, 7266, 12876, 16188, 20764, 21670, 25761, 29122, 35817, 36000, 31862, 1, 1
14:43:32, 1012.00, 26.05, 24.87, 26.039, 10, 11, 11, 11, 11, 19, 42, 75, 248, 231, 0, 0, 7274, 12874, 16196, 20755, 21673, 25721, 29108, 35831, 36000, 31904, 1, 1
14:43:33, 1012.10, 26.05, 24.90, 26.039, 10, 11, 11, 11, 11, 19, 42, 75, 248, 231, 0, 0, 7257, 12840, 16168, 20696, 21613, 25640, 29001, 35709, 36000, 31823, 1, 1
14:43:34, 1012.10, 26.05, 24.87, 26.016, 10, 11, 11, 11, 11, 19, 42, 75, 247, 231, 0, 0, 7241, 12810, 16137, 20646, 21601, 25585, 28944, 35646, 36000, 31786, 1, 1
14:43:34, 1012.00, 26.05, 24.92, 26.039, 10, 11, 11, 11, 11, 19, 42, 75, 247, 231, 0, 0, 7255, 12827, 16162, 20669, 21640, 25609, 28977, 35734, 36000, 31811, 1, 1
14:43:35, 1012.10, 26.05, 24.89, 26.039, 10, 11, 11, 11, 11, 19, 42, 76, 247, 231, 0, 0, 7240, 12802, 16131, 20626, 21600, 25529, 28877, 35615, 36000, 31731, 1, 1
14:43:36, 1012.10, 26.05, 24.89, 26.047, 10, 11, 11, 11, 11, 19, 42, 75, 247, 230, 0, 0, 7219, 12767, 16101, 20570, 21599, 25495, 28823, 35565, 36000, 31672, 1, 1
14:43:36, 1012.00, 26.05, 24.90, 26.047, 10, 11, 11, 11, 11, 19, 42, 75, 247, 231, 0, 0, 7244, 12803, 16143, 20619, 21644, 25558, 28890, 35675, 36000, 31728, 1, 1
14:43:37, 1011.90, 26.05, 24.87, 26.078, 10, 11, 11, 11, 11, 19, 42, 75, 247, 231, 0, 0, 7263, 12833, 16171, 20663, 21686, 25585, 28918, 35714, 36000, 31761, 1, 1
14:43:38, 1012.20, 26.06, 24.90, 26.078, 10, 11, 11, 11, 11, 19, 42, 75, 247, 231, 0, 0, 7254, 12818, 16160, 20636, 21668, 25545, 28878, 35663, 36000, 31728, 1, 1
14:43:38, 1012.10, 26.05, 24.92, 26.078, 10, 11, 11, 11, 11, 19, 42, 75, 247, 231, 0, 0, 7262, 12828, 16169, 20645, 21719, 25583, 28923, 35725, 36000, 31757, 1, 1
14:43:39, 1012.10, 26.05, 24.94, 26.086, 10, 11, 11, 12, 11, 19, 42, 75, 247, 231, 0, 0, 7286, 12870, 16224, 20698, 21808, 25683, 29022, 35868, 36000, 31847, 1, 1
14:43:39, 1012.10, 26.05, 24.90, 26.094, 10, 11, 11, 11, 11, 19, 42, 75, 247, 231, 0, 0, 7321, 12937, 16292, 20794, 21930, 25791, 29149, 36000, 36000, 31903, 1, 1
14:43:40, 1011.90, 26.05, 24.90, 26.094, 10, 11, 11, 12, 11, 19, 42, 75, 247, 231, 0, 0, 7284, 12869, 16223, 20698, 21776, 25610, 28936, 35787, 36000, 31746, 1, 1
14:43:41, 1012.00, 26.06, 24.94, 26.086, 10, 11, 11, 11, 11, 19, 42, 75, 246, 230, 0, 0, 7273, 12850, 16206, 20670, 21814, 25626, 28971, 35837, 36000, 31749, 1, 1
14:43:41, 1012.00, 26.05, 24.92, 26.094, 10, 11, 11, 12, 11, 19, 42, 75, 247, 231, 0, 0, 7328, 12946, 16310, 20790, 21994, 25829, 29188, 36000, 36000, 31927, 1, 1
14:43:42, 1012.10, 26.06, 24.92, 26.094, 10, 11, 11, 11, 11, 19, 42, 75, 247, 231, 0, 0, 7331, 12949, 16320, 20783, 21969, 25781, 29137, 36000, 36000, 31873, 1, 1
14:43:43, 1012.20, 26.06, 24.94, 26.102, 10, 11, 11, 11, 11, 19, 42, 75, 247, 230, 0, 0, 7302, 12893, 16253, 20706, 21905, 25705, 29047, 35973, 36000, 31777, 1, 1
14:43:43, 1012.10, 26.06, 24.94, 26.109, 10, 11, 11, 11, 11, 19, 42, 75, 247, 231, 0, 0, 7328, 12941, 16318, 20756, 21973, 25753, 29135, 36000, 36000, 31909, 1, 1
14:43:44, 1012.00, 26.06, 24.96, 26.109, 10, 11, 11, 11, 11, 19, 42, 75, 248, 231, 0, 0, 7352, 12981, 16365, 20795, 22022, 25801, 29172, 36000, 36000, 31957, 1, 1
14:43:45, 1012.10, 26.06, 24.92, 26.117, 10, 11, 11, 11, 11, 19, 42, 75, 247, 231, 0, 0, 7330, 12945, 16319, 20737, 22002, 25754, 29115, 35999, 36000, 31855, 1, 1
14:43:45, 1012.40, 26.06, 24.96, 26.141, 10, 11, 11, 11, 11, 19, 42, 75, 247, 231, 0, 0, 7340, 12960, 16342, 20746, 22020, 25772, 29125, 36000, 36000, 31913, 1, 1
14:43:46, 1012.00, 26.06, 24.94, 26.141, 10, 11, 11, 11, 11, 19, 42, 76, 248, 231, 0, 0, 7352, 12978, 16370, 20758, 22078, 25839, 29171, 36000, 36000, 31956, 1, 1
14:43:47, 1012.30, 26.06, 24.99, 26.102, 10, 11, 11, 11, 11, 19, 42, 76, 248, 232, 0, 0, 7352, 12967, 16367, 20730, 22045, 25783, 29091, 36000, 36000, 31984, 1, 1
14:43:47, 1012.00, 26.06, 24.96, 26.102, 10, 11, 11, 11, 11, 19, 42, 76, 248, 232, 0, 0, 7331, 12920, 16316, 20655, 21999, 25730, 29029, 35999, 36000, 31901, 1, 1
14:43:48, 1012.10, 26.06, 24.99, 26.102, 10, 11, 11, 12, 11, 19, 42, 76, 248, 232, 0, 0, 7316, 12886, 16282, 20603, 21998, 25716, 29000, 35999, 36000, 31910, 1, 1
14:43:49, 1012.10, 26.06, 24.96, 26.141, 10, 11, 11, 11, 11, 19, 42, 76, 249, 232, 0, 0, 7336, 12919, 16336, 20653, 22079, 25782, 29080, 35999, 36000, 32028, 1, 1
14:43:49, 1012.20, 26.07, 24.94, 26.164, 10, 11, 11, 11, 11, 20, 42, 76, 249, 233, 0, 0, 7336, 12916, 16342, 20651, 22066, 25738, 29041, 35999, 36000, 32007, 1, 1
14:43:50, 1012.30, 26.07, 24.96, 26.164, 10, 11, 11, 12, 11, 20, 42, 76, 249, 233, 0, 0, 7320, 12882, 16301, 20601, 22034, 25707, 28976, 35995, 36000, 31938, 1, 1
14:43:51, 1012.20, 26.07, 24.97, 26.172, 10, 11, 11, 11, 11, 20, 42, 76, 249, 233, 0, 0, 7329, 12895, 16323, 20624, 22076, 25722, 29013, 35999, 36000, 31993, 1, 1
14:43:51, 1012.30, 26.07, 25.03, 26.172, 10, 11, 11, 11, 11, 20, 43, 76, 250, 234, 0, 0, 7343, 12922, 16360, 20666, 22126, 25751, 29060, 36000, 36000, 32068, 1, 1
14:43:52, 1012.40, 26.07, 24.97, 26.195, 10, 11, 11, 12, 11, 20, 43, 76, 250, 233, 0, 0, 7335, 12903, 16345, 20638, 22103, 25715, 29016, 35999, 36000, 32003, 1, 1
14:43:53, 1012.30, 26.07, 25.01, 26.219, 10, 11, 11, 11, 11, 20, 43, 76, 250, 234, 0, 0, 7334, 12902, 16352, 20643, 22134, 25718, 29036, 35999, 36000, 32033, 1, 1
14:43:53, 1012.00, 26.07, 24.97, 26.219, 10, 11, 11, 12, 11, 20, 43, 77, 251, 234, 0, 0, 7340, 12918, 16370, 20671, 22165, 25732, 29066, 35999, 36000, 32055, 1, 1
14:43:54, 1012.30, 26.07, 24.97, 26.234, 10, 11, 12, 11, 11, 20, 43, 76, 251, 234, 0, 0, 7338, 12911, 16367, 20658, 22172, 25720, 29050, 36000, 36000, 32028, 1, 1
14:43:55, 1012.30, 26.07, 24.99, 26.258, 10, 11, 12, 11, 11, 20, 43, 77, 251, 234, 0, 0, 7343, 12918, 16390, 20688, 22219, 25741, 29089, 36000, 36000, 32028, 1, 1
14:43:55, 1012.20, 26.07, 24.99, 26.258, 10, 11, 12, 11, 11, 20, 43, 78, 251, 234, 0, 0, 7347, 12927, 16401, 20697, 22248, 25752, 29115, 35999, 36000, 32042, 1, 1
14:43:56, 1012.20, 26.07, 25.01, 26.281, 10, 11, 11, 11, 11, 20, 43, 78, 252, 234, 0, 0, 7349, 12932, 16412, 20707, 22271, 25753, 29110, 36000, 36000, 32043, 1, 1
14:43:57, 1012.30, 26.07, 24.99, 26.289, 10, 11, 12, 11, 11, 20, 43, 77, 251, 234, 0, 0, 7355, 12941, 16433, 20728, 22310, 25778, 29150, 36000, 36000, 32049, 1, 1
14:43:57, 1012.20, 26.07, 24.99, 26.289, 10, 11, 11, 11, 11, 20, 43, 77, 252, 235, 0, 0, 7366, 12962, 16462, 20764, 22325, 25777, 29162, 36000, 36000, 32101, 1, 1
14:43:58, 1012.20, 26.07, 25.01, 26.273, 10, 11, 12, 11, 11, 20, 43, 77, 252, 235, 0, 0, 7376, 12981, 16487, 20800, 22367, 25808, 29199, 36000, 36000, 32130, 1, 1
14:43:59, 1012.10, 26.07, 24.99, 26.273, 10, 11, 12, 11, 11, 20, 43, 77, 252, 235, 0, 0, 7386, 12996, 16509, 20827, 22489, 25917, 29317, 36000, 36000, 32245, 1, 1
14:43:59, 1012.20, 26.08, 25.01, 26.273, 10, 11, 12, 12, 11, 20, 43, 77, 253, 236, 0, 0, 7409, 13032, 16565, 20883, 22511, 25957, 29413, 36000, 36000, 32355, 1, 1
14:44:00, 1012.50, 26.07, 25.01, 26.242, 10, 11, 12, 12, 11, 20, 43, 78, 253, 236, 0, 0, 7403, 13019, 16555, 20872, 22467, 25866, 29311, 36000, 36000, 32256, 1, 1
14:44:01, 1012.30, 26.08, 25.03, 26.211, 10, 11, 12, 12, 11, 20, 43, 77, 253, 236, 0, 0, 7402, 13019, 16566, 20869, 22511, 25893, 29330, 36000, 36000, 32278, 1, 1
14:44:01, 1012.10, 26.08, 24.99, 26.211, 10, 11, 12, 12, 11, 20, 43, 78, 253, 236, 0, 0, 7417, 13046, 16597, 20914, 22562, 25939, 29395, 36000, 36000, 32324, 1, 1
14:44:02, 1012.10, 26.08, 25.01, 26.195, 10, 11, 12, 12, 11, 20, 43, 78, 253, 236, 0, 0, 7414, 13038, 16598, 20907, 22589, 25970, 29422, 36000, 36000, 32292, 1, 1
14:44:03, 1012.30, 26.08, 25.03, 26.219, 10, 11, 12, 13, 11, 20, 43, 77, 253, 236, 0, 0, 7414, 13036, 16592, 20903, 22567, 25914, 29380, 36000, 36000, 32289, 1, 1
14:44:03, 1012.20, 26.08, 25.01, 26.219, 10, 11, 12, 12, 11, 20, 43, 77, 254, 237, 0, 0, 7419, 13044, 16607, 20915, 22648, 26000, 29467, 36000, 36000, 32332, 1, 1
14:44:04, 1012.30, 26.08, 24.99, 26.195, 10, 11, 12, 12, 11, 20, 43, 78, 254, 237, 0, 0, 7426, 13054, 16627, 20944, 22640, 25965, 29447, 36000, 36000, 32354, 1, 1
14:44:05, 1012.40, 26.08, 25.04, 26.180, 10, 11, 12, 12, 11, 20, 43, 78, 254, 237, 0, 0, 7424, 13045, 16626, 20929, 22670, 26001, 29485, 36000, 36000, 32334, 1, 1
14:44:05, 1012.30, 26.07, 25.03, 26.180, 10, 11, 12, 13, 11, 20, 43, 78, 254, 237, 0, 0, 7424, 13048, 16627, 20938, 22714, 26020, 29517, 36000, 36000, 32352, 1, 1
14:44:06, 1012.30, 26.08, 25.03, 26.172, 10, 11, 12, 12, 12, 20, 43, 78, 254, 237, 0, 0, 7436, 13060, 16653, 20961, 22703, 25990, 29493, 36000, 36000, 32410, 1, 1
14:44:07, 1012.10, 26.08, 25.01, 26.172, 10, 11, 12, 12, 11, 20, 43, 78, 254, 237, 0, 0, 7431, 13044, 16633, 20934, 22672, 25949, 29443, 36000, 36000, 32337, 1, 1
14:44:07, 1012.20, 26.08, 25.04, 26.172, 10, 11, 12, 12, 11, 20, 43, 78, 254, 237, 0, 0, 7417, 13015, 16602, 20897, 22647, 25918, 29340, 36000, 36000, 32189, 1, 1
14:44:08, 1012.10, 26.08, 25.01, 26.164, 10, 11, 12, 12, 11, 20, 43, 77, 253, 236, 0, 0, 7398, 12978, 16555, 20841, 22583, 25895, 29273, 36000, 36000, 32163, 1, 1
14:44:09, 1012.50, 26.08, 25.03, 26.164, 10, 11, 12, 12, 11, 20, 43, 77, 253, 236, 0, 0, 7375, 12919, 16479, 20715, 22474, 25807, 29142, 36000, 36000, 32349, 1, 1
14:44:09, 1012.30, 26.08, 25.03, 26.180, 10, 11, 12, 12, 12, 20, 44, 78, 255, 237, 0, 0, 7382, 12911, 16483, 20698, 22502, 25853, 29195, 36000, 36000, 32545, 1, 1
14:44:10, 1012.20, 26.08, 25.04, 26.187, 10, 11, 12, 12, 11, 20, 44, 79, 254, 237, 0, 0, 7348, 12819, 16402, 20552, 22347, 25627, 28963, 35914, 36000, 32389, 1, 1
14:44:11, 1012.10, 26.08, 25.04, 26.187, 10, 11, 12, 11, 11, 20, 43, 77, 252, 235, 0, 0, 7292, 12724, 16267, 20382, 22234, 25489, 28770, 35713, 36000, 32262, 1, 1
14:44:11, 1012.40, 26.08, 25.03, 26.195, 10, 11, 12, 11, 11, 20, 43, 77, 252, 234, 0, 0, 7375, 12874, 16459, 20635, 22502, 25743, 29255, 36000, 36000, 32666, 1, 1
14:44:12, 1012.20, 26.08, 25.06, 26.219, 10, 11, 12, 12, 11, 20, 43, 77, 253, 236, 0, 0, 7307, 12715, 16280, 20373, 22207, 25399, 28776, 35586, 36000, 32428, 1, 1
14:44:13, 1012.30, 26.08, 25.08, 26.219, 10, 11, 12, 11, 11, 20, 43, 78, 253, 234, 0, 0, 7300, 12703, 16280, 20358, 22251, 25430, 28802, 35644, 36000, 32261, 1, 1
14:44:13, 1012.40, 26.08, 25.08, 26.234, 10, 11, 11, 11, 11, 20, 43, 76, 250, 233, 0, 0, 7184, 12540, 16049, 20042, 21984, 25018, 28557, 35190, 36000, 31991, 1, 1
14:44:14, 1012.20, 26.08, 25.04, 26.258, 10, 11, 11, 11, 11, 19, 42, 76, 247, 230, 0, 0, 7173, 12593, 16026, 20165, 22067, 25169, 28962, 35482, 36000, 32242, 1, 1
14:44:15, 1012.30, 26.09, 25.04, 26.258, 10, 11, 11, 11, 11, 19, 43, 76, 247, 229, 0, 0, 7550, 13200, 16870, 21229, 23130, 26343, 30300, 36000, 36000, 33172, 1, 1
14:44:15, 1012.40, 26.09, 25.08, 26.266, 10, 11, 12, 13, 12, 20, 44, 79, 259, 241, 0, 0, 7606, 13305, 17014, 21389, 23239, 26506, 30483, 36000, 36000, 33388, 1, 1
14:44:16, 1012.40, 26.08, 25.08, 26.281, 11, 12, 12, 12, 12, 21, 45, 81, 262, 245, 0, 0, 7583, 13177, 16837, 20953, 22865, 26235, 30176, 36000, 36000, 33988, 1, 1
14:44:17, 1012.30, 26.08, 25.03, 26.281, 11, 12, 12, 12, 12, 21, 45, 81, 263, 246, 0, 0, 7605, 13229, 16911, 21064, 23078, 26333, 30287, 36000, 36000, 34016, 1, 1
14:44:17, 1012.30, 26.08, 25.03, 26.281, 11, 12, 12, 12, 12, 21, 45, 81, 263, 244, 0, 0, 7610, 13257, 16977, 21195, 23246, 26474, 30454, 36000, 36000, 33862, 1, 1
14:44:18, 1012.20, 26.08, 25.08, 26.281, 11, 12, 12, 12, 12, 21, 45, 81, 263, 245, 0, 0, 7628, 13287, 16995, 21245, 23181, 26460, 30534, 36000, 36000, 34101, 1, 1
14:44:19, 1012.30, 26.08, 25.08, 26.281, 11, 12, 12, 12, 12, 21, 45, 82, 264, 246, 0, 0, 7604, 13201, 16890, 21049, 22975, 26298, 30281, 36000, 36000, 33691, 1, 1
14:44:19, 1012.60, 26.09, 25.08, 26.266, 11, 12, 12, 13, 12, 21, 45, 80, 261, 243, 0, 0, 7559, 13140, 16830, 21040, 22946, 26246, 30181, 36000, 36000, 33065, 1, 1
14:44:20, 1012.40, 26.08, 25.06, 26.258, 10, 11, 12, 12, 12, 20, 44, 78, 255, 237, 0, 0, 7482, 13085, 16714, 21078, 22357, 25447, 29477, 35742, 36000, 32394, 1, 1
14:44:21, 1012.40, 26.08, 25.04, 26.258, 10, 11, 11, 12, 11, 20, 43, 77, 249, 232, 0, 0, 7401, 12959, 16547, 20841, 22819, 26030, 29956, 36000, 36000, 32954, 1, 1
14:44:21, 1012.30, 26.09, 25.06, 26.258, 10, 11, 12, 12, 12, 20, 44, 79, 258, 240, 0, 0, 7551, 13187, 16865, 21206, 23178, 26408, 30290, 36000, 36000, 33337, 1, 1
14:44:22, 1012.30, 26.09, 25.08, 26.258, 11, 11, 12, 13, 12, 21, 45, 80, 260, 243, 0, 0, 7608, 13288, 17006, 21383, 23360, 26605, 30590, 36000, 36000, 33619, 1, 1
14:44:23, 1012.30, 26.08, 25.11, 26.258, 11, 12, 12, 12, 12, 21, 45, 82, 263, 245, 0, 0, 7635, 13339, 17049, 21463, 23364, 26663, 30738, 36000, 36000, 33802, 1, 1
14:44:23, 1012.40, 26.09, 25.10, 26.250, 11, 12, 12, 12, 12, 21, 45, 81, 262, 244, 0, 0, 7627, 13330, 17051, 21454, 23321, 26588, 30597, 36000, 36000, 33663, 1, 1
14:44:24, 1012.40, 26.09, 25.06, 26.250, 11, 12, 12, 12, 12, 21, 45, 80, 262, 244, 0, 0, 7620, 13313, 17033, 21427, 23300, 26568, 30568, 36000, 36000, 33622, 1, 1
14:44:25, 1012.20, 26.08, 25.10, 26.211, 11, 12, 12, 12, 12, 21, 45, 81, 262, 244, 0, 0, 7627, 13323, 17037, 21437, 23280, 26589, 30654, 36000, 36000, 33736, 1, 1
14:44:25, 1012.40, 26.08, 25.10, 26.187, 11, 12, 12, 12, 12, 21, 45, 81, 263, 245, 0, 0, 7632, 13329, 17037, 21448, 23321, 26655, 30734, 36000, 36000, 33729, 1, 1
14:44:26, 1012.40, 26.08, 25.11, 26.187, 11, 12, 12, 13, 12, 21, 45, 81, 263, 244, 0, 0, 7626, 13321, 17027, 21441, 23326, 26647, 30700, 36000, 36000, 33647, 1, 1
14:44:26, 1012.50, 26.08, 25.10, 26.187, 11, 12, 12, 12, 12, 21, 45, 81, 262, 244, 0, 0, 7624, 13318, 17021, 21438, 23247, 26575, 30636, 36000, 36000, 33656, 1, 1
14:44:27, 1012.30, 26.08, 25.13, 26.211, 11, 12, 12, 12, 12, 21, 45, 82, 263, 245, 0, 0, 7620, 13306, 17006, 21416, 23193, 26555, 30644, 36000, 36000, 33655, 1, 1
14:44:28, 1012.30, 26.08, 25.13, 26.211, 11, 12, 12, 12, 12, 21, 45, 81, 263, 245, 0, 0, 7614, 13299, 16994, 21409, 23202, 26553, 30619, 36000, 36000, 33604, 1, 1
14:44:28, 1012.40, 26.08, 25.11, 26.203, 11, 12, 12, 12, 12, 21, 45, 81, 263, 245, 0, 0, 7611, 13295, 16992, 21399, 23175, 26552, 30635, 36000, 36000, 33612, 1, 1
14:44:29, 1012.40, 26.08, 25.10, 26.203, 11, 12, 12, 12, 12, 21, 45, 81, 264, 246, 0, 0, 7611, 13289, 16973, 21389, 23130, 26534, 30652, 36000, 36000, 33638, 1, 1
14:44:30, 1012.20, 26.08, 25.13, 26.203, 11, 12, 12, 12, 12, 21, 45, 81, 264, 245, 0, 0, 7610, 13287, 16974, 21391, 23186, 26601, 30705, 36000, 36000, 33585, 1, 1
14:44:30, 1012.40, 26.08, 25.11, 26.211, 11, 12, 12, 12, 12, 21, 45, 81, 264, 246, 0, 0, 7615, 13297, 16995, 21409, 23195, 26619, 30789, 36000, 36000, 33688, 1, 1
14:44:31, 1012.20, 26.08, 25.13, 26.227, 11, 12, 12, 12, 12, 21, 46, 83, 265, 247, 0, 0, 7633, 13309, 16995, 21430, 23132, 26620, 30903, 36000, 36000, 33900, 1, 1
14:44:32, 1012.10, 26.08, 25.13, 26.227, 11, 12, 12, 12, 12, 21, 46, 83, 266, 248, 0, 0, 7635, 13308, 16997, 21430, 23139, 26631, 30892, 36000, 36000, 33869, 1, 1
14:44:32, 1012.40, 26.08, 25.13, 26.219, 11, 12, 12, 12, 12, 21, 46, 82, 265, 247, 0, 0, 7621, 13300, 16984, 21421, 23095, 26560, 30781, 36000, 36000, 33734, 1, 1
14:44:33, 1012.10, 26.08, 25.13, 26.234, 11, 12, 12, 12, 12, 21, 46, 82, 265, 247, 0, 0, 7622, 13296, 16984, 21425, 23057, 26552, 30820, 36000, 36000, 33827, 1, 1
14:44:34, 1012.20, 26.08, 25.15, 26.234, 11, 12, 12, 12, 12, 21, 46, 82, 266, 248, 0, 0, 7630, 13301, 16981, 21436, 23027, 26557, 30860, 36000, 36000, 33884, 1, 1
14:44:34, 1012.40, 26.08, 25.11, 26.242, 11, 12, 12, 12, 12, 21, 46, 82, 266, 248, 0, 0, 7621, 13297, 16967, 21427, 23082, 26611, 30876, 36000, 36000, 33805, 1, 1
14:44:35, 1012.10, 26.08, 25.15, 26.273, 11, 12, 12, 13, 12, 21, 46, 83, 266, 247, 0, 0, 7619, 13297, 16963, 21423, 23002, 26550, 30841, 36000, 36000, 33842, 1, 1
14:44:36, 1012.30, 26.08, 25.17, 26.273, 11, 12, 12, 12, 12, 21, 46, 82, 266, 248, 0, 0, 7615, 13288, 16944, 21408, 22965, 26535, 30824, 36000, 36000, 33811, 1, 1
14:44:36, 1012.30, 26.08, 25.17, 26.297, 11, 12, 12, 12, 12, 21, 46, 83, 266, 247, 0, 0, 7614, 13294, 16952, 21421, 22980, 26546, 30831, 36000, 36000, 33792, 1, 1
14:44:37, 1012.50, 26.08, 25.13, 26.297, 11, 12, 12, 12, 12, 21, 46, 82, 266, 248, 0, 0, 7618, 13297, 16950, 21427, 22973, 26609, 30919, 36000, 36000, 33874, 1, 1
14:44:38, 1012.40, 26.08, 25.15, 26.305, 11, 12, 12, 13, 12, 21, 46, 83, 266, 248, 0, 0, 7617, 13297, 16942, 21426, 22942, 26553, 30867, 36000, 36000, 33881, 1, 1
14:44:38, 1012.20, 26.08, 25.15, 26.305, 11, 12, 12, 12, 12, 21, 46, 82, 266, 248, 0, 0, 7615, 13294, 16937, 21421, 22909, 26541, 30867, 36000, 36000, 33887, 1, 1
14:44:39, 1012.20, 26.08, 25.15, 26.305, 11, 12, 12, 12, 12, 21, 46, 83, 266, 248, 0, 0, 7609, 13291, 16916, 21410, 22880, 26524, 30839, 36000, 36000, 33895, 1, 1
14:44:40, 1012.10, 26.08, 25.17, 26.320, 11, 12, 12, 12, 12, 21, 46, 83, 267, 248, 0, 0, 7605, 13281, 16912, 21393, 22906, 26571, 30888, 36000, 36000, 33910, 1, 1
14:44:40, 1012.30, 26.08, 25.15, 26.320, 11, 12, 12, 12, 12, 21, 46, 83, 267, 248, 0, 0, 7600, 13271, 16893, 21374, 22803, 26484, 30797, 36000, 36000, 33918, 1, 1
14:44:41, 1012.40, 26.07, 25.17, 26.320, 11, 12, 12, 12, 12, 21, 46, 83, 267, 248, 0, 0, 7595, 13261, 16876, 21354, 22788, 26482, 30782, 36000, 36000, 33910, 1, 1
14:44:42, 1012.30, 26.07, 25.17, 26.312, 11, 12, 12, 12, 12, 21, 46, 82, 266, 248, 0, 0, 7590, 13249, 16866, 21333, 22754, 26467, 30745, 36000, 36000, 33923, 1, 1
14:44:42, 1012.40, 26.07, 25.15, 26.320, 11, 12, 12, 13, 12, 21, 46, 82, 267, 248, 0, 0, 7586, 13239, 16844, 21307, 22712, 26444, 30734, 36000, 36000, 33920, 1, 1
14:44:43, 1012.30, 26.07, 25.15, 26.320, 11, 12, 12, 13, 12, 21, 46, 82, 266, 248, 0, 0, 7578, 13227, 16835, 21283, 22732, 26491, 30758, 36000, 36000, 33912, 1, 1
14:44:44, 1012.50, 26.07, 25.17, 26.320, 11, 12, 12, 12, 12, 21, 46, 82, 266, 248, 0, 0, 7574, 13225, 16832, 21270, 22661, 26435, 30687, 36000, 36000, 33913, 1, 1
14:44:44, 1012.30, 26.07, 25.15, 26.328, 11, 12, 12, 12, 12, 21, 46, 82, 266, 248, 0, 0, 7568, 13220, 16810, 21248, 22625, 26431, 30651, 36000, 36000, 33931, 1, 1
14:44:45, 1012.30, 26.07, 25.18, 26.328, 11, 12, 12, 12, 12, 21, 46, 82, 266, 248, 0, 0, 7570, 13217, 16809, 21235, 22652, 26491, 30700, 36000, 36000, 33941, 1, 1
14:44:46, 1012.20, 26.07, 25.20, 26.297, 11, 12, 12, 13, 12, 21, 46, 82, 266, 247, 0, 0, 7563, 13208, 16787, 21215, 22591, 26426, 30638, 36000, 36000, 33949, 1, 1
14:44:46, 1012.30, 26.06, 25.13, 26.281, 11, 12, 12, 12, 12, 21, 46, 82, 266, 248, 0, 0, 7560, 13201, 16776, 21204, 22598, 26484, 30661, 36000, 36000, 33951, 1, 1
14:44:47, 1012.30, 26.06, 25.20, 26.281, 11, 12, 12, 12, 12, 21, 46, 83, 266, 247, 0, 0, 7557, 13199, 16776, 21190, 22541, 26434, 30605, 36000, 36000, 33960, 1, 1
14:44:48, 1012.40, 26.06, 25.18, 26.273, 11, 12, 12, 13, 12, 21, 46, 82, 266, 247, 0, 0, 7555, 13196, 16771, 21182, 22552, 26492, 30634, 36000, 36000, 33961, 1, 1
14:44:48, 1012.40, 26.06, 25.18, 26.266, 11, 12, 12, 12, 12, 21, 46, 83, 265, 247, 0, 0, 7553, 13193, 16759, 21167, 22545, 26503, 30624, 36000, 36000, 33991, 1, 1
14:44:49, 1012.30, 26.06, 25.18, 26.266, 11, 12, 12, 12, 12, 21, 46, 82, 265, 247, 0, 0, 7551, 13185, 16754, 21155, 22501, 26469, 30576, 36000, 36000, 33993, 1, 1
14:44:50, 1012.60, 26.06, 25.22, 26.266, 11, 12, 12, 12, 12, 21, 46, 82, 265, 247, 0, 0, 7540, 13177, 16745, 21135, 22475, 26449, 30522, 36000, 36000, 33969, 1, 1
14:44:50, 1012.20, 26.06, 25.22, 26.281, 11, 12, 12, 12, 12, 21, 46, 82, 265, 246, 0, 0, 7544, 13182, 16749, 21136, 22470, 26476, 30528, 36000, 36000, 34010, 1, 1
14:44:51, 1012.30, 26.06, 25.20, 26.281, 11, 12, 12, 12, 12, 21, 46, 82, 265, 247, 0, 0, 7555, 13196, 16761, 21161, 22502, 26570, 30610, 36000, 36000, 34052, 1, 1
14:44:52, 1012.40, 26.06, 25.18, 26.297, 11, 12, 12, 12, 12, 21, 46, 82, 265, 246, 0, 0, 7546, 13178, 16749, 21134, 22451, 26489, 30520, 36000, 36000, 34059, 1, 1
14:44:52, 1012.20, 26.06, 25.20, 26.297, 11, 12, 12, 12, 12, 21, 46, 82, 264, 246, 0, 0, 7544, 13179, 16759, 21131, 22501, 26566, 30587, 36000, 36000, 34077, 1, 1
14:44:53, 1012.30, 26.06, 25.22, 26.305, 11, 12, 12, 13, 12, 21, 46, 82, 265, 246, 0, 0, 7547, 13187, 16769, 21147, 22451, 26533, 30527, 36000, 36000, 34070, 1, 1
14:44:54, 1012.60, 26.06, 25.20, 26.336, 11, 12, 12, 12, 12, 21, 46, 82, 264, 246, 0, 0, 7540, 13174, 16756, 21132, 22448, 26507, 30506, 36000, 36000, 34092, 1, 1
14:44:54, 1012.50, 26.06, 25.20, 26.336, 11, 12, 12, 12, 12, 21, 46, 81, 264, 245, 0, 0, 7538, 13170, 16765, 21122, 22499, 26599, 30573, 36000, 36000, 34127, 1, 1
14:44:55, 1012.30, 26.06, 25.20, 26.352, 11, 12, 12, 13, 12, 21, 46, 82, 264, 246, 0, 0, 7549, 13184, 16771, 21159, 22431, 26566, 30533, 36000, 36000, 34131, 1, 1
14:44:56, 1012.40, 26.06, 25.22, 26.375, 11, 12, 12, 12, 12, 21, 46, 81, 264, 246, 0, 0, 7534, 13161, 16748, 21117, 22395, 26507, 30463, 36000, 36000, 34131, 1, 1
14:44:56, 1012.20, 26.06, 25.22, 26.375, 11, 12, 12, 12, 12, 21, 46, 81, 263, 244, 0, 0, 7520, 13135, 16727, 21084, 22378, 26474, 30427, 36000, 36000, 34140, 1, 1
14:44:57, 1012.20, 26.06, 25.18, 26.383, 11, 12, 12, 13, 12, 21, 46, 81, 263, 244, 0, 0, 7522, 13140, 16730, 21094, 22371, 26492, 30437, 36000, 36000, 34153, 1, 1
14:44:58, 1012.40, 26.06, 25.22, 26.383, 11, 12, 12, 12, 12, 21, 46, 81, 263, 244, 0, 0, 7517, 13128, 16723, 21083, 22417, 26532, 30471, 36000, 36000, 34182, 1, 1
14:44:58, 1012.40, 26.05, 25.22, 26.383, 11, 12, 12, 12, 12, 21, 45, 81, 262, 244, 0, 0, 7509, 13115, 16718, 21061, 22340, 26460, 30388, 36000, 36000, 34215, 1, 1
14:44:59, 1012.70, 26.05, 25.20, 26.383, 11, 12, 12, 12, 12, 21, 45, 82, 262, 244, 0, 0, 7509, 13113, 16714, 21063, 22325, 26453, 30369, 36000, 36000, 34202, 1, 1
14:45:00, 1012.40, 26.05, 25.20, 26.391, 11, 12, 12, 12, 12, 21, 45, 81, 262, 244, 0, 0, 7500, 13093, 16697, 21040, 22295, 26422, 30315, 36000, 36000, 34203, 1, 1
14:45:00, 1012.50, 26.05, 25.22, 26.391, 11, 11, 12, 12, 12, 21, 45, 80, 259, 241, 0, 0, 7455, 13008, 16600, 20904, 22116, 26226, 30068, 36000, 36000, 34079, 1, 1
14:45:01, 1012.50, 26.05, 25.20, 26.414, 10, 11, 12, 12, 11, 20, 44, 79, 253, 236, 0, 0, 7271, 12661, 16203, 20359, 21470, 25479, 29124, 35311, 36000, 33485, 1, 1
14:45:02, 1012.60, 26.06, 25.24, 26.422, 10, 11, 11, 11, 11, 19, 41, 73, 237, 219, 0, 0, 6623, 11596, 14796, 18614, 19474, 23222, 26623, 32346, 36000, 31398, 1, 1
14:45:02, 1012.50, 26.08, 25.24, 26.422, 9, 9, 10, 10, 9, 17, 37, 65, 212, 193, 0, 0, 5285, 9224, 11629, 14779, 15958, 18961, 22625, 27164, 36000, 28335, 1, 1
14:45:03, 1012.40, 26.05, 25.22, 26.391, 10, 11, 11, 11, 39, 65, 120, 196, 478, 385, 0, 0, 4879, 7646, 9331, 12142, 22603, 26426, 31105, 35644, 36000, 28480, 1, 1
14:45:04, 1012.60, 26.06, 25.24, 26.406, 321, 507, 702, 890, 794, 894, 1279, 1563, 5070, 2645, 0, 0, 12390, 19545, 27317, 31635, 21549, 22276, 28809, 32728, 36000, 35534, 1, 1
14:45:04, 1012.70, 26.07, 25.22, 26.406, 254, 379, 507, 612, 498, 623, 1085, 1436, 3568, 2172, 0, 0, 4932, 8575, 10742, 14110, 15064, 17325, 20860, 26278, 36000, 33328, 1, 1
14:45:05, 1012.40, 26.07, 25.29, 26.406, 217, 285, 362, 447, 563, 751, 1086, 1472, 3720, 2160, 0, 0, 5581, 8565, 11974, 13497, 18703, 20634, 23389, 27131, 36000, 35395, 1, 1
14:45:06, 1012.60, 26.07, 25.22, 26.406, 150, 208, 262, 317, 57, 81, 166, 277, 482, 245, 0, 0, 3508, 5851, 7520, 9312, 8940, 9682, 13988, 16431, 36000, 24216, 1, 1
14:45:06, 1012.20, 26.07, 25.24, 26.367, 234, 336, 462, 612, 1082, 1264, 1601, 1896, 5926, 2522, 0, 0, 5320, 8190, 11097, 12984, 15974, 16690, 20338, 24856, 36000, 36000, 1, 1
14:45:07, 1011.90, 26.07, 25.22, 26.352, 341, 549, 762, 884, 1139, 1209, 1518, 1841, 5759, 2587, 0, 0, 7301, 12017, 15563, 18762, 18622, 22269, 23973, 32122, 36000, 33895, 1, 1
14:45:08, 1011.90, 26.04, 25.27, 26.352, 74, 88, 101, 114, 5, 7, 14, 28, 101, 103, 0, 0, 8242, 13444, 18540, 22394, 26070, 26636, 34635, 36000, 36000, 36000, 1, 1
14:45:08, 1011.90, 26.04, 25.26, 26.336, 4, 5, 5, 5, 5, 8, 15, 29, 105, 108, 0, 0, 8399, 13900, 18995, 23215, 27860, 28509, 36000, 36000, 36000, 36000, 1, 1
14:45:09, 1012.00, 26.03, 25.27, 26.328, 4, 5, 5, 6, 5, 8, 15, 29, 104, 107, 0, 0, 8301, 13853, 18717, 23269, 27536, 27954, 36000, 36000, 36000, 36000, 1, 1
14:45:09, 1011.90, 26.04, 25.24, 26.328, 4, 5, 5, 6, 5, 7, 14, 28, 99, 102, 0, 0, 8293, 13745, 18666, 23029, 26868, 27209, 35940, 36000, 36000, 36000, 1, 1
14:45:10, 1011.90, 26.04, 25.26, 26.320, 4, 5, 5, 5, 5, 8, 14, 28, 100, 103, 0, 0, 7936, 12902, 17665, 21588, 25343, 26277, 34178, 36000, 36000, 36000, 1, 1
14:45:11, 1012.30, 26.03, 25.26, 26.297, 4, 5, 5, 5, 5, 8, 14, 30, 102, 105, 0, 0, 7856, 12879, 17582, 21552, 25976, 26361, 35011, 36000, 36000, 36000, 1, 1
14:45:11, 1012.40, 26.04, 25.27, 26.297, 4, 5, 6, 5, 5, 8, 15, 30, 99, 101, 0, 0, 8666, 14163, 19503, 23673, 28239, 28503, 36000, 36000, 36000, 36000, 1, 1
14:45:12, 1012.20, 26.04, 25.26, 26.289, 4, 5, 6, 5, 4, 7, 13, 25, 89, 93, 0, 0, 8668, 14504, 19676, 24220, 28778, 28996, 36000, 36000, 36000, 36000, 1, 1
14:45:13, 1012.40, 26.04, 25.26, 26.305, 3, 3, 4, 3, 3, 5, 10, 20, 72, 75, 0, 0, 7794, 13057, 17890, 21663, 25819, 26538, 34934, 36000, 36000, 36000, 1, 1
14:45:13, 1012.00, 26.06, 25.31, 26.305, 17, 20, 22, 23, 97, 165, 285, 431, 1142, 812, 0, 0, 7631, 12385, 16837, 20398, 21305, 21875, 28648, 30791, 36000, 36000, 1, 1
14:45:14, 1012.40, 26.10, 25.27, 26.273, 696, 1135, 1554, 1835, 1713, 1776, 2208, 2521, 9363, 4100, 0, 0, 308, 387, 408, 465, 171, 307, 535, 817, 1960, 1550, 0, 0
14:45:15, 1012.30, 26.10, 25.31, 26.281, 550, 754, 1034, 1394, 1465, 1707, 2140, 2318, 9141, 4479, 0, 0, 141, 172, 176, 199, 243, 443, 771, 1177, 2847, 2259, 0, 0
14:45:15, 1012.60, 26.10, 25.26, 26.281, 573, 795, 1092, 1457, 1478, 1741, 2089, 2336, 9123, 4372, 0, 0, 395, 498, 540, 604, 921, 1617, 2682, 3811, 8537, 5916, 0, 0
14:45:16, 1012.10, 26.06, 25.29, 26.258, 839, 1292, 1802, 2157, 1759, 1872, 2380, 2703, 6122, 2951, 0, 0, 2948, 4277, 5128, 6194, 10711, 13533, 18237, 24459, 36000, 34664, 1, 1
14:45:17, 1011.90, 26.04, 25.31, 26.234, 531, 773, 1056, 1339, 1859, 1956, 2590, 2810, 7270, 3155, 0, 0, 6491, 11224, 14937, 18816, 24459, 27422, 32193, 36000, 36000, 36000, 1, 1
14:45:17, 1012.00, 26.05, 25.31, 26.234, 1340, 2072, 2881, 3544, 4491, 4791, 5797, 6524, 27034, 10657, 0, 0, 7180, 11230, 16390, 19230, 22452, 25063, 30775, 35674, 36000, 36000, 1, 1
14:45:18, 1012.30, 26.03, 25.27, 26.203, 1599, 2460, 3447, 4057, 4650, 5037, 5952, 6940, 20839, 8509, 0, 0, 7906, 12546, 18258, 21704, 26190, 29061, 35224, 36000, 36000, 36000, 1, 1
14:45:19, 1011.60, 26.03, 25.31, 26.180, 1763, 2766, 3856, 4589, 5544, 5864, 7076, 7995, 29689, 11937, 0, 0, 7888, 12636, 18077, 21518, 25716, 28962, 34370, 36000, 36000, 36000, 1, 1
14:45:19, 1011.80, 26.01, 25.29, 26.180, 1857, 2919, 4036, 4889, 5033, 5403, 6396, 7397, 30206, 12250, 0, 0, 9672, 16776, 23443, 27935, 35933, 36000, 36000, 36000, 36000, 36000, 1, 1
14:45:20, 1012.20, 26.02, 25.29, 26.148, 1738, 2692, 3745, 4516, 5094, 5515, 6470, 7477, 29637, 11597, 0, 0, 11390, 18481, 26979, 31246, 35554, 36000, 36000, 36000, 36000, 36000, 1, 1
14:45:21, 1012.20, 26.04, 25.29, 26.148, 1587, 2462, 3417, 4164, 4696, 5048, 5993, 6861, 28161, 11386, 0, 0, 8996, 13531, 20935, 22902, 28297, 30261, 36000, 36000, 36000, 36000, 1, 1
14:45:21, 1012.10, 26.04, 25.31, 26.117, 1619, 2512, 3475, 4210, 4927, 5263, 6275, 7150, 27941, 11329, 0, 0, 6723, 11037, 15596, 18754, 23531, 26454, 29548, 35772, 36000, 34277, 1, 1
14:45:22, 1012.10, 26.04, 25.31, 26.094, 1602, 2504, 3482, 4216, 4581, 4889, 5915, 6646, 26033, 10771, 0, 0, 5494, 8520, 12768, 14154, 16268, 18176, 20660, 24850, 36000, 23786, 1, 1
14:45:23, 1012.10, 26.03, 25.33, 26.094, 1411, 2223, 3078, 3743, 4888, 5148, 6258, 7026, 25871, 10350, 0, 0, 4263, 6877, 9834, 11708, 15802, 17714, 20150, 24048, 36000, 22133, 1, 1
14:45:23, 1012.30, 26.03, 25.33, 26.062, 1548, 2440, 3392, 4062, 4624, 4877, 5929, 6700, 25902, 10601, 0, 0, 5459, 9059, 12811, 15384, 18024, 20201, 23711, 28301, 36000, 22154, 1, 1
14:45:24, 1012.30, 26.05, 25.34, 26.039, 1835, 2940, 4045, 4891, 5356, 5678, 6859, 7690, 26839, 10533, 0, 0, 2253, 4281, 5159, 7203, 4625, 5268, 5892, 7199, 19997, 8202, 0, 0
14:45:25, 1012.40, 26.04, 25.34, 26.039, 1566, 2404, 3352, 4068, 5200, 5561, 6599, 7500, 28186, 11184, 0, 0, 2481, 4521, 5874, 7808, 8884, 9616, 12881, 14383, 34341, 12801, 0, 1
14:45:25, 1012.30, 26.06, 25.33, 26.047, 1670, 2596, 3612, 4337, 4773, 5106, 5993, 6931, 28346, 11646, 0, 0, 1008, 1522, 2154, 2678, 2736, 3029, 3655, 4210, 13291, 4576, 0, 0
14:45:26, 1012.50, 26.06, 25.34, 26.078, 1833, 2866, 3977, 4777, 5450, 5822, 6859, 7832, 29284, 11609, 0, 0, 774, 1195, 1670, 2111, 2338, 2582, 3161, 3637, 11275, 3775, 0, 0
14:45:27, 1012.30, 26.06, 25.36, 26.078, 1855, 2901, 4042, 4841, 5611, 5975, 7063, 8036, 30756, 12243, 0, 0, 769, 1194, 1710, 2068, 2360, 2592, 3110, 3670, 12195, 4186, 0, 0
14:45:27, 1012.40, 26.06, 25.33, 26.078, 1842, 2878, 4008, 4802, 5527, 5899, 6949, 7929, 29743, 11758, 0, 0, 587, 924, 1329, 1633, 1897, 2045, 2543, 2955, 9570, 3197, 0, 0
14:45:28, 1012.40, 26.06, 25.33, 26.055, 1831, 2865, 3981, 4777, 5439, 5802, 6834, 7808, 29686, 11798, 0, 0, 577, 940, 1330, 1647, 1906, 2057, 2574, 3022, 9976, 3476, 0, 0
14:45:29, 1012.60, 26.07, 25.33, 26.055, 1833, 2876, 4004, 4793, 5522, 5876, 6937, 7933, 30063, 11968, 0, 0, 383, 643, 873, 1165, 1338, 1459, 1861, 2180, 6395, 2252, 0, 0
14:45:29, 1012.60, 26.07, 25.33, 26.094, 1841, 2902, 4027, 4828, 5533, 5893, 6963, 7952, 29310, 11586, 0, 0, 67, 91, 159, 259, 432, 534, 756, 927, 1862, 256, 0, 0
14:45:30, 1014.00, 26.09, 25.33, 26.812, 1864, 2939, 4084, 4898, 5599, 5952, 7049, 8036, 30095, 11950, 0, 0, 75, 102, 178, 291, 459, 574, 818, 1008, 1988, 269, 0, 0
14:45:31, 1014.90, 26.16, 25.36, 26.812, 1881, 2964, 4123, 4939, 5640, 5995, 7097, 8088, 30398, 12061, 0, 0, 66, 87, 152, 257, 432, 547, 786, 972, 1879, 248, 0, 0
14:45:31, 1016.00, 26.27, 25.36, 28.187, 1864, 2945, 4091, 4909, 5574, 5923, 7018, 8002, 30158, 11978, 0, 0, 64, 83, 145, 245, 407, 516, 745, 924, 1775, 232, 0, 0
14:45:32, 1021.20, 26.38, 25.38, 28.797, 1819, 2881, 4002, 4797, 5349, 5682, 6742, 7714, 27174, 10272, 0, 0, 57, 72, 126, 218, 346, 450, 661, 829, 1537, 194, 0, 0
14:45:33, 1019.60, 26.48, 25.33, 28.797, 1138, 1940, 2994, 3900, 4443, 4845, 5917, 6845, 23054, 6295, 0, 0, 52, 63, 111, 196, 360, 465, 682, 855, 1591, 202, 0, 0
14:45:33, 1016.30, 26.56, 25.41, 29.109, 1698, 2742, 3922, 4819, 5711, 6073, 7274, 8317, 31132, 11121, 0, 0, 65, 83, 146, 249, 427, 542, 780, 970, 1864, 245, 0, 0
14:45:34, 1018.90, 26.65, 25.36, 29.242, 1999, 3181, 4442, 5310, 6006, 6370, 7538, 8634, 31932, 12219, 0, 0, 66, 84, 147, 251, 421, 539, 781, 974, 1857, 240, 0, 0
14:45:35, 1020.70, 26.73, 25.36, 29.242, 1295, 2162, 3248, 4122, 4704, 5046, 6093, 7105, 25471, 7660, 0, 0, 60, 74, 130, 227, 384, 498, 729, 913, 1715, 218, 0, 0
14:45:35, 1019.40, 26.79, 25.38, 29.312, 1339, 2237, 3342, 4210, 4910, 5296, 6350, 7392, 26677, 8243, 0, 0, 56, 70, 123, 213, 358, 463, 677, 847, 1601, 202, 0, 0
14:45:36, 1019.40, 26.85, 25.40, 29.312, 1500, 2488, 3617, 4472, 5232, 5594, 6678, 7775, 27342, 8755, 0, 0, 51, 64, 112, 195, 331, 428, 627, 785, 1471, 186, 0, 0
14:45:37, 1024.80, 26.91, 25.38, 29.352, 1313, 2199, 3279, 4134, 4842, 5229, 6299, 7357, 24835, 7155, 0, 0, 49, 59, 103, 182, 319, 420, 625, 789, 1434, 175, 0, 0
14:45:37, 1031.60, 26.95, 25.34, 29.367, 811, 1369, 2251, 3093, 3856, 4320, 5348, 6358, 19090, 4350, 0, 0, 42, 47, 79, 146, 277, 378, 577, 741, 1266, 147, 0, 0
14:45:38, 1041.60, 26.98, 25.38, 29.367, 570, 917, 1607, 2372, 3056, 3543, 4478, 5416, 15222, 2997, 0, 0, 36, 37, 59, 112, 216, 308, 490, 644, 1019, 112, 0, 0
14:45:39, 1051.70, 27.00, 25.38, 29.375, 351, 495, 911, 1503, 2115, 2573, 3394, 4215, 10529, 1707, 0, 0, 28, 27, 39, 76, 159, 237, 395, 533, 786, 83, 0, 0
14:45:39, 1045.80, 27.01, 25.40, 29.383, 255, 322, 593, 1050, 1676, 2094, 2835, 3567, 8491, 1258, 0, 0, 26, 25, 35, 68, 173, 256, 422, 566, 854, 90, 0, 0
14:45:40, 1035.30, 27.03, 25.38, 29.383, 376, 555, 1011, 1596, 2565, 2969, 3812, 4632, 13877, 2731, 0, 0, 40, 43, 69, 133, 270, 372, 585, 752, 1263, 142, 0, 0
14:45:41, 1030.40, 27.05, 25.34, 29.391, 588, 941, 1636, 2377, 3336, 3786, 4709, 5680, 17737, 3925, 0, 0, 44, 49, 82, 152, 289, 392, 597, 765, 1329, 156, 0, 0
14:45:41, 1028.00, 27.08, 25.40, 29.398, 716, 1185, 2007, 2843, 3779, 4253, 5310, 6311, 18373, 4028, 0, 0, 42, 47, 80, 147, 293, 394, 597, 763, 1342, 159, 0, 0
14:45:42, 1024.00, 27.10, 25.33, 29.398, 861, 1443, 2365, 3232, 4159, 4616, 5681, 6706, 21004, 5118, 0, 0, 47, 55, 94, 170, 323, 426, 636, 805, 1444, 178, 0, 0
14:45:43, 1021.60, 27.12, 25.38, 29.398, 1199, 2005, 3082, 3971, 4942, 5334, 6460, 7538, 25677, 7344, 0, 0, 56, 69, 120, 211, 370, 480, 707, 888, 1643, 211, 0, 0
14:45:43, 1023.20, 27.14, 25.38, 29.398, 1145, 1937, 2995, 3890, 4749, 5151, 6292, 7360, 23766, 6331, 0, 0, 54, 64, 111, 197, 354, 465, 690, 870, 1591, 200, 0, 0
14:45:44, 1022.60, 27.17, 25.38, 29.398, 1150, 1945, 3005, 3909, 4891, 5287, 6484, 7554, 24303, 6613, 0, 0, 55, 66, 115, 203, 363, 474, 701, 883, 1624, 207, 0, 0
14:45:45, 1023.20, 27.18, 25.38, 29.398, 1164, 1976, 3050, 3965, 4858, 5264, 6420, 7535, 23809, 6356, 0, 0, 53, 63, 109, 194, 348, 458, 680, 859, 1568, 198, 0, 0
14:45:45, 1023.80, 27.19, 25.36, 29.406, 1103, 1879, 2929, 3835, 4758, 5181, 6312, 7436, 23140, 6021, 0, 0, 51, 60, 105, 187, 345, 453, 674, 852, 1549, 196, 0, 0
14:45:46, 1023.90, 27.20, 25.38, 29.406, 1052, 1792, 2814, 3708, 4620, 5063, 6187, 7299, 22244, 5618, 0, 0, 50, 58, 101, 181, 343, 452, 673, 854, 1550, 196, 0, 0
14:45:47, 1022.90, 27.21, 25.38, 29.398, 1134, 1916, 2972, 3884, 4914, 5335, 6541, 7638, 23853, 6370, 0, 0, 54, 64, 112, 198, 363, 476, 705, 891, 1637, 210, 0, 0
14:45:47, 1023.00, 27.22, 25.38, 29.406, 1179, 1997, 3079, 3999, 4956, 5369, 6568, 7681, 24157, 6508, 0, 0, 56, 66, 114, 203, 365, 480, 711, 899, 1648, 210, 0, 0
14:45:48, 1023.40, 27.23, 25.38, 29.406, 1141, 1940, 3009, 3931, 4870, 5285, 6475, 7587, 23681, 6283, 0, 0, 55, 66, 113, 202, 365, 479, 711, 900, 1647, 210, 0, 0
14:45:49, 1022.90, 27.25, 25.36, 29.391, 1147, 1952, 3028, 3957, 4904, 5319, 6520, 7624, 23899, 6375, 0, 0, 57, 67, 116, 206, 373, 488, 723, 915, 1683, 216, 0, 0
14:45:49, 1022.70, 27.26, 25.40, 29.398, 1194, 2027, 3118, 4043, 4964, 5372, 6564, 7679, 24322, 6615, 0, 0, 57, 68, 118, 208, 371, 486, 720, 911, 1675, 215, 0, 0
14:45:50, 1023.60, 27.28, 25.36, 29.398, 1150, 1959, 3030, 3961, 4843, 5260, 6439, 7542, 23461, 6212, 0, 0, 55, 65, 112, 199, 358, 471, 700, 888, 1620, 206, 0, 0
14:45:51, 1023.20, 27.29, 25.38, 29.398, 1105, 1884, 2930, 3854, 4810, 5232, 6423, 7513, 23419, 6199, 0, 0, 55, 65, 113, 201, 364, 477, 709, 897, 1646, 211, 0, 0
14:45:51, 1022.70, 27.30, 25.41, 29.398, 1166, 1982, 3061, 3987, 4916, 5332, 6531, 7627, 24078, 6499, 0, 0, 56, 67, 116, 205, 367, 482, 715, 904, 1660, 212, 0, 0
14:45:52, 1022.90, 27.31, 25.38, 29.398, 1168, 1987, 3070, 3999, 4927, 5341, 6538, 7644, 24045, 6459, 0, 0, 56, 67, 116, 205, 368, 483, 716, 907, 1660, 212, 0, 0
14:45:53, 1023.20, 27.33, 25.40, 29.398, 1155, 1965, 3040, 3972, 4878, 5289, 6484, 7592, 23735, 6310, 0, 0, 56, 66, 114, 203, 368, 482, 716, 906, 1660, 212, 0, 0
14:45:53, 1022.40, 27.34, 25.40, 29.398, 1167, 1983, 3061, 3988, 4973, 5377, 6596, 7693, 24254, 6573, 0, 0, 57, 68, 118, 208, 373, 490, 725, 917, 1684, 217, 0, 0
14:45:54, 1022.40, 27.35, 25.41, 29.398, 1227, 2080, 3181, 4115, 5041, 5441, 6637, 7763, 24754, 6817, 0, 0, 58, 69, 120, 212, 378, 493, 729, 921, 1699, 219, 0, 0
14:45:55, 1022.90, 27.36, 25.36, 29.391, 1191, 2025, 3110, 4041, 4936, 5345, 6531, 7661, 23911, 6438, 0, 0, 56, 67, 115, 204, 369, 483, 717, 908, 1661, 212, 0, 0
14:45:55, 1022.40, 27.37, 25.38, 29.391, 1177, 2001, 3086, 4020, 4952, 5360, 6559, 7665, 24251, 6578, 0, 0, 57, 68, 118, 209, 374, 490, 726, 917, 1689, 217, 0, 0
14:45:56, 1022.20, 27.39, 25.40, 29.398, 1215, 2062, 3160, 4091, 4992, 5394, 6586, 7708, 24546, 6728, 0, 0, 57, 69, 119, 210, 375, 491, 727, 919, 1687, 217, 0, 0
14:45:57, 1022.10, 27.39, 25.40, 29.398, 1242, 2107, 3213, 4140, 5085, 5482, 6676, 7809, 24967, 6940, 0, 0, 58, 70, 120, 213, 377, 493, 730, 921, 1697, 219, 0, 0
14:45:57, 1022.40, 27.41, 25.41, 29.398, 1225, 2076, 3170, 4097, 5020, 5422, 6614, 7738, 24573, 6738, 0, 0, 57, 68, 118, 209, 372, 487, 721, 911, 1674, 214, 0, 0
14:45:58, 1021.00, 27.42, 25.40, 29.391, 1257, 2128, 3237, 4167, 5095, 5499, 6680, 7813, 25203, 7135, 0, 0, 59, 71, 123, 217, 385, 502, 740, 932, 1732, 224, 0, 0
14:45:59, 1021.10, 27.43, 25.38, 29.398, 1392, 2336, 3489, 4420, 5354, 5747, 6954, 8093, 26591, 7851, 0, 0, 60, 74, 128, 223, 389, 505, 744, 936, 1744, 226, 0, 0
14:45:59, 1022.30, 27.45, 25.38, 29.398, 1307, 2213, 3345, 4296, 5152, 5563, 6762, 7892, 25006, 6962, 0, 0, 57, 68, 119, 210, 370, 486, 719, 909, 1671, 214, 0, 0
14:46:00, 1020.60, 27.46, 25.40, 29.398, 1247, 2113, 3222, 4164, 5167, 5572, 6772, 7881, 25462, 7202, 0, 0, 60, 73, 126, 221, 393, 511, 750, 944, 1767, 228, 0, 0
14:46:01, 1020.00, 27.47, 25.40, 29.406, 1461, 2449, 3627, 4562, 5490, 5875, 7063, 8206, 27366, 8290, 0, 0, 62, 76, 133, 231, 401, 520, 762, 958, 1796, 233, 0, 0
14:46:01, 1022.10, 27.48, 25.40, 29.406, 1419, 2393, 3557, 4507, 5374, 5774, 6983, 8108, 26210, 7632, 0, 0, 58, 71, 123, 217, 379, 496, 732, 923, 1705, 217, 0, 0
14:46:02, 1021.40, 27.49, 25.40, 29.391, 1236, 2110, 3220, 4179, 5104, 5517, 6725, 7829, 24536, 6732, 0, 0, 58, 69, 120, 213, 381, 498, 734, 926, 1714, 219, 0, 0
14:46:03, 1020.70, 27.50, 25.41, 29.406, 1358, 2303, 3450, 4403, 5359, 5752, 6958, 8072, 26077, 7612, 0, 0, 60, 73, 127, 222, 389, 507, 746, 938, 1751, 225, 0, 0
14:46:03, 1021.00, 27.51, 25.45, 29.406, 1362, 2317, 3462, 4413, 5333, 5726, 6931, 8056, 25725, 7472, 0, 0, 59, 71, 124, 218, 383, 500, 734, 925, 1723, 222, 0, 0
14:46:04, 1021.40, 27.52, 25.40, 29.406, 1300, 2222, 3349, 4293, 5203, 5600, 6811, 7926, 24804, 7032, 0, 0, 58, 70, 121, 213, 381, 498, 734, 926, 1713, 219, 0, 0
14:46:04, 1020.80, 27.53, 25.38, 29.406, 1321, 2242, 3378, 4285, 5228, 5624, 6785, 7914, 25537, 7596, 0, 0, 62, 76, 132, 231, 408, 531, 778, 979, 1843, 238, 0, 0
14:46:05, 1020.80, 27.54, 25.45, 29.406, 1392, 2371, 3526, 4469, 5396, 5762, 7014, 8109, 25428, 7505, 0, 0, 60, 73, 127, 222, 398, 518, 760, 958, 1800, 234, 0, 0
14:46:06, 1021.90, 27.55, 25.41, 29.406, 1359, 2326, 3477, 4418, 5249, 5586, 6866, 7897, 24227, 6934, 0, 0, 56, 68, 118, 207, 373, 489, 722, 912, 1694, 217, 0, 0
14:46:06, 1021.80, 27.56, 25.40, 29.414, 1216, 2092, 3188, 4116, 5038, 5399, 6624, 7670, 23356, 6569, 0, 0, 57, 69, 119, 209, 377, 494, 727, 919, 1707, 219, 0, 0
14:46:07, 1021.60, 27.56, 25.40, 29.414, 1241, 2126, 3232, 4153, 5045, 5438, 6632, 7717, 23868, 6775, 0, 0, 59, 71, 122, 216, 388, 509, 749, 946, 1752, 224, 0, 0
14:46:08, 1021.30, 27.57, 25.41, 29.406, 1307, 2223, 3354, 4256, 5155, 5562, 6727, 7853, 25004, 7399, 0, 0, 61, 75, 130, 227, 402, 524, 768, 968, 1808, 233, 0, 0
14:46:08, 1021.60, 27.58, 25.45, 29.398, 1271, 2167, 3290, 4196, 5071, 5479, 6647, 7762, 24356, 6942, 0, 0, 59, 71, 124, 218, 388, 509, 748, 945, 1757, 224, 0, 0
14:46:09, 1021.80, 27.59, 25.41, 29.398, 1255, 2145, 3258, 4166, 5103, 5494, 6681, 7781, 24324, 6949, 0, 0, 57, 69, 120, 211, 374, 490, 722, 912, 1695, 216, 0, 0
14:46:10, 1021.40, 27.60, 25.41, 29.398, 1242, 2129, 3240, 4155, 5135, 5516, 6717, 7817, 24322, 6955, 0, 0, 56, 68, 119, 209, 370, 484, 712, 898, 1678, 215, 0, 0
14:46:10, 1021.90, 27.61, 25.43, 29.398, 1277, 2191, 3306, 4230, 5132, 5516, 6709, 7821, 24362, 6948, 0, 0, 56, 68, 118, 207, 369, 483, 713, 900, 1672, 212, 0, 0
14:46:11, 1022.70, 27.61, 25.45, 29.398, 1220, 2097, 3196, 4118, 5048, 5447, 6626, 7736, 24097, 6741, 0, 0, 56, 67, 117, 207, 369, 484, 714, 902, 1672, 213, 0, 0
14:46:12, 1022.30, 27.62, 25.47, 29.406, 1184, 2031, 3120, 4052, 4985, 5390, 6565, 7671, 23931, 6595, 0, 0, 57, 68, 119, 210, 376, 493, 727, 916, 1704, 217, 0, 0
14:46:12, 1022.70, 27.62, 25.41, 29.406, 1230, 2104, 3206, 4137, 4999, 5407, 6558, 7690, 24247, 6757, 0, 0, 56, 67, 116, 206, 364, 478, 707, 893, 1650, 208, 0, 0
14:46:13, 1022.50, 27.63, 25.45, 29.398, 1169, 2012, 3086, 4022, 4969, 5375, 6534, 7652, 24038, 6593, 0, 0, 54, 65, 113, 201, 355, 465, 687, 867, 1610, 205, 0, 0
14:46:14, 1021.70, 27.64, 25.41, 29.391, 1204, 2066, 3147, 4085, 5003, 5412, 6570, 7683, 24210, 6682, 0, 0, 54, 65, 113, 201, 359, 468, 691, 871, 1621, 207, 0, 0
14:46:14, 1021.60, 27.64, 25.45, 29.391, 1295, 2208, 3318, 4253, 5185, 5589, 6744, 7884, 25417, 7289, 0, 0, 55, 67, 117, 205, 363, 471, 694, 874, 1632, 209, 0, 0
14:46:15, 1022.40, 27.65, 25.45, 29.391, 1250, 2130, 3232, 4165, 5061, 5470, 6627, 7769, 24672, 6841, 0, 0, 54, 65, 113, 200, 356, 465, 687, 867, 1604, 204, 0, 0
14:46:16, 1023.00, 27.66, 25.43, 29.391, 1190, 2028, 3112, 4037, 4919, 5318, 6467, 7608, 24072, 6503, 0, 0, 53, 63, 109, 195, 352, 461, 683, 864, 1578, 198, 0, 0
14:46:16, 1022.30, 27.66, 25.45, 29.391, 1169, 1991, 3065, 3979, 4959, 5353, 6521, 7657, 24571, 6711, 0, 0, 54, 64, 112, 198, 354, 463, 685, 863, 1581, 199, 0, 0
14:46:17, 1022.40, 27.67, 25.47, 29.391, 1187, 2023, 3104, 4022, 4968, 5357, 6519, 7667, 24439, 6619, 0, 0, 53, 63, 109, 195, 349, 457, 678, 855, 1560, 195, 0, 0
14:46:18, 1022.40, 27.68, 25.41, 29.398, 1217, 2067, 3154, 4064, 5010, 5389, 6550, 7691, 24829, 6885, 0, 0, 52, 63, 110, 194, 345, 451, 668, 842, 1541, 193, 0, 0
14:46:18, 1022.60, 27.69, 25.43, 29.398, 1221, 2076, 3169, 4093, 5009, 5402, 6575, 7723, 24614, 6763, 0, 0, 52, 62, 109, 193, 343, 448, 664, 838, 1534, 192, 0, 0
14:46:19, 1023.70, 27.70, 25.45, 29.398, 1166, 1982, 3053, 3964, 4842, 5242, 6401, 7537, 23640, 6322, 0, 0, 51, 61, 105, 188, 339, 445, 661, 836, 1517, 189, 0, 0
14:46:20, 1022.60, 27.71, 25.41, 29.398, 1121, 1908, 2966, 3888, 4841, 5246, 6413, 7531, 23822, 6357, 0, 0, 53, 62, 109, 194, 351, 459, 681, 860, 1568, 196, 0, 0
14:46:20, 1021.10, 27.73, 25.45, 29.398, 1198, 2037, 3117, 4032, 5023, 5397, 6555, 7707, 24972, 6955, 0, 0, 56, 68, 118, 208, 373, 485, 715, 899, 1667, 212, 0, 0
14:46:21, 1021.50, 27.74, 25.43, 29.398, 1372, 2315, 3448, 4354, 5279, 5650, 6816, 7991, 26304, 7671, 0, 0, 56, 68, 119, 210, 368, 478, 705, 887, 1646, 209, 0, 0
14:46:22, 1022.50, 27.75, 25.48, 29.406, 1264, 2148, 3254, 4187, 5088, 5490, 6650, 7806, 24850, 6871, 0, 0, 53, 64, 112, 198, 353, 461, 683, 861, 1584, 198, 0, 0
14:46:22, 1022.40, 27.76, 25.47, 29.406, 1230, 2092, 3189, 4120, 5024, 5432, 6586, 7724, 24618, 6760, 0, 0, 53, 64, 111, 197, 355, 463, 684, 863, 1591, 200, 0, 0
14:46:23, 1021.80, 27.77, 25.45, 29.398, 1245, 2118, 3218, 4142, 5091, 5504, 6651, 7798, 25031, 7017, 0, 0, 55, 66, 115, 203, 363, 473, 699, 880, 1630, 206, 0, 0
14:46:24, 1022.70, 27.79, 25.47, 29.406, 1251, 2134, 3240, 4171, 5109, 5523, 6682, 7827, 25001, 6956, 0, 0, 55, 66, 115, 204, 363, 474, 701, 885, 1629, 205, 0, 0
14:46:24, 1022.90, 27.79, 25.43, 29.406, 1181, 2024, 3111, 4052, 4950, 5368, 6523, 7653, 24080, 6502, 0, 0, 54, 64, 112, 199, 357, 469, 695, 877, 1608, 201, 0, 0
14:46:25, 1022.40, 27.80, 25.47, 29.406, 1185, 2027, 3114, 4049, 5011, 5428, 6580, 7714, 24528, 6719, 0, 0, 55, 66, 114, 202, 361, 473, 699, 882, 1627, 205, 0, 0
14:46:26, 1022.70, 27.81, 25.50, 29.406, 1203, 2063, 3155, 4092, 5024, 5443, 6611, 7740, 24359, 6660, 0, 0, 54, 64, 112, 199, 355, 467, 691, 873, 1606, 200, 0, 0
14:46:26, 1024.50, 27.82, 25.48, 29.406, 1134, 1957, 3026, 3973, 4900, 5328, 6502, 7620, 23317, 6135, 0, 0, 52, 62, 107, 191, 347, 457, 680, 862, 1571, 194, 0, 0
14:46:27, 1027.90, 27.83, 25.47, 29.406, 970, 1680, 2674, 3621, 4449, 4911, 6052, 7145, 20897, 5064, 0, 0, 48, 55, 94, 170, 316, 424, 640, 817, 1448, 175, 0, 0
14:46:28, 1031.40, 27.84, 25.47, 29.406, 759, 1295, 2159, 3045, 3859, 4358, 5432, 6481, 18102, 3980, 0, 0, 43, 47, 78, 145, 281, 384, 589, 760, 1302, 153, 0, 0
14:46:28, 1037.40, 27.85, 25.48, 29.406, 645, 1073, 1841, 2672, 3476, 3972, 4976, 5985, 16667, 3491, 0, 0, 39, 42, 69, 129, 241, 337, 528, 690, 1134, 129, 0, 0
14:46:29, 1047.30, 27.86, 25.48, 29.414, 405, 612, 1113, 1791, 2415, 2895, 3773, 4631, 11549, 1954, 0, 0, 30, 30, 45, 87, 180, 264, 432, 579, 894, 97, 0, 0
14:46:30, 1055.00, 27.86, 25.48, 29.414, 283, 381, 702, 1214, 1797, 2230, 2997, 3735, 8905, 1332, 0, 0, 24, 24, 34, 64, 140, 213, 360, 494, 719, 75, 0, 0
14:46:30, 1062.60, 27.87, 25.47, 29.406, 209, 257, 467, 857, 1364, 1748, 2422, 3058, 6908, 938, 0, 0, 20, 19, 25, 48, 109, 172, 302, 423, 584, 59, 0, 0
14:46:31, 1070.70, 27.88, 25.47, 29.406, 155, 175, 305, 587, 981, 1306, 1870, 2409, 5081, 628, 0, 0, 16, 15, 19, 34, 82, 134, 244, 350, 457, 45, 0, 0
14:46:32, 1075.80, 27.88, 25.47, 29.406, 123, 134, 224, 442, 782, 1064, 1554, 2033, 4139, 494, 0, 0, 14, 13, 16, 29, 70, 116, 216, 314, 396, 39, 0, 0
14:46:32, 1087.10, 27.89, 25.48, 29.414, 92, 97, 155, 311, 561, 792, 1194, 1594, 2924, 324, 0, 0, 10, 9, 11, 19, 48, 84, 164, 245, 288, 28, 0, 0
14:46:33, 1097.60, 27.90, 25.47, 29.414, 56, 57, 83, 164, 324, 484, 766, 1069, 1741, 188, 0, 0, 8, 7, 8, 12, 34, 61, 125, 193, 214, 20, 0, 0
14:46:34, 1106.40, 27.91, 25.50, 29.414, 45, 46, 63, 124, 266, 408, 669, 939, 1343, 136, 0, 0, 6, 6, 6, 9, 26, 48, 102, 161, 169, 16, 0, 0
14:46:34, 1114.40, 27.92, 25.48, 29.406, 34, 35, 45, 85, 196, 312, 531, 760, 935, 90, 0, 0, 5, 4, 4, 7, 20, 38, 83, 134, 135, 13, 0, 0
14:46:35, 1119.30, 27.93, 25.45, 29.414, 28, 28, 35, 65, 156, 255, 446, 648, 710, 66, 0, 0, 4, 4, 4, 6, 16, 32, 72, 118, 115, 11, 0, 0
14:46:36, 1123.30, 27.94, 25.48, 29.414, 23, 23, 28, 51, 122, 204, 365, 539, 514, 47, 0, 0, 4, 3, 3, 5, 14, 28, 64, 106, 102, 9, 0, 0
14:46:36, 1128.80, 27.95, 25.48, 29.414, 19, 20, 23, 41, 97, 164, 301, 450, 379, 34, 0, 0, 3, 3, 3, 4, 12, 23, 55, 93, 87, 8, 0, 0
14:46:37, 1134.40, 27.97, 25.48, 29.414, 17, 17, 20, 35, 88, 153, 283, 425, 345, 30, 0, 0, 3, 2, 2, 3, 10, 21, 50, 85, 78, 7, 0, 0
14:46:38, 1140.90, 27.98, 25.48, 29.414, 13, 13, 15, 24, 64, 114, 219, 339, 256, 22, 0, 0, 2, 2, 2, 2, 8, 16, 41, 72, 65, 6, 0, 0
14:46:38, 1141.60, 27.99, 25.45, 29.414, 14, 14, 16, 26, 69, 123, 236, 368, 315, 27, 0, 0, 2, 2, 2, 3, 8, 17, 42, 73, 68, 6, 0, 0
14:46:39, 1143.50, 28.00, 25.52, 29.414, 14, 13, 16, 25, 66, 119, 230, 360, 336, 30, 0, 0, 2, 2, 2, 3, 8, 17, 43, 75, 71, 6, 0, 0
14:46:40, 1148.60, 28.00, 25.48, 29.414, 12, 12, 14, 22, 58, 105, 204, 323, 328, 30, 0, 0, 2, 2, 2, 2, 8, 16, 40, 71, 68, 6, 0, 0
14:46:40, 1158.20, 28.01, 25.48, 29.414, 11, 11, 12, 18, 48, 89, 178, 286, 324, 30, 0, 0, 2, 2, 1, 2, 6, 13, 34, 61, 58, 5, 0, 0
14:46:41, 1164.30, 28.02, 25.50, 29.414, 9, 9, 10, 14, 38, 72, 150, 244, 276, 25, 0, 0, 1, 1, 1, 1, 5, 10, 28, 52, 50, 4, 0, 0
14:46:42, 1170.60, 28.03, 25.48, 29.414, 7, 7, 9, 11, 33, 63, 132, 218, 254, 23, 0, 0, 1, 1, 1, 1, 4, 9, 25, 47, 44, 4, 0, 0
14:46:42, 1176.70, 28.05, 25.48, 29.414, 6, 6, 7, 10, 25, 49, 108, 181, 205, 19, 0, 0, 1, 1, 1, 1, 3, 7, 20, 39, 36, 3, 0, 0
14:46:43, 1179.10, 28.06, 25.50, 29.414, 5, 5, 6, 8, 23, 45, 99, 167, 186, 17, 0, 0, 1, 1, 0, 1, 3, 6, 19, 37, 34, 3, 0, 0
14:46:44, 1182.90, 28.07, 25.48, 29.414, 5, 5, 6, 7, 21, 42, 93, 158, 165, 15, 0, 0, 1, 0, 0, 1, 3, 6, 18, 36, 33, 3, 0, 0
14:46:44, 1195.80, 28.08, 25.48, 29.414, 4, 4, 5, 5, 15, 30, 70, 121, 127, 12, 0, 0, 1, 0, 0, 0, 2, 4, 13, 26, 23, 2, 0, 0
14:46:45, 1201.50, 28.09, 25.50, 29.422, 2, 3, 3, 3, 10, 22, 52, 94, 89, 8, 0, 0, 0, 0, 0, 0, 2, 3, 11, 23, 20, 1, 0, 0
14:46:46, 1203.70, 28.10, 25.50, 29.422, 2, 2, 3, 4, 9, 18, 46, 82, 75, 7, 0, 0, 0, 0, 0, 0, 1, 3, 10, 20, 17, 1, 0, 0
14:46:46, 1208.10, 28.11, 25.50, 29.414, 2, 2, 3, 2, 8, 17, 42, 77, 69, 6, 0, 0, 0, 0, 0, 0, 1, 2, 8, 18, 15, 1, 0, 0
14:46:47, 1211.70, 28.12, 25.50, 29.414, 2, 2, 2, 2, 6, 14, 36, 66, 56, 5, 0, 0, 0, 0, 0, 0, 1, 2, 7, 16, 13, 1, 0, 0
14:46:48, 1218.20, 28.13, 25.48, 29.422, 1, 1, 2, 3, 5, 12, 31, 56, 44, 4, 0, 0, 0, 0, 0, 0, 1, 1, 6, 14, 11, 0, 0, 0
14:46:48, 1228.20, 28.14, 25.50, 29.414, 1, 1, 2, 2, 4, 9, 24, 46, 36, 3, 0, 0, 0, 0, 0, 0, 0, 1, 5, 10, 8, 0, 0, 0
14:46:49, 1239.30, 28.15, 25.52, 29.414, 1, 1, 1, 2, 2, 6, 17, 33, 26, 2, 0, 0, 0, 0, 0, 0, 0, 0, 3, 8, 6, 0, 0, 0
14:46:50, 1244.40, 28.16, 25.48, 29.422, 0, 0, 1, 0, 2, 4, 14, 27, 21, 2, 0, 0, 0, 0, 0, 0, 0, 0, 2, 6, 5, 0, 0, 0
14:46:50, 1249.70, 28.17, 25.52, 29.422, 0, 0, 1, 0, 1, 4, 12, 24, 20, 2, 0, 0, 0, 0, 0, 0, 0, 0, 2, 6, 4, 0, 0, 0
14:46:51, 1259.90, 28.18, 25.52, 29.422, 0, 0, 1, 0, 1, 3, 10, 21, 16, 1, 0, 0, 0, 0, 0, 0, 0, 0, 2, 5, 4, 0, 0, 0
14:46:52, 1267.70, 28.19, 25.52, 29.414, 0, 0, 1, 1, 1, 2, 8, 16, 12, 1, 0, 0, 0, 0, 0, 0, 0, 0, 1, 4, 3, 0, 0, 0
14:46:52, 1274.20, 28.19, 25.50, 29.414, 0, 0, 1, 1, 1, 2, 7, 15, 11, 1, 0, 0, 0, 0, 0, 0, 0, 0, 1, 3, 2, 0, 0, 0
14:46:53, 1280.40, 28.20, 25.50, 29.414, 0, 0, 1, 1, 0, 2, 6, 14, 11, 1, 0, 0, 0, 0, 0, 0, 0, 0, 1, 3, 2, 0, 0, 0
14:46:54, 1287.50, 28.20, 25.50, 29.414, 0, 0, 1, 0, 0, 1, 6, 12, 9, 1, 0, 0, 0, 0, 0, 0, 0, 0, 0, 2, 1, 0, 0, 0
14:46:54, 1295.60, 28.21, 25.50, 29.430, 0, 0, 1, 1, 0, 1, 4, 8, 7, 1, 0, 0, 0, 0, 0, 0, 0, 0, 0, 2, 1, 0, 0, 0
14:46:55, 1302.70, 28.22, 25.52, 29.430, 0, 0, 0, 1, 0, 0, 3, 7, 6, 1, 0, 0, 0, 0, 0, 0, 0, 0, 0, 1, 1, 0, 0, 0
14:46:56, 1305.40, 28.22, 25.54, 29.422, 0, 0, 0, 1, 0, 0, 3, 6, 5, 1, 0, 0, 0, 0, 0, 0, 0, 0, 0, 1, 1, 0, 0, 0
14:46:56, 1307.00, 28.23, 25.56, 29.422, 0, 0, 0, 1, 0, 0, 3, 7, 5, 0, 0, 0, 0, 0, 0, 0, 0, 0, 0, 1, 0, 0, 0, 0
14:46:57, 1310.20, 28.23, 25.54, 29.422, 0, 0, 0, 0, 0, 0, 3, 6, 5, 0, 0, 0, 0, 0, 0, 0, 0, 0, 0, 1, 0, 0, 0, 0
14:46:58, 1314.10, 28.24, 25.50, 29.422, 0, 0, 0, 0, 0, 0, 2, 5, 4, 0, 0, 0, 0, 0, 0, 0, 0, 0, 0, 1, 0, 0, 0, 0
14:46:58, 1315.20, 28.25, 25.52, 29.422, 0, 0, 0, 1, 0, 0, 2, 5, 4, 0, 0, 0, 0, 0, 0, 0, 0, 0, 0, 1, 0, 0, 0, 0
14:46:59, 1319.70, 28.26, 25.54, 29.422, 0, 0, 0, 1, 0, 0, 2, 4, 3, 0, 0, 0, 0, 0, 0, 0, 0, 0, 0, 1, 0, 0, 0, 0
14:47:00, 1327.90, 28.26, 25.56, 29.422, 0, 0, 0, 0, 0, 0, 2, 3, 3, 0, 0, 0, 0, 0, 0, 0, 0, 0, 0, 0, 0, 0, 0, 0
14:47:00, 1339.10, 28.27, 25.50, 29.422, 0, 0, 0, 0, 0, 0, 1, 2, 2, 0, 0, 0, 0, 0, 0, 0, 0, 0, 0, 0, 0, 0, 0, 0
14:47:01, 1345.00, 28.28, 25.52, 29.422, 0, 0, 0, 0, 0, 0, 1, 2, 2, 0, 0, 0, 0, 0, 0, 0, 0, 0, 0, 0, 0, 0, 0, 0
14:47:02, 1349.60, 28.29, 25.57, 29.414, 0, 0, 0, 0, 0, 0, 1, 1, 1, 0, 0, 0, 0, 0, 0, 0, 0, 0, 0, 0, 0, 0, 0, 0
14:47:02, 1360.30, 28.29, 25.54, 29.422, 0, 0, 0, 0, 0, 0, 1, 2, 1, 0, 0, 0, 0, 0, 0, 0, 0, 0, 0, 0, 0, 0, 0, 0
14:47:03, 1369.40, 28.30, 25.52, 29.422, 0, 0, 0, 0, 0, 0, 1, 0, 1, 0, 0, 0, 0, 0, 0, 0, 0, 0, 0, 0, 0, 0, 0, 0
14:47:04, 1376.40, 28.31, 25.56, 29.414, 0, 0, 0, 0, 0, 0, 1, 0, 1, 0, 0, 0, 0, 0, 0, 0, 0, 0, 0, 0, 0, 0, 0, 0
14:47:04, 1380.80, 28.31, 25.54, 29.414, 0, 0, 0, 0, 0, 0, 1, 0, 1, 0, 0, 0, 0, 0, 0, 0, 0, 0, 0, 0, 0, 0, 0, 0
14:47:05, 1387.90, 28.32, 25.54, 29.422, 0, 0, 0, 0, 0, 0, 0, 0, 1, 0, 0, 0, 0, 0, 0, 0, 0, 0, 0, 0, 0, 0, 0, 0
14:47:06, 1393.40, 28.32, 25.56, 29.414, 0, 0, 0, 0, 0, 0, 0, 1, 1, 0, 0, 0, 0, 0, 0, 0, 0, 0, 0, 0, 0, 0, 0, 0
14:47:06, 1393.90, 28.32, 25.54, 29.414, 0, 0, 0, 0, 0, 0, 0, 1, 0, 0, 0, 0, 0, 0, 0, 0, 0, 0, 0, 0, 0, 0, 0, 0
14:47:07, 1395.20, 28.33, 25.56, 29.422, 0, 0, 0, 0, 0, 0, 0, 0, 0, 0, 0, 0, 0, 0, 0, 0, 0, 0, 0, 0, 0, 0, 0, 0
14:47:08, 1395.60, 28.33, 25.52, 29.422, 0, 0, 0, 0, 0, 0, 0, 0, 0, 0, 0, 0, 0, 0, 0, 0, 0, 0, 0, 0, 0, 0, 0, 0
14:47:08, 1395.10, 28.33, 25.54, 29.422, 0, 0, 0, 0, 0, 0, 0, 1, 0, 0, 0, 0, 0, 0, 0, 0, 0, 0, 0, 0, 0, 0, 0, 0
14:47:09, 1395.10, 28.33, 25.57, 29.414, 0, 0, 0, 0, 0, 0, 0, 1, 0, 0, 0, 0, 0, 0, 0, 0, 0, 0, 0, 0, 0, 0, 0, 0
14:47:01, 1395.00, 28.33, 25.56, 29.422, 0, 0, 0, 0, 0, 0, 0, 1, 1, 0, 0, 0, 0, 0, 0, 0, 0, 0, 0, 0, 0, 0, 0, 0
14:47:10, 1394.70, 28.32, 25.54, 29.422, 0, 0, 0, 0, 0, 0, 0, 1, 1, 0, 0, 0, 0, 0, 0, 0, 0, 0, 0, 0, 0, 0, 0, 0
14:47:11, 1392.80, 28.32, 25.57, 29.414, 0, 0, 0, 0, 0, 0, 0, 0, 1, 0, 0, 0, 0, 0, 0, 0, 0, 0, 0, 0, 0, 0, 0, 0
14:47:11, 1392.20, 28.31, 25.57, 29.422, 0, 0, 0, 0, 0, 0, 0, 1, 0, 0, 0, 0, 0, 0, 0, 0, 0, 0, 0, 0, 0, 0, 0, 0
14:47:12, 1392.60, 28.31, 25.56, 29.422, 0, 0, 0, 0, 0, 0, 0, 1, 0, 0, 0, 0, 0, 0, 0, 0, 0, 0, 0, 0, 0, 0, 0, 0
14:47:13, 1392.60, 28.30, 25.61, 29.414, 0, 0, 0, 0, 0, 0, 0, 1, 0, 0, 0, 0, 0, 0, 0, 0, 0, 0, 0, 0, 0, 0, 0, 0
14:47:13, 1392.20, 28.30, 25.56, 29.422, 0, 0, 0, 0, 0, 0, 0, 0, 0, 0, 0, 0, 0, 0, 0, 0, 0, 0, 0, 0, 0, 0, 0, 0
14:47:14, 1389.30, 28.30, 25.57, 29.422, 0, 0, 0, 0, 0, 0, 0, 0, 0, 0, 0, 0, 0, 0, 0, 0, 0, 0, 0, 0, 0, 0, 0, 0
14:47:15, 1385.90, 28.30, 25.57, 29.414, 0, 0, 0, 0, 0, 0, 0, 0, 1, 0, 0, 0, 0, 0, 0, 0, 0, 0, 0, 0, 0, 0, 0, 0
14:47:15, 1373.90, 28.31, 25.57, 29.422, 0, 0, 0, 0, 0, 0, 0, 0, 0, 0, 0, 0, 0, 0, 0, 0, 0, 0, 0, 0, 0, 0, 0, 0
14:47:16, 1362.50, 28.32, 25.57, 29.422, 0, 0, 0, 0, 0, 0, 0, 0, 0, 0, 0, 0, 0, 0, 0, 0, 0, 0, 0, 0, 0, 0, 0, 0
14:47:17, 1355.50, 28.37, 25.59, 29.406, 0, 0, 0, 0, 0, 0, 0, 0, 0, 0, 0, 0, 0, 0, 0, 0, 0, 0, 0, 0, 0, 0, 0, 0
14:47:17, 1344.30, 28.44, 25.57, 29.422, 0, 0, 0, 0, 0, 0, 0, 0, 0, 0, 0, 0, 0, 0, 0, 0, 0, 0, 0, 0, 0, 0, 0, 0
14:47:18, 1344.50, 28.51, 25.56, 29.422, 0, 0, 0, 0, 0, 0, 0, 0, 0, 0, 0, 0, 0, 0, 0, 0, 0, 0, 0, 0, 0, 0, 0, 0
14:47:19, 1337.70, 28.56, 25.61, 29.414, 0, 0, 0, 0, 0, 0, 0, 0, 0, 0, 0, 0, 0, 0, 0, 0, 0, 0, 0, 0, 0, 0, 0, 0
14:47:19, 1339.70, 28.59, 25.57, 29.414, 0, 0, 0, 0, 0, 0, 0, 0, 0, 0, 0, 0, 0, 0, 0, 0, 0, 0, 0, 0, 0, 0, 0, 0
14:47:20, 1336.00, 28.62, 25.59, 29.414, 0, 0, 0, 0, 0, 0, 0, 0, 0, 0, 0, 0, 0, 0, 0, 0, 0, 0, 0, 0, 0, 0, 0, 0
14:47:21, 1336.30, 28.64, 25.59, 29.414, 0, 0, 0, 0, 0, 0, 0, 0, 0, 0, 0, 0, 0, 0, 0, 0, 0, 0, 0, 0, 0, 0, 0, 0
14:47:21, 1336.70, 28.66, 25.59, 29.414, 0, 0, 0, 0, 0, 0, 0, 0, 0, 0, 0, 0, 0, 0, 0, 0, 0, 0, 0, 0, 0, 0, 0, 0
14:47:22, 1341.00, 28.67, 25.57, 29.422, 0, 0, 0, 0, 0, 0, 0, 0, 0, 0, 0, 0, 0, 0, 0, 0, 0, 0, 0, 0, 0, 0, 0, 0
14:47:23, 1341.10, 28.67, 25.57, 29.422, 0, 0, 0, 0, 0, 0, 0, 0, 0, 0, 0, 0, 0, 0, 0, 0, 0, 0, 0, 0, 0, 0, 0, 0
14:47:23, 1334.80, 28.68, 25.57, 29.422, 0, 0, 0, 0, 0, 0, 0, 0, 0, 0, 0, 0, 0, 0, 0, 0, 0, 0, 0, 0, 0, 0, 0, 0
14:47:24, 1334.10, 28.69, 25.59, 29.414, 0, 0, 0, 0, 0, 0, 0, 0, 0, 0, 0, 0, 0, 0, 0, 0, 0, 0, 0, 0, 0, 0, 0, 0
14:47:25, 1322.20, 28.71, 25.61, 29.422, 0, 0, 0, 0, 0, 0, 0, 0, 0, 0, 0, 0, 0, 0, 0, 0, 0, 0, 0, 2, 1, 0, 0, 0
14:47:25, 1312.50, 28.73, 25.56, 29.422, 0, 0, 0, 0, 0, 0, 0, 0, 0, 0, 0, 0, 0, 0, 0, 0, 0, 0, 2, 7, 5, 0, 0, 0
14:47:26, 1306.40, 28.76, 25.56, 29.414, 0, 0, 0, 0, 0, 0, 0, 0, 0, 0, 0, 0, 0, 0, 0, 0, 0, 0, 4, 10, 8, 0, 0, 0
14:47:27, 1299.70, 28.78, 25.56, 29.422, 0, 0, 0, 0, 0, 0, 0, 0, 0, 0, 0, 0, 0, 0, 0, 0, 1, 1, 6, 16, 13, 1, 0, 0
14:47:27, 1306.60, 28.81, 25.59, 29.422, 0, 0, 0, 0, 0, 0, 1, 0, 1, 0, 0, 0, 0, 0, 0, 0, 0, 0, 0, 2, 2, 0, 0, 0
14:47:28, 1310.40, 28.83, 25.59, 29.422, 0, 0, 0, 0, 0, 0, 1, 2, 1, 0, 0, 0, 0, 0, 0, 0, 0, 0, 0, 0, 0, 0, 0, 0
14:47:29, 1309.80, 28.85, 25.57, 29.422, 0, 0, 0, 0, 0, 0, 1, 1, 1, 0, 0, 0, 0, 0, 0, 0, 0, 0, 0, 0, 0, 0, 0, 0
14:47:29, 1303.70, 28.85, 25.57, 29.422, 0, 0, 0, 0, 0, 0, 1, 1, 1, 0, 0, 0, 0, 0, 0, 0, 0, 0, 0, 3, 2, 0, 0, 0
14:47:30, 1301.20, 28.85, 25.63, 29.422, 0, 0, 0, 0, 0, 0, 0, 0, 1, 0, 0, 0, 0, 0, 0, 0, 0, 0, 2, 6, 5, 0, 0, 0
14:47:31, 1293.20, 28.85, 25.61, 29.414, 0, 0, 0, 0, 0, 0, 0, 1, 1, 0, 0, 0, 0, 0, 0, 0, 1, 1, 7, 17, 14, 1, 0, 0
14:47:31, 1286.40, 28.85, 25.61, 29.414, 0, 0, 0, 0, 0, 0, 1, 1, 1, 0, 0, 0, 1, 0, 0, 1, 1, 2, 9, 23, 21, 2, 0, 0
14:47:32, 1289.30, 28.87, 25.61, 29.414, 0, 0, 0, 0, 0, 0, 1, 1, 1, 0, 0, 0, 0, 0, 0, 0, 1, 2, 9, 22, 11, 0, 0, 0
14:47:33, 1289.60, 28.89, 25.59, 29.430, 0, 0, 0, 0, 0, 0, 1, 0, 1, 0, 0, 0, 0, 0, 0, 0, 2, 4, 15, 37, 21, 1, 0, 0
14:47:33, 1290.50, 28.90, 25.64, 29.430, 0, 0, 0, 0, 0, 0, 0, 0, 0, 0, 0, 0, 2, 2, 1, 2, 5, 9, 36, 76, 62, 5, 0, 0
14:47:34, 1289.20, 28.90, 25.64, 29.414, 0, 0, 0, 0, 0, 0, 0, 0, 0, 0, 0, 0, 2, 1, 1, 1, 4, 9, 33, 72, 57, 4, 0, 0
14:47:35, 1289.40, 28.90, 25.63, 29.422, 0, 0, 0, 0, 0, 0, 0, 0, 0, 0, 0, 0, 2, 1, 1, 1, 3, 7, 27, 60, 49, 4, 0, 0
14:47:35, 1287.00, 28.90, 25.61, 29.422, 0, 0, 0, 0, 0, 0, 0, 0, 0, 0, 0, 0, 1, 1, 1, 1, 3, 7, 27, 59, 58, 5, 0, 0
14:47:36, 1283.00, 28.90, 25.63, 29.422, 0, 0, 0, 0, 0, 0, 0, 0, 1, 0, 0, 0, 2, 2, 1, 2, 4, 9, 34, 74, 69, 6, 0, 0
14:47:37, 1280.70, 28.89, 25.64, 29.422, 0, 0, 0, 0, 0, 0, 0, 1, 1, 0, 0, 0, 2, 2, 1, 2, 5, 10, 35, 77, 73, 7, 0, 0
14:47:37, 1277.70, 28.88, 25.64, 29.422, 0, 0, 0, 0, 0, 0, 0, 1, 1, 0, 0, 0, 2, 1, 1, 1, 3, 7, 26, 57, 47, 4, 0, 0
14:47:38, 1282.90, 28.89, 25.61, 29.422, 0, 0, 0, 0, 0, 0, 0, 0, 0, 0, 0, 0, 1, 1, 1, 1, 3, 7, 27, 60, 41, 3, 0, 0
14:47:39, 1280.60, 28.90, 25.64, 29.422, 0, 0, 0, 0, 0, 0, 0, 0, 0, 0, 0, 0, 1, 1, 0, 1, 2, 4, 17, 39, 23, 1, 0, 0
14:47:39, 1279.10, 28.90, 25.64, 29.414, 0, 0, 0, 0, 0, 0, 0, 0, 0, 0, 0, 0, 1, 1, 1, 1, 4, 8, 31, 69, 47, 3, 0, 0
14:47:40, 1278.00, 28.91, 25.64, 29.422, 0, 0, 0, 0, 0, 0, 0, 0, 0, 0, 0, 0, 1, 1, 1, 1, 2, 5, 19, 45, 27, 2, 0, 0
14:47:41, 1280.60, 28.91, 25.63, 29.422, 0, 0, 0, 0, 0, 0, 0, 0, 0, 0, 0, 0, 0, 0, 0, 0, 1, 3, 12, 29, 21, 1, 0, 0
14:47:41, 1280.20, 28.92, 25.61, 29.422, 0, 0, 0, 0, 0, 0, 0, 0, 0, 0, 0, 0, 2, 1, 1, 1, 4, 9, 32, 68, 59, 4, 0, 0
14:47:42, 1278.40, 28.91, 25.63, 29.430, 0, 0, 0, 0, 0, 0, 0, 0, 0, 0, 0, 0, 2, 1, 1, 2, 5, 10, 37, 79, 74, 6, 0, 0
14:47:43, 1272.90, 28.91, 25.63, 29.430, 0, 0, 0, 0, 0, 0, 0, 0, 1, 0, 0, 0, 2, 2, 2, 2, 6, 12, 42, 90, 86, 8, 0, 0
14:47:43, 1271.10, 28.91, 25.63, 29.422, 0, 0, 0, 0, 0, 0, 0, 1, 1, 0, 0, 0, 2, 2, 2, 2, 7, 14, 49, 104, 89, 7, 0, 0
14:47:44, 1272.30, 28.91, 25.64, 29.430, 0, 0, 0, 0, 0, 0, 0, 0, 0, 0, 0, 0, 2, 2, 1, 2, 5, 11, 39, 86, 55, 4, 0, 0
14:47:45, 1271.60, 28.91, 25.61, 29.430, 0, 0, 0, 0, 0, 0, 0, 0, 0, 0, 0, 0, 2, 2, 2, 2, 5, 11, 38, 83, 54, 4, 0, 0
14:47:45, 1271.30, 28.91, 25.63, 29.414, 0, 0, 0, 0, 0, 0, 0, 0, 0, 0, 0, 0, 2, 2, 1, 2, 5, 11, 41, 88, 59, 4, 0, 0
14:47:46, 1271.20, 28.91, 25.66, 29.422, 0, 0, 0, 0, 0, 0, 0, 0, 0, 0, 0, 0, 2, 2, 2, 2, 6, 13, 44, 94, 74, 6, 0, 0
14:47:47, 1270.10, 28.91, 25.64, 29.422, 0, 0, 0, 0, 0, 0, 0, 0, 0, 0, 0, 0, 2, 2, 2, 2, 6, 13, 45, 96, 76, 6, 0, 0
14:47:47, 1267.50, 28.90, 25.64, 29.414, 0, 0, 0, 0, 0, 0, 0, 0, 0, 0, 0, 0, 3, 3, 2, 3, 7, 16, 53, 114, 76, 6, 0, 0
14:47:48, 1265.50, 28.90, 25.66, 29.422, 0, 0, 0, 0, 0, 0, 0, 0, 0, 0, 0, 0, 3, 3, 3, 3, 9, 20, 67, 139, 99, 7, 0, 0
14:47:49, 1265.00, 28.89, 25.64, 29.422, 0, 0, 0, 0, 0, 0, 0, 0, 0, 0, 0, 0, 4, 4, 3, 4, 10, 22, 74, 150, 121, 9, 0, 0
14:47:49, 1265.20, 28.89, 25.64, 29.422, 0, 0, 0, 0, 0, 0, 0, 0, 0, 0, 0, 0, 4, 4, 3, 4, 10, 21, 71, 142, 132, 11, 0, 0
14:47:50, 1264.30, 28.89, 25.61, 29.422, 0, 0, 0, 0, 0, 0, 0, 0, 0, 0, 0, 0, 4, 4, 3, 4, 11, 23, 75, 150, 139, 12, 0, 0
14:47:51, 1262.40, 28.89, 25.66, 29.422, 0, 0, 0, 0, 0, 0, 0, 0, 0, 0, 0, 0, 4, 4, 4, 4, 12, 24, 80, 160, 161, 14, 0, 0
14:47:51, 1260.00, 28.89, 25.66, 29.414, 0, 0, 0, 0, 0, 0, 0, 1, 1, 0, 0, 0, 5, 5, 4, 5, 12, 26, 84, 169, 165, 15, 0, 0
14:47:52, 1258.60, 28.89, 25.66, 29.414, 0, 0, 0, 0, 0, 0, 0, 0, 0, 0, 0, 0, 5, 5, 5, 5, 14, 30, 98, 194, 188, 16, 0, 0
14:47:53, 1257.50, 28.89, 25.63, 29.414, 0, 0, 0, 0, 0, 0, 0, 1, 0, 0, 0, 0, 6, 5, 5, 5, 15, 32, 104, 205, 198, 17, 0, 0
14:47:53, 1256.90, 28.88, 25.63, 29.414, 0, 0, 0, 0, 0, 0, 0, 0, 0, 0, 0, 0, 6, 5, 5, 5, 15, 32, 103, 202, 202, 18, 0, 0
14:47:54, 1255.50, 28.88, 25.64, 29.414, 0, 0, 0, 0, 0, 0, 0, 1, 1, 0, 0, 0, 6, 5, 5, 6, 15, 32, 104, 205, 205, 18, 0, 0
14:47:55, 1254.60, 28.87, 25.66, 29.414, 0, 0, 0, 0, 0, 0, 0, 0, 1, 0, 0, 0, 6, 5, 5, 6, 15, 32, 104, 205, 201, 18, 0, 0
14:47:55, 1253.40, 28.87, 25.64, 29.414, 0, 0, 0, 0, 0, 0, 0, 1, 1, 0, 0, 0, 6, 5, 5, 6, 16, 34, 109, 216, 199, 17, 0, 0
14:47:56, 1253.70, 28.87, 25.66, 29.414, 0, 0, 0, 0, 0, 0, 0, 1, 1, 0, 0, 0, 6, 6, 6, 6, 17, 36, 115, 225, 215, 18, 0, 0
14:47:57, 1253.00, 28.88, 25.64, 29.414, 0, 0, 0, 0, 0, 0, 0, 0, 0, 0, 0, 0, 7, 7, 6, 7, 19, 39, 124, 242, 240, 21, 0, 0
14:47:57, 1251.10, 28.89, 25.68, 29.414, 0, 0, 0, 0, 0, 0, 0, 0, 1, 0, 0, 0, 7, 7, 6, 7, 19, 41, 127, 249, 237, 20, 0, 0
14:47:58, 1250.30, 28.90, 25.66, 29.414, 0, 0, 0, 0, 0, 0, 0, 1, 1, 0, 0, 0, 7, 7, 6, 7, 20, 43, 133, 259, 257, 22, 0, 0
14:47:59, 1249.90, 28.90, 25.66, 29.414, 0, 0, 0, 0, 0, 0, 0, 0, 0, 0, 0, 0, 7, 7, 7, 7, 21, 44, 137, 265, 248, 21, 0, 0
14:47:59, 1249.50, 28.90, 25.68, 29.422, 0, 0, 0, 0, 0, 0, 0, 0, 0, 0, 0, 0, 8, 7, 7, 8, 22, 46, 142, 274, 272, 24, 0, 0
14:48:00, 1248.80, 28.91, 25.68, 29.422, 0, 0, 0, 0, 0, 0, 0, 0, 0, 0, 0, 0, 8, 7, 7, 7, 21, 44, 138, 268, 270, 24, 0, 0
14:48:01, 1248.60, 28.92, 25.66, 29.414, 0, 0, 0, 0, 0, 0, 0, 0, 0, 0, 0, 0, 7, 7, 7, 7, 22, 47, 145, 278, 266, 22, 0, 0
14:48:01, 1247.80, 28.92, 25.73, 29.422, 0, 0, 0, 0, 0, 0, 0, 0, 0, 0, 0, 0, 8, 8, 8, 8, 23, 47, 146, 282, 287, 26, 0, 0
14:48:02, 1247.00, 28.92, 25.68, 29.422, 0, 0, 0, 0, 0, 0, 0, 0, 0, 0, 0, 0, 8, 8, 8, 8, 24, 51, 155, 298, 305, 27, 0, 0
14:48:03, 1246.30, 28.92, 25.71, 29.422, 0, 0, 0, 0, 0, 0, 0, 1, 1, 0, 0, 0, 8, 7, 7, 8, 21, 44, 137, 262, 269, 23, 0, 0
14:48:03, 1245.30, 28.92, 25.73, 29.422, 0, 0, 0, 0, 0, 0, 0, 1, 0, 0, 0, 0, 8, 8, 8, 9, 23, 49, 149, 287, 298, 27, 0, 0
14:48:04, 1244.00, 28.91, 25.70, 29.422, 0, 0, 0, 0, 0, 0, 0, 0, 0, 0, 0, 0, 8, 8, 7, 8, 21, 44, 136, 265, 269, 24, 0, 0
14:48:05, 1243.00, 28.91, 25.68, 29.422, 0, 0, 0, 0, 0, 0, 0, 1, 1, 0, 0, 0, 8, 7, 7, 8, 20, 42, 131, 256, 255, 22, 0, 0
14:48:05, 1241.30, 28.91, 25.68, 29.422, 0, 0, 0, 0, 0, 0, 0, 0, 1, 0, 0, 0, 8, 7, 7, 8, 22, 45, 139, 272, 275, 25, 0, 0
14:48:06, 1241.60, 28.91, 25.70, 29.422, 0, 0, 0, 0, 0, 0, 0, 0, 0, 0, 0, 0, 7, 7, 7, 7, 22, 46, 141, 277, 250, 21, 0, 0
14:48:07, 1239.70, 28.92, 25.70, 29.422, 0, 0, 0, 0, 0, 0, 0, 0, 0, 0, 0, 0, 9, 8, 8, 9, 25, 51, 154, 300, 302, 27, 0, 0
14:48:07, 1238.90, 28.92, 25.71, 29.422, 0, 0, 0, 0, 0, 0, 0, 0, 1, 0, 0, 0, 10, 10, 9, 10, 27, 56, 169, 325, 333, 31, 0, 0
14:48:08, 1236.90, 28.94, 25.70, 29.422, 0, 0, 0, 0, 0, 0, 1, 1, 1, 0, 0, 0, 10, 10, 9, 10, 29, 61, 182, 347, 363, 33, 0, 0
14:48:08, 1233.90, 28.95, 25.71, 29.422, 0, 0, 0, 0, 0, 0, 1, 1, 1, 0, 0, 0, 10, 10, 10, 11, 28, 59, 174, 338, 328, 30, 0, 0
14:48:09, 1233.60, 28.96, 25.73, 29.422, 0, 0, 0, 0, 0, 0, 0, 0, 0, 0, 0, 0, 10, 10, 10, 11, 31, 66, 194, 371, 354, 31, 0, 0
14:48:10, 1232.10, 28.96, 25.71, 29.422, 0, 0, 0, 0, 0, 0, 0, 1, 1, 0, 0, 0, 11, 10, 10, 11, 31, 64, 190, 365, 350, 31, 0, 0
14:48:10, 1232.30, 28.97, 25.71, 29.422, 0, 0, 0, 0, 0, 0, 0, 1, 1, 0, 0, 0, 12, 12, 11, 13, 36, 75, 218, 412, 397, 34, 0, 0
14:48:11, 1231.00, 28.97, 25.71, 29.422, 0, 0, 0, 0, 0, 0, 0, 0, 0, 0, 0, 0, 11, 11, 11, 12, 33, 69, 201, 384, 384, 35, 0, 0
14:48:12, 1230.30, 28.98, 25.70, 29.422, 0, 0, 0, 0, 0, 0, 1, 0, 1, 0, 0, 0, 12, 12, 12, 13, 36, 74, 216, 409, 404, 36, 0, 0
14:48:12, 1229.10, 28.98, 25.75, 29.414, 0, 0, 0, 0, 0, 0, 1, 2, 2, 0, 0, 0, 12, 12, 11, 12, 37, 76, 220, 416, 418, 38, 0, 0
14:48:13, 1227.50, 28.98, 25.71, 29.414, 0, 0, 0, 0, 0, 0, 1, 2, 2, 0, 0, 0, 13, 12, 12, 13, 37, 76, 219, 415, 411, 37, 0, 0
14:48:14, 1226.00, 28.98, 25.73, 29.414, 0, 0, 0, 0, 0, 0, 1, 2, 2, 0, 0, 0, 12, 12, 11, 13, 37, 76, 218, 415, 392, 34, 0, 0
14:48:14, 1225.60, 28.98, 25.73, 29.422, 0, 0, 0, 0, 0, 0, 0, 0, 1, 0, 0, 0, 14, 13, 13, 14, 40, 82, 235, 442, 436, 39, 0, 0
14:48:15, 1224.10, 28.98, 25.71, 29.422, 0, 0, 0, 0, 0, 0, 1, 2, 2, 0, 0, 0, 13, 13, 12, 14, 40, 82, 235, 442, 446, 41, 0, 0
14:48:16, 1223.30, 28.98, 25.73, 29.414, 0, 0, 0, 0, 0, 0, 0, 1, 0, 0, 0, 0, 15, 14, 14, 16, 43, 88, 249, 466, 479, 44, 0, 0
14:48:16, 1221.10, 28.98, 25.73, 29.422, 0, 0, 0, 0, 0, 0, 1, 1, 2, 0, 0, 0, 15, 14, 14, 16, 43, 88, 248, 464, 490, 47, 0, 0
14:48:17, 1218.70, 28.98, 25.75, 29.422, 0, 0, 0, 0, 0, 0, 1, 2, 2, 0, 0, 0, 15, 14, 14, 16, 45, 91, 257, 480, 474, 42, 0, 0
14:48:18, 1217.10, 28.98, 25.75, 29.422, 0, 0, 0, 0, 0, 0, 1, 1, 1, 0, 0, 0, 16, 15, 15, 17, 48, 99, 275, 511, 514, 47, 0, 0
14:48:18, 1214.10, 28.98, 25.71, 29.422, 0, 0, 0, 0, 0, 0, 0, 1, 1, 0, 0, 0, 15, 14, 14, 16, 45, 92, 256, 478, 454, 40, 0, 0
14:48:19, 1214.10, 28.98, 25.71, 29.422, 0, 0, 0, 0, 0, 0, 0, 0, 1, 0, 0, 0, 18, 17, 17, 19, 59, 121, 329, 601, 596, 52, 0, 0
14:48:20, 1211.90, 28.99, 25.73, 29.414, 0, 0, 0, 0, 0, 0, 0, 0, 0, 0, 0, 0, 19, 18, 18, 21, 56, 114, 312, 572, 596, 55, 0, 0
14:48:20, 1209.10, 29.01, 25.77, 29.430, 0, 0, 0, 0, 0, 0, 1, 0, 1, 0, 0, 0, 18, 17, 17, 19, 58, 117, 317, 580, 612, 58, 0, 0
14:48:21, 1208.30, 29.01, 25.73, 29.430, 0, 0, 0, 0, 0, 0, 0, 0, 0, 0, 0, 0, 21, 20, 20, 24, 71, 144, 384, 695, 693, 61, 0, 0
14:48:22, 1206.20, 29.02, 25.73, 29.422, 0, 0, 0, 0, 0, 0, 0, 0, 0, 0, 0, 0, 23, 23, 22, 26, 74, 150, 400, 719, 747, 68, 0, 0
14:48:22, 1206.00, 29.03, 25.73, 29.422, 0, 0, 0, 0, 0, 0, 1, 3, 3, 0, 0, 0, 24, 23, 23, 27, 84, 171, 448, 800, 813, 71, 0, 0
14:48:23, 1203.90, 29.04, 25.73, 29.422, 0, 0, 0, 0, 0, 0, 0, 0, 0, 0, 0, 0, 25, 24, 24, 28, 85, 171, 448, 798, 858, 79, 0, 0
14:48:24, 1203.50, 29.04, 25.71, 29.422, 0, 0, 0, 0, 0, 0, 0, 1, 0, 0, 0, 0, 27, 27, 27, 32, 96, 194, 501, 886, 907, 79, 0, 0
14:48:24, 1202.70, 29.04, 25.73, 29.422, 0, 0, 0, 0, 0, 0, 0, 0, 0, 0, 0, 0, 29, 29, 28, 34, 100, 201, 520, 914, 969, 86, 0, 0
14:48:25, 1202.70, 29.04, 25.73, 29.422, 0, 0, 0, 0, 0, 0, 0, 0, 0, 0, 0, 0, 28, 28, 28, 33, 91, 186, 481, 851, 868, 76, 0, 0
14:48:26, 1202.50, 29.04, 25.73, 29.422, 0, 0, 0, 0, 0, 0, 0, 1, 1, 0, 0, 0, 9, 9, 8, 9, 26, 56, 149, 302, 201, 17, 0, 0
14:48:26, 1201.10, 29.04, 25.77, 29.414, 0, 0, 0, 0, 0, 0, 0, 0, 0, 0, 0, 0, 28, 27, 27, 32, 96, 194, 502, 883, 942, 84, 0, 0
14:48:27, 1201.20, 29.03, 25.73, 29.414, 0, 0, 0, 0, 0, 0, 0, 0, 0, 0, 0, 0, 26, 26, 25, 30, 100, 203, 521, 911, 957, 83, 0, 0
14:48:28, 1201.30, 29.04, 25.75, 29.422, 0, 0, 0, 0, 0, 0, 1, 0, 2, 0, 0, 0, 31, 30, 31, 36, 106, 215, 551, 962, 1019, 89, 0, 0
14:48:28, 1201.10, 29.04, 25.75, 29.422, 0, 0, 0, 0, 0, 0, 0, 0, 0, 0, 0, 0, 26, 26, 26, 30, 76, 154, 403, 720, 779, 70, 0, 0
14:48:29, 1200.20, 29.05, 25.77, 29.422, 0, 0, 0, 0, 0, 0, 0, 0, 0, 0, 0, 0, 27, 27, 27, 31, 101, 204, 526, 921, 966, 85, 0, 0
14:48:30, 1200.20, 29.05, 25.73, 29.422, 0, 0, 0, 0, 0, 0, 0, 0, 0, 0, 0, 0, 29, 28, 28, 34, 81, 164, 431, 756, 780, 68, 0, 0
14:48:30, 1198.20, 29.05, 25.77, 29.422, 0, 0, 0, 0, 0, 0, 1, 0, 1, 0, 0, 0, 29, 28, 28, 34, 106, 214, 546, 942, 1043, 92, 0, 0
14:48:31, 1196.90, 29.06, 25.79, 29.422, 0, 0, 0, 0, 0, 0, 0, 0, 0, 0, 0, 0, 37, 36, 36, 44, 128, 256, 645, 1108, 1238, 112, 0, 0
14:48:32, 1194.70, 29.06, 25.80, 29.422, 0, 0, 0, 0, 0, 0, 1, 0, 1, 0, 0, 0, 35, 34, 34, 41, 106, 210, 531, 932, 1087, 110, 0, 0
14:48:32, 1194.20, 29.06, 25.79, 29.422, 0, 0, 0, 0, 0, 0, 2, 4, 4, 1, 0, 0, 36, 35, 35, 43, 106, 213, 539, 953, 938, 82, 0, 0
14:48:33, 1192.60, 29.07, 25.79, 29.414, 0, 0, 0, 0, 0, 0, 0, 0, 0, 0, 0, 0, 24, 24, 24, 29, 84, 173, 435, 789, 672, 56, 0, 0
14:48:34, 1192.10, 29.08, 25.75, 29.414, 0, 0, 0, 0, 0, 0, 0, 0, 0, 0, 0, 0, 31, 31, 31, 38, 119, 244, 595, 1052, 870, 72, 0, 0
14:48:34, 1191.50, 29.08, 25.77, 29.414, 0, 0, 0, 0, 0, 0, 0, 0, 0, 0, 0, 0, 39, 38, 39, 48, 143, 292, 707, 1232, 1115, 93, 0, 0
14:48:35, 1190.60, 29.08, 25.79, 29.414, 0, 0, 0, 0, 0, 0, 1, 1, 2, 0, 0, 0, 43, 42, 43, 53, 158, 315, 769, 1315, 1377, 119, 0, 0
14:48:36, 1190.10, 29.08, 25.80, 29.422, 0, 0, 0, 0, 0, 0, 0, 0, 0, 0, 0, 0, 38, 38, 38, 47, 145, 297, 712, 1241, 1058, 87, 0, 0
14:48:36, 1194.90, 29.08, 25.79, 29.422, 0, 0, 0, 0, 0, 0, 0, 0, 0, 0, 0, 0, 44, 43, 44, 54, 154, 312, 762, 1295, 1338, 112, 0, 0
14:48:37, 1198.00, 29.09, 25.80, 29.414, 0, 0, 0, 0, 0, 0, 0, 0, 0, 0, 0, 0, 37, 36, 36, 44, 129, 257, 648, 1114, 1248, 113, 0, 0
14:48:38, 1197.10, 29.10, 25.80, 29.422, 0, 0, 0, 0, 0, 0, 0, 0, 1, 0, 0, 0, 26, 25, 26, 30, 61, 126, 333, 614, 591, 54, 0, 0
14:48:38, 1196.00, 29.10, 25.79, 29.422, 0, 0, 0, 0, 0, 0, 0, 0, 0, 0, 0, 0, 19, 19, 19, 22, 66, 134, 352, 634, 702, 66, 0, 0
14:48:39, 1193.80, 29.11, 25.80, 29.414, 0, 0, 1, 0, 0, 1, 5, 10, 9, 1, 0, 0, 16, 16, 16, 18, 79, 156, 406, 744, 835, 87, 0, 0
14:48:40, 1196.30, 29.11, 25.79, 29.422, 0, 0, 0, 0, 0, 0, 1, 1, 1, 0, 0, 0, 20, 20, 20, 23, 66, 133, 351, 647, 600, 52, 0, 0
14:48:40, 1197.10, 29.12, 25.79, 29.422, 0, 0, 0, 0, 0, 0, 0, 0, 0, 0, 0, 0, 16, 16, 15, 18, 59, 124, 320, 597, 459, 38, 0, 0
14:48:41, 1195.90, 29.12, 25.77, 29.414, 0, 0, 0, 0, 0, 0, 0, 0, 0, 0, 0, 0, 21, 21, 21, 24, 64, 134, 342, 638, 442, 37, 0, 0
14:48:42, 1194.30, 29.12, 25.80, 29.422, 0, 0, 0, 0, 0, 0, 0, 0, 0, 0, 0, 0, 30, 30, 29, 36, 101, 209, 518, 910, 737, 61, 0, 0
14:48:42, 1190.60, 29.12, 25.79, 29.422, 0, 0, 0, 0, 0, 0, 0, 0, 0, 0, 0, 0, 18, 17, 17, 21, 41, 84, 228, 427, 375, 32, 0, 0
14:48:43, 1188.70, 29.11, 25.82, 29.414, 0, 0, 0, 0, 0, 0, 0, 0, 0, 0, 0, 0, 11, 10, 10, 12, 29, 61, 165, 330, 247, 21, 0, 0
14:48:44, 1187.40, 29.11, 25.80, 29.414, 0, 0, 0, 0, 0, 0, 0, 0, 0, 0, 0, 0, 29, 28, 28, 35, 79, 161, 406, 731, 628, 52, 0, 0
14:48:44, 1187.80, 29.11, 25.80, 29.422, 0, 0, 0, 0, 0, 0, 0, 0, 0, 0, 0, 0, 28, 27, 27, 33, 129, 261, 631, 1112, 1004, 83, 0, 0
14:48:45, 1187.40, 29.10, 25.84, 29.414, 0, 0, 0, 0, 0, 0, 0, 0, 0, 0, 0, 0, 37, 37, 37, 46, 146, 299, 709, 1240, 1005, 82, 0, 0
14:48:46, 1186.60, 29.11, 25.82, 29.414, 0, 0, 0, 0, 0, 0, 0, 0, 0, 0, 0, 0, 42, 41, 41, 52, 145, 297, 708, 1236, 990, 82, 0, 0
14:48:46, 1188.00, 29.11, 25.80, 29.414, 0, 0, 0, 0, 0, 0, 0, 0, 0, 0, 0, 0, 44, 44, 44, 55, 156, 314, 760, 1287, 1259, 109, 0, 0
14:48:47, 1182.40, 29.12, 25.84, 29.422, 0, 0, 0, 0, 0, 0, 1, 3, 3, 0, 0, 0, 40, 40, 40, 50, 158, 307, 745, 1279, 1511, 152, 0, 0
14:48:48, 1183.80, 29.13, 25.82, 29.422, 0, 0, 0, 1, 0, 0, 2, 3, 4, 0, 0, 0, 34, 34, 33, 42, 148, 301, 709, 1241, 913, 76, 0, 0
14:48:48, 1185.00, 29.14, 25.84, 29.422, 0, 0, 0, 0, 0, 0, 0, 0, 0, 0, 0, 0, 45, 45, 45, 57, 178, 351, 846, 1397, 1567, 139, 0, 0
14:48:49, 1178.00, 29.15, 25.86, 29.430, 0, 0, 0, 1, 0, 1, 4, 7, 9, 1, 0, 0, 45, 43, 44, 56, 143, 279, 673, 1164, 1133, 101, 0, 0
14:48:50, 1181.20, 29.15, 25.87, 29.430, 0, 0, 0, 0, 0, 0, 1, 1, 1, 0, 0, 0, 46, 46, 47, 59, 179, 361, 843, 1445, 1204, 102, 0, 0
14:48:50, 1180.20, 29.15, 25.82, 29.414, 0, 0, 0, 0, 0, 0, 0, 1, 1, 0, 0, 0, 49, 49, 50, 63, 168, 329, 789, 1316, 1523, 139, 0, 0
14:48:51, 1176.70, 29.16, 25.84, 29.422, 0, 0, 0, 0, 0, 0, 2, 5, 6, 1, 0, 0, 52, 51, 52, 66, 193, 370, 876, 1474, 1796, 182, 0, 0
14:48:52, 1172.90, 29.16, 25.84, 29.422, 0, 0, 1, 1, 0, 1, 3, 7, 7, 1, 0, 0, 45, 42, 43, 55, 153, 298, 705, 1203, 1127, 99, 0, 0
14:48:52, 1177.00, 29.15, 25.84, 29.422, 0, 0, 0, 0, 0, 0, 0, 0, 0, 0, 0, 0, 54, 53, 54, 70, 171, 343, 800, 1364, 1201, 104, 0, 0
14:48:53, 1176.10, 29.16, 25.84, 29.414, 0, 0, 0, 0, 0, 0, 0, 0, 0, 0, 0, 0, 57, 56, 57, 75, 210, 409, 961, 1574, 1821, 164, 0, 0
14:48:54, 1172.30, 29.16, 25.82, 29.414, 0, 0, 0, 0, 0, 0, 1, 1, 2, 0, 0, 0, 59, 58, 60, 78, 218, 416, 969, 1616, 1962, 188, 0, 0
14:48:54, 1168.70, 29.16, 25.82, 29.414, 0, 0, 0, 0, 0, 0, 0, 0, 0, 0, 0, 0, 15, 15, 15, 18, 36, 73, 191, 380, 316, 29, 0, 0
14:48:55, 1168.50, 29.16, 25.84, 29.422, 0, 0, 0, 0, 0, 0, 0, 0, 0, 0, 0, 0, 15, 15, 14, 17, 65, 126, 317, 601, 499, 46, 0, 0
14:48:56, 1169.00, 29.15, 25.80, 29.422, 0, 0, 0, 0, 0, 0, 0, 0, 0, 0, 0, 0, 62, 60, 62, 82, 277, 527, 1203, 1982, 2219, 196, 0, 0
14:48:56, 1169.40, 29.14, 25.84, 29.422, 0, 0, 0, 0, 0, 0, 2, 4, 5, 1, 0, 0, 81, 80, 83, 113, 332, 632, 1418, 2312, 2680, 239, 0, 0
14:48:57, 1170.00, 29.14, 25.84, 29.422, 0, 0, 0, 1, 0, 0, 2, 5, 7, 1, 0, 0, 84, 83, 86, 116, 354, 670, 1506, 2422, 2937, 268, 0, 0
14:48:58, 1171.40, 29.14, 25.87, 29.422, 0, 0, 0, 0, 0, 0, 1, 1, 1, 0, 0, 0, 85, 84, 87, 118, 344, 657, 1482, 2372, 2754, 243, 0, 0
14:48:58, 1170.20, 29.14, 25.87, 29.414, 0, 0, 0, 0, 0, 0, 0, 0, 0, 0, 0, 0, 86, 85, 88, 120, 351, 668, 1504, 2397, 2887, 258, 0, 0
14:48:59, 1168.10, 29.14, 25.86, 29.422, 0, 0, 1, 0, 0, 1, 3, 7, 8, 1, 0, 0, 90, 88, 92, 126, 366, 695, 1548, 2514, 2823, 248, 0, 0
14:49:00, 1172.20, 29.15, 25.86, 29.422, 0, 0, 0, 1, 0, 0, 2, 4, 5, 1, 0, 0, 87, 85, 89, 121, 349, 672, 1514, 2436, 2698, 229, 0, 0
14:49:00, 1172.10, 29.15, 25.87, 29.414, 0, 0, 0, 0, 0, 0, 1, 2, 2, 0, 0, 0, 81, 79, 82, 111, 317, 608, 1379, 2231, 2644, 236, 0, 0
14:49:01, 1172.10, 29.15, 25.84, 29.414, 0, 0, 0, 0, 0, 0, 1, 1, 3, 0, 0, 0, 75, 74, 76, 102, 286, 550, 1258, 2073, 2359, 211, 0, 0
14:49:02, 1171.50, 29.15, 25.89, 29.414, 0, 0, 0, 0, 0, 0, 2, 4, 5, 1, 0, 0, 77, 75, 78, 104, 300, 577, 1316, 2157, 2458, 220, 0, 0
14:49:02, 1171.80, 29.15, 25.87, 29.414, 0, 0, 0, 1, 0, 0, 2, 3, 5, 1, 0, 0, 81, 80, 83, 111, 337, 650, 1464, 2383, 2609, 223, 0, 0
14:49:03, 1171.30, 29.15, 25.86, 29.414, 0, 0, 0, 0, 0, 0, 0, 1, 1, 0, 0, 0, 78, 78, 80, 107, 339, 647, 1462, 2358, 2819, 256, 0, 0
14:49:04, 1170.70, 29.15, 25.87, 29.414, 0, 0, 0, 0, 0, 0, 0, 0, 0, 0, 0, 0, 82, 81, 84, 112, 329, 625, 1413, 2289, 2791, 261, 0, 0
14:49:04, 1172.00, 29.16, 25.91, 29.422, 0, 0, 0, 0, 0, 0, 1, 1, 1, 0, 0, 0, 81, 80, 83, 111, 347, 664, 1495, 2409, 2773, 242, 0, 0
14:49:05, 1170.40, 29.16, 25.89, 29.422, 0, 0, 0, 0, 0, 0, 1, 1, 1, 0, 0, 0, 76, 75, 77, 103, 301, 574, 1309, 2146, 2523, 231, 0, 0
14:49:06, 1170.00, 29.16, 25.87, 29.414, 0, 0, 0, 0, 0, 0, 0, 0, 0, 0, 0, 0, 71, 69, 71, 95, 280, 538, 1222, 2019, 2242, 198, 0, 0
14:49:06, 1165.90, 29.16, 25.91, 29.430, 0, 0, 0, 0, 0, 0, 2, 5, 7, 1, 0, 0, 65, 62, 64, 84, 214, 405, 932, 1570, 1824, 185, 0, 0
14:49:07, 1169.50, 29.16, 25.87, 29.430, 0, 0, 0, 1, 0, 0, 2, 4, 4, 0, 0, 0, 52, 51, 52, 68, 228, 446, 1024, 1733, 1651, 140, 0, 0
14:49:08, 1170.30, 29.17, 25.89, 29.422, 0, 0, 0, 0, 0, 0, 0, 0, 0, 0, 0, 0, 47, 47, 48, 63, 47, 93, 240, 458, 363, 33, 0, 0
14:49:08, 1168.40, 29.18, 25.87, 29.422, 0, 0, 0, 0, 0, 0, 0, 0, 0, 0, 0, 0, 24, 23, 23, 29, 46, 92, 232, 426, 396, 33, 0, 0
14:49:09, 1169.40, 29.18, 25.89, 29.422, 0, 0, 0, 0, 0, 0, 0, 0, 0, 0, 0, 0, 49, 49, 50, 67, 248, 491, 1096, 1823, 1761, 147, 0, 0
14:49:09, 1170.00, 29.18, 25.91, 29.414, 0, 0, 0, 0, 0, 0, 0, 0, 0, 0, 0, 0, 80, 80, 82, 113, 339, 655, 1461, 2356, 2493, 213, 0, 0
14:49:10, 1169.00, 29.18, 25.93, 29.422, 0, 0, 0, 0, 0, 0, 0, 0, 0, 0, 0, 0, 80, 80, 82, 113, 343, 660, 1472, 2370, 2575, 221, 0, 0
14:49:11, 1169.20, 29.18, 25.89, 29.422, 0, 0, 0, 0, 0, 0, 0, 0, 0, 0, 0, 0, 86, 85, 89, 121, 347, 666, 1490, 2392, 2641, 227, 0, 0
14:49:11, 1170.00, 29.17, 25.87, 29.422, 0, 0, 0, 0, 0, 0, 0, 0, 0, 0, 0, 0, 80, 79, 82, 111, 335, 644, 1446, 2323, 2580, 224, 0, 0
14:49:12, 1169.60, 29.16, 25.91, 29.422, 0, 0, 0, 0, 0, 0, 0, 0, 0, 0, 0, 0, 87, 86, 90, 123, 357, 690, 1535, 2474, 2616, 222, 0, 0
14:49:13, 1169.20, 29.16, 25.93, 29.422, 0, 0, 0, 0, 0, 0, 0, 0, 0, 0, 0, 0, 83, 82, 85, 117, 362, 696, 1546, 2478, 2697, 226, 0, 0
14:49:13, 1168.70, 29.16, 25.94, 29.422, 0, 0, 0, 0, 0, 0, 0, 0, 0, 0, 0, 0, 75, 74, 76, 104, 332, 643, 1430, 2320, 2425, 208, 0, 0
14:49:14, 1168.10, 29.16, 25.93, 29.422, 0, 0, 0, 0, 0, 0, 0, 0, 0, 0, 0, 0, 60, 60, 61, 81, 286, 549, 1251, 2010, 2337, 212, 0, 0
14:49:15, 1164.40, 29.16, 25.93, 29.422, 0, 0, 0, 0, 0, 0, 0, 0, 0, 0, 0, 0, 75, 73, 76, 104, 293, 560, 1251, 2068, 2119, 182, 0, 0
14:49:15, 1163.20, 29.16, 25.93, 29.414, 0, 0, 0, 0, 0, 0, 0, 0, 1, 0, 0, 0, 79, 76, 79, 107, 342, 641, 1428, 2328, 2637, 242, 0, 0
14:49:16, 1166.00, 29.17, 25.93, 29.422, 0, 0, 0, 0, 0, 0, 0, 0, 0, 0, 0, 0, 51, 51, 51, 67, 200, 398, 894, 1571, 1177, 101, 0, 0
14:49:17, 1166.10, 29.18, 25.94, 29.422, 0, 0, 0, 0, 0, 0, 0, 0, 0, 0, 0, 0, 56, 56, 57, 76, 327, 634, 1399, 2286, 2304, 192, 0, 0
14:49:17, 1165.30, 29.19, 25.93, 29.422, 0, 0, 0, 0, 0, 0, 0, 0, 0, 0, 0, 0, 46, 46, 47, 63, 87, 171, 412, 752, 601, 52, 0, 0
14:49:18, 1164.10, 29.19, 25.93, 29.422, 0, 0, 0, 0, 0, 0, 0, 0, 0, 0, 0, 0, 63, 63, 64, 87, 317, 612, 1357, 2209, 2336, 203, 0, 0
14:49:19, 1163.40, 29.19, 25.93, 29.422, 0, 0, 0, 0, 0, 0, 0, 0, 0, 0, 0, 0, 95, 94, 98, 139, 426, 810, 1758, 2784, 3042, 258, 0, 0
14:49:19, 1163.40, 29.18, 25.93, 29.414, 0, 0, 0, 0, 0, 0, 0, 0, 0, 0, 0, 0, 107, 106, 111, 159, 464, 879, 1898, 2992, 3404, 291, 0, 0
14:49:20, 1163.30, 29.18, 25.94, 29.414, 0, 0, 0, 0, 0, 0, 0, 0, 0, 0, 0, 0, 104, 102, 107, 152, 446, 856, 1837, 2936, 3045, 257, 0, 0
14:49:21, 1163.00, 29.17, 25.91, 29.422, 0, 0, 0, 0, 0, 0, 0, 0, 0, 0, 0, 0, 106, 105, 111, 157, 446, 857, 1839, 2949, 2933, 246, 0, 0
14:49:21, 1164.00, 29.17, 25.98, 29.422, 0, 0, 0, 0, 0, 0, 0, 0, 0, 0, 0, 0, 110, 108, 114, 162, 480, 910, 1967, 3115, 3480, 296, 0, 0
14:49:22, 1163.40, 29.17, 25.93, 29.422, 0, 0, 0, 0, 0, 0, 0, 0, 0, 0, 0, 0, 106, 105, 110, 156, 474, 907, 1938, 3101, 3141, 262, 0, 0
14:49:23, 1161.30, 29.17, 25.94, 29.414, 0, 0, 0, 0, 0, 0, 0, 0, 0, 0, 0, 0, 101, 101, 105, 149, 448, 867, 1826, 2969, 2604, 218, 0, 0
14:49:23, 1163.30, 29.17, 25.96, 29.414, 0, 0, 0, 0, 0, 0, 0, 0, 0, 0, 0, 0, 101, 100, 104, 148, 428, 814, 1776, 2804, 3030, 260, 0, 0
14:49:24, 1160.60, 29.18, 25.96, 29.414, 0, 0, 0, 0, 0, 0, 0, 0, 0, 0, 0, 0, 95, 94, 98, 137, 413, 768, 1671, 2646, 3445, 339, 0, 0
14:49:25, 1157.70, 29.18, 25.93, 29.414, 0, 0, 0, 0, 0, 0, 1, 0, 1, 0, 0, 0, 98, 95, 100, 141, 353, 665, 1452, 2361, 2339, 203, 0, 0
14:49:25, 1161.70, 29.19, 25.96, 29.422, 0, 0, 0, 0, 0, 0, 0, 0, 0, 0, 0, 0, 59, 61, 62, 86, 134, 266, 593, 1055, 662, 61, 0, 0
14:49:26, 1160.30, 29.20, 25.96, 29.422, 0, 0, 0, 0, 0, 0, 0, 0, 0, 0, 0, 0, 62, 63, 64, 86, 309, 579, 1296, 2083, 2609, 242, 0, 0
14:49:27, 1156.60, 29.20, 25.93, 29.414, 0, 0, 0, 0, 0, 0, 1, 3, 3, 0, 0, 0, 50, 48, 49, 64, 172, 325, 757, 1292, 1384, 127, 0, 0
14:49:27, 1163.70, 29.21, 25.94, 29.422, 0, 0, 0, 0, 0, 0, 0, 0, 0, 0, 0, 0, 65, 65, 67, 90, 121, 237, 563, 995, 953, 85, 0, 0
14:49:28, 1161.20, 29.22, 25.94, 29.422, 0, 0, 0, 0, 0, 0, 0, 0, 0, 0, 0, 0, 6, 5, 5, 6, 38, 74, 192, 366, 397, 38, 0, 0
14:49:29, 1157.40, 29.23, 25.93, 29.414, 0, 0, 0, 0, 0, 0, 0, 0, 1, 0, 0, 0, 10, 10, 10, 12, 60, 117, 289, 536, 506, 44, 0, 0
14:49:29, 1162.10, 29.23, 25.96, 29.422, 0, 0, 0, 0, 0, 0, 0, 0, 0, 0, 0, 0, 29, 28, 28, 36, 178, 344, 794, 1332, 1395, 120, 0, 0
14:49:30, 1160.10, 29.23, 25.94, 29.422, 0, 0, 0, 0, 0, 0, 0, 0, 0, 0, 0, 0, 1, 1, 1, 1, 4, 8, 23, 55, 49, 5, 0, 0
14:49:31, 1158.40, 29.23, 25.98, 29.414, 0, 0, 0, 0, 0, 0, 0, 0, 0, 0, 0, 0, 5, 5, 5, 6, 55, 108, 268, 502, 491, 48, 0, 0
14:49:31, 1153.40, 29.23, 25.98, 29.414, 0, 0, 1, 1, 0, 0, 2, 4, 5, 1, 0, 0, 64, 63, 65, 86, 323, 593, 1308, 2143, 2662, 263, 0, 0
14:49:32, 1158.60, 29.23, 25.98, 29.414, 0, 0, 0, 1, 0, 0, 1, 1, 2, 0, 0, 0, 71, 72, 74, 103, 283, 545, 1202, 1990, 1860, 159, 0, 0
14:49:33, 1157.20, 29.23, 25.96, 29.414, 0, 0, 0, 0, 0, 0, 0, 0, 0, 0, 0, 0, 41, 40, 42, 55, 98, 190, 461, 820, 913, 88, 0, 0
14:49:33, 1155.70, 29.23, 25.98, 29.414, 0, 0, 0, 0, 0, 0, 1, 1, 1, 0, 0, 0, 83, 82, 86, 118, 336, 620, 1379, 2244, 2739, 256, 0, 0
14:49:34, 1155.70, 29.23, 25.93, 29.422, 0, 0, 0, 1, 0, 1, 3, 7, 9, 1, 0, 0, 61, 61, 62, 83, 403, 745, 1622, 2570, 3241, 286, 0, 0
14:49:35, 1153.80, 29.23, 25.98, 29.414, 0, 0, 0, 0, 1, 2, 6, 11, 15, 2, 0, 0, 92, 89, 95, 133, 408, 748, 1630, 2617, 3255, 307, 0, 0
14:49:35, 1152.10, 29.23, 25.96, 29.414, 0, 0, 0, 1, 0, 1, 3, 5, 9, 1, 0, 0, 119, 116, 124, 178, 562, 1022, 2173, 3397, 4299, 399, 0, 0
14:49:36, 1152.90, 29.23, 26.00, 29.422, 0, 0, 1, 0, 0, 1, 2, 5, 6, 1, 0, 0, 125, 123, 131, 190, 539, 991, 2107, 3319, 4058, 368, 0, 0
14:49:37, 1151.50, 29.23, 26.00, 29.414, 0, 0, 1, 0, 0, 2, 5, 10, 13, 2, 0, 0, 128, 126, 134, 195, 582, 1066, 2249, 3533, 4284, 386, 0, 0
14:49:37, 1149.50, 29.23, 25.98, 29.414, 0, 0, 1, 1, 0, 1, 3, 6, 10, 1, 0, 0, 130, 126, 135, 197, 560, 1011, 2136, 3373, 4171, 395, 0, 0
14:49:38, 1147.00, 29.24, 26.00, 29.414, 0, 0, 0, 0, 0, 0, 2, 4, 6, 1, 0, 0, 131, 126, 135, 199, 551, 988, 2083, 3295, 4087, 397, 0, 0
14:49:39, 1142.70, 29.24, 25.98, 29.414, 0, 0, 1, 0, 0, 1, 3, 5, 9, 1, 0, 0, 98, 94, 99, 145, 423, 768, 1628, 2595, 2721, 246, 0, 0
14:49:39, 1145.70, 29.24, 26.00, 29.414, 0, 0, 0, 0, 0, 0, 1, 1, 1, 0, 0, 0, 127, 125, 133, 199, 658, 1220, 2454, 3863, 3624, 314, 0, 0
14:49:40, 1142.00, 29.24, 26.00, 29.414, 0, 0, 0, 1, 0, 0, 2, 3, 5, 1, 0, 0, 153, 150, 163, 244, 678, 1213, 2491, 3896, 4644, 423, 0, 0
14:49:41, 1143.20, 29.25, 25.98, 29.422, 0, 0, 0, 1, 0, 0, 1, 3, 4, 0, 0, 0, 136, 134, 144, 215, 594, 1075, 2225, 3514, 4107, 370, 0, 0
14:49:41, 1143.20, 29.25, 26.05, 29.422, 0, 0, 0, 1, 0, 1, 3, 7, 9, 1, 0, 0, 149, 146, 159, 238, 653, 1173, 2430, 3800, 4637, 420, 0, 0
14:49:42, 1142.40, 29.25, 26.03, 29.406, 0, 0, 0, 1, 0, 1, 4, 8, 10, 1, 0, 0, 146, 143, 155, 232, 614, 1103, 2290, 3600, 4458, 412, 0, 0
14:49:43, 1142.40, 29.25, 26.02, 29.422, 0, 0, 1, 1, 1, 2, 6, 11, 15, 2, 0, 0, 162, 159, 174, 262, 757, 1347, 2755, 4256, 5406, 497, 0, 0
14:49:43, 1141.60, 29.25, 26.00, 29.422, 0, 0, 0, 0, 0, 1, 4, 7, 11, 1, 0, 0, 169, 166, 182, 277, 804, 1420, 2887, 4417, 5887, 559, 0, 0
14:49:44, 1141.50, 29.26, 26.00, 29.414, 0, 0, 0, 0, 0, 1, 3, 4, 7, 1, 0, 0, 178, 176, 193, 294, 819, 1444, 2933, 4478, 6063, 588, 0, 0
14:49:45, 1142.00, 29.26, 26.03, 29.422, 0, 0, 1, 0, 0, 1, 3, 6, 9, 1, 0, 0, 204, 200, 222, 346, 987, 1753, 3496, 5288, 6622, 582, 0, 0
14:49:45, 1141.10, 29.26, 26.02, 29.422, 0, 0, 1, 1, 1, 3, 7, 13, 19, 2, 0, 0, 212, 207, 231, 361, 1018, 1790, 3573, 5384, 7002, 633, 0, 0
14:49:46, 1138.90, 29.26, 26.05, 29.414, 0, 0, 0, 0, 0, 2, 5, 9, 13, 2, 0, 0, 203, 197, 218, 342, 820, 1427, 2879, 4430, 5733, 567, 0, 0
14:49:47, 1139.80, 29.26, 26.02, 29.430, 0, 0, 1, 0, 1, 2, 6, 11, 17, 2, 0, 0, 196, 189, 209, 327, 1012, 1762, 3513, 5310, 6958, 653, 0, 0
14:49:47, 1140.10, 29.27, 26.02, 29.430, 0, 0, 1, 1, 1, 2, 5, 10, 15, 2, 0, 0, 214, 209, 232, 365, 1039, 1817, 3621, 5452, 7187, 666, 0, 0
14:49:48, 1142.10, 29.27, 26.02, 29.422, 0, 0, 1, 1, 1, 2, 6, 9, 15, 2, 0, 0, 197, 194, 214, 334, 921, 1643, 3306, 4991, 6312, 563, 0, 0
14:49:49, 1142.20, 29.27, 26.05, 29.422, 0, 0, 1, 1, 0, 1, 5, 9, 12, 1, 0, 0, 183, 181, 198, 305, 833, 1491, 3031, 4604, 5769, 519, 0, 0
14:49:49, 1141.80, 29.27, 26.07, 29.422, 0, 0, 1, 1, 2, 4, 10, 18, 23, 3, 0, 0, 162, 161, 175, 265, 809, 1434, 2918, 4439, 5957, 571, 0, 0
14:49:50, 1140.70, 29.28, 26.03, 29.414, 0, 0, 1, 1, 1, 3, 9, 16, 21, 2, 0, 0, 187, 184, 202, 310, 942, 1656, 3334, 5070, 6624, 614, 0, 0
14:49:51, 1143.50, 29.28, 26.02, 29.414, 0, 0, 1, 1, 2, 5, 12, 21, 27, 3, 0, 0, 195, 191, 211, 326, 920, 1639, 3307, 5018, 6369, 567, 0, 0
14:49:51, 1142.30, 29.28, 26.09, 29.414, 0, 0, 0, 0, 1, 2, 5, 10, 14, 2, 0, 0, 181, 179, 196, 300, 717, 1280, 2629, 4007, 5385, 522, 0, 0
14:49:52, 1142.80, 29.29, 26.05, 29.422, 0, 0, 0, 1, 0, 0, 2, 4, 5, 1, 0, 0, 184, 181, 199, 303, 843, 1498, 3047, 4654, 6063, 562, 0, 0
14:49:53, 1141.00, 29.28, 26.05, 29.422, 0, 0, 1, 1, 0, 1, 5, 8, 13, 2, 0, 0, 182, 180, 197, 302, 769, 1362, 2777, 4255, 5785, 572, 0, 0
14:49:53, 1142.00, 29.28, 26.09, 29.422, 0, 0, 0, 0, 0, 0, 1, 2, 2, 0, 0, 0, 183, 181, 198, 302, 882, 1566, 3179, 4859, 6160, 556, 0, 0
14:49:54, 1142.50, 29.28, 26.07, 29.422, 0, 0, 1, 1, 1, 2, 7, 13, 17, 2, 0, 0, 172, 170, 185, 280, 810, 1444, 2947, 4511, 5863, 538, 0, 0
14:49:55, 1143.10, 29.29, 26.05, 29.422, 0, 0, 1, 0, 0, 1, 4, 6, 9, 1, 0, 0, 166, 164, 178, 269, 757, 1358, 2791, 4311, 5389, 483, 0, 0
14:49:55, 1142.60, 29.29, 26.05, 29.414, 0, 0, 1, 1, 1, 2, 6, 11, 15, 2, 0, 0, 162, 159, 173, 260, 734, 1304, 2692, 4148, 5480, 520, 0, 0
14:49:56, 1141.10, 29.29, 26.07, 29.422, 0, 0, 0, 0, 1, 2, 6, 10, 15, 2, 0, 0, 166, 164, 179, 270, 743, 1318, 2703, 4155, 5584, 538, 0, 0
14:49:57, 1145.00, 29.29, 26.09, 29.422, 0, 0, 1, 0, 1, 3, 7, 15, 18, 2, 0, 0, 153, 151, 164, 244, 686, 1237, 2571, 3973, 5026, 460, 0, 0
14:49:57, 1143.70, 29.29, 26.09, 29.422, 0, 0, 0, 1, 0, 0, 2, 3, 5, 1, 0, 0, 154, 153, 166, 248, 728, 1304, 2687, 4127, 5422, 510, 0, 0
14:49:58, 1144.20, 29.30, 26.05, 29.422, 0, 0, 0, 0, 0, 0, 1, 2, 3, 0, 0, 0, 165, 163, 177, 266, 759, 1366, 2806, 4347, 5322, 476, 0, 0
14:49:59, 1143.40, 29.29, 26.07, 29.422, 0, 0, 1, 1, 1, 2, 7, 11, 17, 2, 0, 0, 173, 170, 186, 282, 826, 1481, 3016, 4609, 5790, 514, 0, 0
14:49:59, 1142.10, 29.29, 26.05, 29.422, 0, 0, 0, 0, 0, 1, 4, 7, 11, 1, 0, 0, 177, 175, 192, 293, 772, 1367, 2788, 4264, 5815, 572, 0, 0
14:50:00, 1140.70, 29.29, 26.09, 29.422, 0, 0, 0, 1, 0, 0, 1, 2, 3, 0, 0, 0, 184, 181, 199, 304, 835, 1473, 2994, 4588, 6109, 582, 0, 0
14:50:01, 1139.40, 29.29, 26.07, 29.422, 0, 0, 1, 1, 1, 2, 6, 11, 15, 2, 0, 0, 160, 156, 170, 259, 628, 1125, 2304, 3633, 3968, 354, 0, 0
14:50:01, 1143.70, 29.29, 26.07, 29.414, 0, 0, 1, 1, 0, 0, 2, 2, 4, 0, 0, 0, 152, 153, 164, 250, 659, 1224, 2466, 3906, 3691, 318, 0, 0
14:50:02, 1142.60, 29.30, 26.09, 29.422, 0, 0, 0, 0, 0, 1, 3, 5, 6, 1, 0, 0, 150, 147, 160, 241, 702, 1247, 2574, 3972, 5341, 522, 0, 0
14:50:03, 1141.10, 29.30, 26.09, 29.422, 0, 0, 0, 1, 0, 1, 3, 5, 9, 1, 0, 0, 149, 146, 158, 240, 689, 1245, 2515, 3948, 4261, 366, 0, 0
14:50:03, 1142.90, 29.30, 26.09, 29.414, 0, 0, 0, 0, 0, 0, 0, 0, 0, 0, 0, 0, 135, 133, 141, 213, 580, 1063, 2198, 3403, 3810, 340, 0, 0
14:50:04, 1139.00, 29.31, 26.07, 29.422, 0, 0, 1, 1, 0, 1, 4, 7, 12, 1, 0, 0, 147, 142, 154, 230, 624, 1113, 2287, 3607, 4191, 387, 0, 0
14:50:05, 1140.50, 29.31, 26.07, 29.422, 0, 0, 0, 1, 0, 0, 2, 2, 4, 0, 0, 0, 161, 159, 173, 265, 716, 1313, 2614, 4142, 4013, 342, 0, 0
14:50:05, 1143.00, 29.31, 26.07, 29.422, 0, 0, 0, 0, 0, 0, 0, 0, 0, 0, 0, 0, 156, 154, 166, 252, 640, 1165, 2399, 3699, 4240, 381, 0, 0
14:50:06, 1139.50, 29.32, 26.12, 29.422, 0, 0, 0, 1, 1, 2, 6, 11, 13, 1, 0, 0, 194, 191, 211, 326, 947, 1668, 3343, 5073, 6564, 599, 0, 0
14:50:06, 1139.80, 29.32, 26.10, 29.422, 0, 0, 0, 0, 0, 0, 2, 4, 7, 1, 0, 0, 170, 166, 182, 278, 817, 1449, 2938, 4523, 5638, 508, 0, 0
14:50:07, 1141.40, 29.32, 26.10, 29.414, 0, 0, 0, 0, 0, 0, 2, 4, 6, 1, 0, 0, 175, 173, 189, 290, 819, 1458, 2958, 4506, 5843, 531, 0, 0
14:50:08, 1141.70, 29.32, 26.12, 29.414, 0, 0, 0, 0, 0, 0, 1, 1, 1, 0, 0, 0, 159, 158, 171, 260, 725, 1308, 2684, 4147, 4948, 440, 0, 0
14:50:08, 1140.10, 29.32, 26.09, 29.422, 0, 0, 1, 1, 1, 2, 6, 11, 15, 2, 0, 0, 156, 155, 168, 252, 750, 1343, 2745, 4253, 5266, 475, 0, 0
14:50:09, 1140.60, 29.32, 26.10, 29.414, 0, 0, 1, 0, 1, 3, 9, 17, 22, 2, 0, 0, 163, 161, 175, 264, 741, 1313, 2698, 4171, 5481, 525, 0, 0
14:50:10, 1140.80, 29.32, 26.10, 29.414, 0, 0, 1, 1, 0, 0, 2, 2, 4, 0, 0, 0, 166, 164, 179, 270, 798, 1424, 2902, 4471, 5645, 508, 0, 0
14:50:10, 1138.60, 29.32, 26.14, 29.422, 0, 0, 1, 1, 2, 5, 13, 22, 29, 3, 0, 0, 164, 161, 175, 265, 771, 1350, 2755, 4252, 5743, 578, 0, 0
14:50:11, 1137.00, 29.32, 26.10, 29.422, 0, 0, 1, 1, 1, 3, 9, 16, 22, 2, 0, 0, 177, 172, 188, 288, 791, 1385, 2813, 4345, 5539, 528, 0, 0
14:50:12, 1135.70, 29.32, 26.12, 29.422, 1, 1, 1, 2, 2, 5, 12, 21, 28, 3, 0, 0, 138, 131, 141, 215, 693, 1226, 2492, 3885, 4420, 401, 0, 0
14:50:12, 1138.00, 29.33, 26.10, 29.422, 0, 0, 1, 0, 0, 0, 2, 5, 5, 1, 0, 0, 130, 132, 140, 214, 649, 1197, 2371, 3776, 3163, 272, 0, 0
14:50:13, 1142.00, 29.33, 26.16, 29.422, 0, 0, 0, 0, 0, 0, 0, 0, 0, 0, 0, 0, 142, 139, 150, 226, 559, 1039, 2097, 3342, 2950, 261, 0, 0
14:50:14, 1139.70, 29.33, 26.14, 29.422, 0, 0, 0, 1, 0, 1, 3, 6, 8, 1, 0, 0, 183, 181, 198, 307, 814, 1431, 2877, 4383, 6132, 633, 0, 0
14:50:14, 1136.90, 29.34, 26.12, 29.422, 1, 1, 1, 1, 3, 6, 15, 27, 33, 3, 0, 0, 142, 130, 142, 214, 552, 972, 2001, 3142, 3751, 377, 0, 0
14:50:15, 1138.40, 29.34, 26.12, 29.422, 0, 0, 1, 2, 2, 4, 10, 17, 21, 2, 0, 0, 156, 157, 169, 262, 845, 1549, 3013, 4719, 4219, 357, 0, 0
14:50:16, 1141.70, 29.34, 26.16, 29.422, 0, 0, 0, 0, 0, 0, 0, 0, 0, 0, 0, 0, 132, 129, 137, 209, 486, 902, 1850, 2904, 2911, 269, 0, 0
14:50:16, 1141.30, 29.35, 26.16, 29.414, 0, 0, 1, 0, 1, 2, 7, 12, 17, 2, 0, 0, 208, 204, 226, 353, 1028, 1808, 3611, 5430, 7103, 645, 0, 0
14:50:17, 1137.20, 29.36, 26.12, 29.422, 0, 0, 0, 0, 0, 0, 2, 3, 4, 1, 0, 0, 220, 215, 239, 377, 984, 1705, 3406, 5160, 6815, 651, 0, 0
14:50:18, 1139.00, 29.36, 26.18, 29.422, 1, 1, 1, 2, 3, 6, 15, 26, 33, 3, 0, 0, 173, 165, 181, 275, 756, 1320, 2686, 4157, 5400, 547, 0, 0
14:50:18, 1134.00, 29.36, 26.14, 29.414, 0, 0, 1, 0, 3, 6, 15, 27, 34, 3, 0, 0, 127, 119, 128, 197, 383, 684, 1440, 2246, 2465, 238, 0, 0
14:50:19, 1134.60, 29.36, 26.12, 29.422, 0, 0, 1, 1, 2, 4, 10, 17, 21, 2, 0, 0, 84, 84, 87, 132, 367, 670, 1394, 2209, 1873, 170, 0, 0
14:50:20, 1137.30, 29.36, 26.16, 29.422, 0, 0, 1, 0, 0, 1, 4, 7, 6, 1, 0, 0, 101, 101, 107, 157, 522, 968, 1949, 3143, 2404, 216, 0, 0
14:50:20, 1143.50, 29.37, 26.16, 29.414, 0, 0, 0, 0, 0, 0, 1, 1, 1, 0, 0, 0, 145, 144, 153, 237, 454, 830, 1727, 2659, 3122, 304, 0, 0
14:50:21, 1137.90, 29.37, 26.14, 29.422, 0, 1, 1, 1, 3, 7, 17, 30, 35, 4, 0, 0, 166, 164, 178, 273, 717, 1255, 2536, 3923, 5494, 601, 0, 0
14:50:22, 1135.10, 29.37, 26.12, 29.422, 1, 1, 1, 2, 3, 6, 16, 28, 34, 4, 0, 0, 151, 140, 153, 230, 556, 978, 2008, 3178, 4063, 435, 0, 0
14:50:22, 1135.00, 29.37, 26.18, 29.414, 1, 1, 2, 1, 4, 8, 19, 32, 37, 4, 0, 0, 93, 91, 96, 145, 360, 656, 1383, 2184, 1910, 176, 0, 0
14:50:23, 1140.90, 29.38, 26.16, 29.422, 0, 0, 1, 1, 1, 2, 6, 10, 9, 1, 0, 0, 85, 83, 89, 125, 306, 576, 1191, 1956, 1371, 129, 0, 0
14:50:24, 1142.20, 29.38, 26.16, 29.422, 0, 0, 1, 1, 1, 2, 6, 9, 12, 1, 0, 0, 121, 120, 128, 190, 664, 1186, 2440, 3723, 5060, 485, 0, 0
14:50:24, 1139.40, 29.39, 26.18, 29.422, 0, 1, 1, 2, 4, 8, 19, 35, 40, 4, 0, 0, 128, 126, 135, 200, 591, 1050, 2124, 3325, 4661, 536, 0, 0
14:50:25, 1140.20, 29.39, 26.18, 29.422, 2, 2, 3, 3, 4, 8, 20, 35, 41, 4, 0, 0, 142, 138, 149, 221, 620, 1092, 2224, 3505, 4863, 555, 0, 0
14:50:26, 1139.80, 29.39, 26.16, 29.422, 1, 1, 1, 2, 4, 8, 18, 32, 38, 4, 0, 0, 167, 163, 177, 268, 737, 1297, 2617, 4045, 5638, 610, 0, 0
14:50:26, 1138.00, 29.39, 26.18, 29.422, 1, 1, 1, 2, 4, 9, 20, 36, 42, 4, 0, 0, 146, 140, 152, 226, 608, 1066, 2162, 3396, 4755, 554, 0, 0
14:50:27, 1141.20, 29.39, 26.19, 29.422, 1, 1, 2, 2, 4, 9, 22, 37, 44, 4, 0, 0, 160, 159, 172, 263, 600, 1072, 2176, 3344, 4624, 498, 0, 0
14:50:28, 1140.00, 29.39, 26.14, 29.422, 1, 1, 2, 2, 4, 8, 20, 36, 41, 4, 0, 0, 124, 122, 131, 194, 307, 556, 1150, 1863, 2567, 316, 0, 0
14:50:28, 1138.10, 29.39, 26.21, 29.422, 1, 1, 1, 2, 4, 8, 20, 35, 41, 4, 0, 0, 175, 174, 189, 289, 817, 1432, 2864, 4405, 6194, 677, 0, 0
14:50:29, 1139.10, 29.39, 26.19, 29.422, 2, 1, 2, 3, 9, 18, 39, 69, 96, 10, 0, 0, 53, 51, 54, 75, 439, 796, 1621, 2527, 3456, 389, 0, 0
14:50:30, 1139.90, 29.39, 26.18, 29.414, 1, 1, 2, 2, 4, 8, 20, 35, 40, 4, 0, 0, 154, 153, 164, 248, 675, 1205, 2462, 3784, 5211, 535, 0, 0
14:50:30, 1140.00, 29.39, 26.19, 29.422, 1, 1, 1, 1, 3, 7, 16, 29, 35, 3, 0, 0, 171, 169, 184, 280, 881, 1548, 3122, 4790, 6351, 629, 0, 0
14:50:31, 1139.00, 29.39, 26.19, 29.422, 0, 0, 1, 0, 2, 4, 10, 17, 24, 3, 0, 0, 173, 167, 181, 278, 778, 1382, 2786, 4322, 4922, 440, 0, 0
14:50:32, 1139.20, 29.39, 26.19, 29.422, 0, 0, 1, 0, 2, 5, 13, 24, 25, 3, 0, 0, 52, 52, 55, 76, 431, 802, 1640, 2643, 1828, 166, 0, 0
14:50:32, 1141.80, 29.39, 26.19, 29.430, 0, 0, 0, 0, 0, 1, 4, 7, 7, 1, 0, 0, 106, 104, 108, 161, 496, 899, 1870, 2852, 3760, 379, 0, 0
14:50:33, 1141.00, 29.39, 26.18, 29.430, 1, 1, 2, 2, 4, 9, 21, 38, 44, 4, 0, 0, 156, 155, 167, 252, 808, 1419, 2844, 4350, 6148, 664, 0, 0
14:50:34, 1140.10, 29.40, 26.23, 29.422, 1, 1, 1, 1, 3, 7, 17, 31, 36, 4, 0, 0, 147, 145, 157, 234, 657, 1161, 2357, 3671, 5039, 545, 0, 0
14:50:34, 1141.90, 29.39, 26.21, 29.430, 1, 1, 1, 2, 3, 6, 15, 25, 30, 3, 0, 0, 70, 70, 73, 102, 426, 769, 1602, 2523, 3409, 365, 0, 0
14:50:35, 1143.80, 29.39, 26.21, 29.430, 1, 1, 1, 1, 3, 7, 18, 31, 37, 4, 0, 0, 96, 96, 101, 148, 383, 695, 1459, 2289, 3086, 328, 0, 0
14:50:36, 1143.00, 29.39, 26.25, 29.422, 1, 1, 1, 2, 3, 7, 17, 29, 34, 3, 0, 0, 139, 139, 149, 222, 547, 985, 2014, 3175, 4326, 463, 0, 0
14:50:36, 1143.50, 29.39, 26.21, 29.422, 1, 1, 1, 2, 3, 7, 16, 28, 34, 3, 0, 0, 93, 93, 98, 137, 298, 541, 1155, 1888, 2520, 286, 0, 0
14:50:37, 1145.20, 29.39, 26.19, 29.422, 0, 0, 1, 2, 3, 7, 16, 28, 34, 3, 0, 0, 69, 69, 72, 101, 563, 1014, 2105, 3291, 4487, 466, 0, 0
14:50:38, 1146.60, 29.39, 26.23, 29.414, 1, 1, 1, 2, 3, 6, 16, 29, 34, 3, 0, 0, 141, 139, 149, 220, 607, 1087, 2238, 3471, 4747, 499, 0, 0
14:50:38, 1147.20, 29.39, 26.25, 29.422, 0, 0, 1, 2, 2, 5, 13, 23, 29, 3, 0, 0, 151, 149, 160, 238, 578, 1041, 2151, 3342, 4597, 493, 0, 0
14:50:39, 1145.30, 29.39, 26.26, 29.422, 0, 1, 1, 2, 3, 6, 15, 27, 31, 3, 0, 0, 148, 146, 156, 230, 641, 1143, 2358, 3694, 5007, 536, 0, 0
14:50:40, 1146.70, 29.39, 26.25, 29.414, 1, 1, 1, 2, 3, 6, 15, 28, 32, 3, 0, 0, 149, 146, 157, 231, 544, 985, 2046, 3246, 4308, 464, 0, 0
14:50:40, 1146.70, 29.39, 26.25, 29.422, 1, 1, 2, 2, 3, 6, 16, 28, 34, 3, 0, 0, 130, 130, 137, 201, 627, 1130, 2328, 3632, 4979, 536, 0, 0
14:50:41, 1146.00, 29.40, 26.25, 29.422, 1, 1, 1, 2, 3, 7, 17, 31, 36, 4, 0, 0, 161, 158, 169, 249, 766, 1364, 2812, 4351, 5863, 605, 0, 0
14:50:42, 1148.00, 29.40, 26.23, 29.422, 0, 1, 1, 2, 3, 6, 15, 26, 32, 3, 0, 0, 167, 164, 175, 260, 720, 1284, 2644, 4088, 5526, 578, 0, 0
14:50:42, 1148.00, 29.40, 26.21, 29.422, 0, 0, 1, 0, 2, 5, 13, 24, 29, 3, 0, 0, 118, 118, 124, 179, 532, 968, 1994, 3166, 4183, 453, 0, 0
14:50:43, 1145.90, 29.40, 26.23, 29.414, 0, 1, 1, 1, 3, 6, 16, 29, 33, 3, 0, 0, 129, 126, 134, 195, 672, 1199, 2491, 3839, 5198, 539, 0, 0
14:50:44, 1147.20, 29.40, 26.25, 29.414, 0, 0, 1, 1, 2, 4, 11, 20, 24, 3, 0, 0, 138, 137, 145, 211, 676, 1222, 2564, 3953, 5173, 487, 0, 0
14:50:44, 1147.70, 29.40, 26.25, 29.414, 0, 0, 1, 1, 1, 3, 9, 17, 21, 2, 0, 0, 149, 148, 158, 231, 649, 1181, 2478, 3862, 4914, 469, 0, 0
14:50:45, 1147.10, 29.40, 26.26, 29.422, 0, 0, 1, 1, 2, 5, 14, 26, 29, 3, 0, 0, 113, 112, 118, 168, 421, 774, 1637, 2617, 3510, 386, 0, 0
14:50:46, 1147.40, 29.40, 26.23, 29.422, 0, 0, 1, 2, 2, 5, 13, 24, 28, 3, 0, 0, 100, 99, 104, 146, 434, 792, 1682, 2675, 3620, 393, 0, 0
14:50:46, 1149.40, 29.40, 26.30, 29.422, 0, 1, 1, 2, 3, 6, 15, 28, 30, 3, 0, 0, 82, 81, 84, 116, 363, 668, 1426, 2302, 3086, 346, 0, 0
14:50:47, 1147.70, 29.40, 26.25, 29.414, 0, 0, 1, 1, 2, 5, 13, 25, 28, 3, 0, 0, 121, 120, 127, 181, 557, 1006, 2115, 3352, 4511, 480, 0, 0
14:50:48, 1149.30, 29.40, 26.26, 29.422, 0, 0, 1, 1, 2, 5, 12, 22, 26, 3, 0, 0, 151, 149, 160, 233, 707, 1277, 2686, 4158, 5446, 514, 0, 0
14:50:48, 1150.30, 29.40, 26.26, 29.422, 0, 0, 1, 1, 0, 1, 5, 9, 13, 1, 0, 0, 166, 164, 176, 260, 728, 1322, 2765, 4294, 5519, 517, 0, 0
14:50:49, 1151.10, 29.40, 26.26, 29.414, 0, 0, 1, 1, 1, 3, 9, 17, 21, 2, 0, 0, 147, 145, 155, 226, 504, 927, 1969, 3101, 4134, 425, 0, 0
14:50:50, 1150.80, 29.40, 26.28, 29.414, 0, 0, 1, 1, 2, 5, 13, 25, 28, 3, 0, 0, 128, 127, 134, 192, 451, 828, 1757, 2804, 3765, 410, 0, 0
14:50:50, 1152.60, 29.40, 26.25, 29.414, 0, 0, 1, 2, 3, 6, 16, 28, 31, 3, 0, 0, 76, 75, 78, 107, 500, 923, 1977, 3066, 4039, 398, 0, 0
14:50:51, 1155.20, 29.40, 26.25, 29.406, 0, 0, 1, 1, 2, 5, 14, 25, 26, 3, 0, 0, 64, 63, 64, 89, 312, 590, 1297, 2056, 2412, 235, 0, 0
14:50:52, 1156.20, 29.40, 26.26, 29.414, 0, 0, 1, 0, 2, 4, 12, 22, 23, 2, 0, 0, 70, 69, 70, 96, 340, 641, 1421, 2247, 2756, 267, 0, 0
14:50:52, 1155.00, 29.40, 26.28, 29.414, 1, 1, 1, 1, 2, 5, 13, 23, 26, 3, 0, 0, 78, 78, 80, 109, 347, 650, 1402, 2273, 2996, 332, 0, 0
14:50:53, 1158.90, 29.40, 26.25, 29.414, 0, 1, 1, 1, 2, 5, 13, 23, 25, 2, 0, 0, 81, 81, 83, 113, 171, 331, 753, 1267, 1526, 167, 0, 0
14:50:54, 1158.70, 29.40, 26.30, 29.422, 0, 0, 1, 2, 2, 4, 12, 22, 23, 2, 0, 0, 60, 60, 61, 81, 216, 413, 925, 1560, 1933, 214, 0, 0
14:50:54, 1165.40, 29.40, 26.30, 29.422, 0, 0, 1, 1, 2, 5, 14, 25, 26, 3, 0, 0, 47, 47, 47, 62, 103, 202, 471, 802, 902, 92, 0, 0
14:50:55, 1168.10, 29.40, 26.30, 29.414, 1, 1, 2, 2, 6, 12, 30, 54, 56, 6, 0, 0, 20, 19, 19, 24, 42, 84, 211, 385, 431, 45, 0, 0
14:50:56, 1166.10, 29.40, 26.28, 29.422, 0, 0, 1, 1, 1, 3, 9, 16, 18, 2, 0, 0, 26, 25, 25, 31, 232, 451, 1040, 1690, 1924, 181, 0, 0
14:50:56, 1169.70, 29.40, 26.28, 29.422, 3, 3, 4, 5, 5, 11, 26, 48, 50, 5, 0, 0, 13, 12, 12, 15, 44, 88, 216, 385, 420, 44, 0, 0
14:50:57, 1167.50, 29.41, 26.28, 29.414, 0, 0, 1, 0, 2, 4, 12, 22, 22, 2, 0, 0, 12, 12, 11, 14, 80, 157, 378, 653, 730, 75, 0, 0
14:50:58, 1170.10, 29.40, 26.28, 29.414, 0, 0, 1, 1, 3, 8, 20, 37, 38, 4, 0, 0, 14, 14, 13, 17, 57, 114, 276, 481, 535, 56, 0, 0
14:50:58, 1164.70, 29.41, 26.28, 29.414, 0, 0, 1, 1, 2, 4, 11, 21, 23, 2, 0, 0, 91, 91, 94, 125, 414, 779, 1727, 2772, 3632, 368, 0, 0
14:50:59, 1158.40, 29.41, 26.28, 29.414, 0, 0, 1, 1, 1, 3, 8, 14, 20, 2, 0, 0, 104, 98, 102, 140, 316, 593, 1337, 2186, 2446, 235, 0, 0
14:51:00, 1160.60, 29.41, 26.32, 29.414, 0, 0, 1, 1, 0, 0, 2, 4, 5, 1, 0, 0, 47, 48, 48, 63, 147, 293, 673, 1155, 775, 69, 0, 0
14:51:00, 1165.50, 29.41, 26.30, 29.422, 0, 0, 0, 0, 0, 1, 4, 9, 5, 1, 0, 0, 49, 48, 48, 63, 97, 196, 464, 797, 750, 71, 0, 0
14:51:01, 1159.80, 29.42, 26.30, 29.422, 0, 0, 1, 1, 3, 6, 16, 28, 32, 3, 0, 0, 99, 97, 101, 137, 465, 866, 1881, 3012, 3972, 424, 0, 0
14:51:02, 1159.10, 29.42, 26.30, 29.422, 0, 0, 1, 1, 2, 5, 12, 23, 26, 3, 0, 0, 103, 99, 104, 141, 367, 687, 1492, 2425, 3225, 369, 0, 0
14:51:02, 1161.70, 29.42, 26.32, 29.414, 0, 0, 1, 1, 2, 5, 12, 23, 26, 3, 0, 0, 107, 106, 109, 152, 296, 568, 1265, 2007, 2507, 255, 0, 0
14:51:03, 1162.20, 29.42, 26.32, 29.414, 0, 0, 1, 0, 2, 5, 14, 25, 27, 3, 0, 0, 63, 63, 63, 86, 222, 426, 939, 1555, 1996, 229, 0, 0
14:51:04, 1161.70, 29.42, 26.30, 29.414, 0, 0, 1, 1, 5, 11, 26, 45, 60, 6, 0, 0, 26, 25, 25, 32, 144, 280, 637, 1061, 1300, 144, 0, 0
14:51:04, 1163.30, 29.42, 26.28, 29.414, 1, 1, 1, 2, 8, 17, 39, 68, 76, 8, 0, 0, 22, 21, 21, 27, 84, 166, 387, 658, 755, 81, 0, 0
14:51:05, 1159.20, 29.43, 26.30, 29.422, 1, 1, 1, 1, 2, 5, 13, 24, 26, 3, 0, 0, 41, 41, 40, 52, 342, 647, 1427, 2278, 2943, 303, 0, 0
14:51:06, 1160.80, 29.42, 26.34, 29.422, 0, 0, 1, 0, 2, 4, 12, 22, 25, 3, 0, 0, 130, 128, 135, 185, 496, 925, 2004, 3198, 4246, 449, 0, 0
14:51:06, 1161.10, 29.42, 26.30, 29.422, 0, 0, 1, 0, 1, 3, 8, 16, 19, 2, 0, 0, 124, 123, 128, 175, 495, 926, 2021, 3209, 4093, 415, 0, 0
14:51:07, 1161.70, 29.42, 26.30, 29.430, 0, 0, 1, 1, 1, 3, 9, 18, 20, 2, 0, 0, 120, 119, 123, 169, 492, 923, 2010, 3211, 4179, 424, 0, 0
14:51:08, 1161.50, 29.41, 26.32, 29.430, 0, 0, 1, 0, 0, 2, 6, 10, 13, 1, 0, 0, 137, 135, 142, 199, 494, 925, 2020, 3175, 4161, 411, 0, 0
14:51:08, 1160.80, 29.41, 26.35, 29.422, 0, 0, 1, 1, 1, 3, 9, 18, 21, 2, 0, 0, 116, 114, 119, 162, 371, 698, 1519, 2468, 3259, 366, 0, 0
14:51:09, 1163.20, 29.40, 26.34, 29.422, 0, 0, 1, 1, 1, 3, 8, 16, 18, 2, 0, 0, 120, 118, 123, 170, 462, 878, 1927, 3051, 3766, 341, 0, 0
14:51:09, 1161.20, 29.40, 26.35, 29.422, 0, 0, 0, 0, 0, 0, 1, 2, 2, 0, 0, 0, 87, 86, 89, 119, 370, 711, 1587, 2559, 2996, 269, 0, 0
14:51:10, 1161.90, 29.40, 26.37, 29.414, 0, 0, 1, 1, 3, 6, 16, 29, 34, 3, 0, 0, 69, 68, 70, 93, 406, 770, 1708, 2688, 3415, 327, 0, 0
14:51:11, 1161.60, 29.40, 26.34, 29.422, 0, 0, 1, 1, 2, 5, 14, 27, 27, 3, 0, 0, 55, 54, 55, 73, 373, 709, 1569, 2492, 3214, 323, 0, 0
14:51:11, 1160.00, 29.41, 26.34, 29.422, 0, 0, 1, 1, 1, 4, 10, 20, 21, 2, 0, 0, 99, 98, 101, 136, 423, 793, 1749, 2822, 3682, 384, 0, 0
14:51:12, 1160.40, 29.41, 26.35, 29.414, 0, 0, 1, 1, 2, 5, 13, 25, 27, 3, 0, 0, 66, 65, 67, 87, 227, 434, 971, 1621, 2087, 239, 0, 0
14:51:13, 1159.00, 29.41, 26.37, 29.422, 0, 0, 1, 0, 1, 3, 9, 18, 21, 2, 0, 0, 110, 109, 113, 153, 504, 940, 2052, 3273, 4272, 431, 0, 0
14:51:13, 1159.30, 29.41, 26.35, 29.422, 0, 0, 1, 1, 2, 5, 14, 27, 28, 3, 0, 0, 57, 57, 58, 76, 260, 497, 1103, 1826, 2334, 257, 0, 0
14:51:14, 1158.70, 29.42, 26.34, 29.414, 0, 0, 1, 1, 1, 2, 8, 15, 17, 2, 0, 0, 118, 117, 122, 168, 479, 891, 1948, 3116, 4079, 421, 0, 0
14:51:15, 1158.80, 29.42, 26.37, 29.414, 0, 0, 1, 2, 3, 7, 17, 30, 35, 3, 0, 0, 44, 43, 44, 56, 311, 590, 1317, 2142, 2745, 286, 0, 0
14:51:15, 1159.70, 29.42, 26.37, 29.414, 0, 0, 1, 1, 1, 3, 9, 16, 18, 2, 0, 0, 67, 67, 68, 90, 232, 446, 998, 1701, 2097, 230, 0, 0
14:51:16, 1159.30, 29.42, 26.35, 29.414, 0, 0, 1, 1, 2, 5, 13, 25, 28, 3, 0, 0, 46, 46, 46, 60, 221, 425, 969, 1619, 1982, 205, 0, 0
14:51:17, 1159.40, 29.42, 26.35, 29.414, 0, 0, 1, 0, 1, 2, 7, 12, 13, 1, 0, 0, 53, 52, 52, 68, 203, 399, 919, 1537, 1562, 146, 0, 0
14:51:17, 1158.10, 29.42, 26.37, 29.414, 1, 1, 2, 1, 3, 7, 18, 33, 31, 3, 0, 0, 54, 53, 53, 70, 163, 317, 738, 1246, 1369, 136, 0, 0
14:51:18, 1155.80, 29.42, 26.37, 29.422, 0, 0, 1, 0, 2, 4, 12, 23, 25, 2, 0, 0, 34, 33, 33, 42, 180, 344, 783, 1327, 1640, 183, 0, 0
14:51:19, 1155.80, 29.42, 26.39, 29.422, 0, 0, 1, 0, 3, 6, 16, 30, 34, 3, 0, 0, 65, 65, 66, 87, 216, 410, 950, 1616, 1943, 200, 0, 0
14:51:19, 1154.50, 29.41, 26.39, 29.414, 0, 0, 1, 1, 2, 4, 10, 18, 25, 3, 0, 0, 123, 120, 127, 176, 454, 849, 1866, 3010, 3545, 329, 0, 0
14:51:20, 1153.00, 29.41, 26.37, 29.414, 0, 0, 1, 1, 2, 5, 14, 26, 31, 3, 0, 0, 99, 94, 98, 133, 337, 622, 1376, 2267, 2831, 311, 0, 0
14:51:21, 1149.10, 29.42, 26.37, 29.414, 0, 0, 1, 1, 1, 4, 10, 19, 23, 2, 0, 0, 84, 77, 80, 109, 258, 480, 1069, 1766, 2046, 212, 0, 0
14:51:21, 1148.60, 29.42, 26.42, 29.414, 0, 0, 1, 1, 1, 3, 8, 16, 19, 2, 0, 0, 51, 48, 49, 66, 122, 232, 548, 944, 851, 81, 0, 0
14:51:22, 1149.90, 29.43, 26.37, 29.414, 0, 0, 1, 1, 1, 2, 6, 11, 11, 1, 0, 0, 37, 36, 36, 48, 36, 69, 177, 328, 257, 25, 0, 0
14:51:23, 1151.80, 29.43, 26.41, 29.414, 0, 0, 0, 0, 2, 5, 13, 23, 21, 2, 0, 0, 0, 0, 0, 0, 0, 0, 1, 4, 3, 0, 0, 0
14:51:23, 1150.00, 29.44, 26.41, 29.422, 1, 1, 2, 1, 3, 7, 18, 33, 30, 3, 0, 0, 1, 1, 1, 2, 15, 30, 80, 162, 129, 11, 0, 0
14:51:24, 1149.90, 29.44, 26.41, 29.414, 0, 0, 1, 1, 2, 4, 12, 22, 24, 2, 0, 0, 37, 34, 35, 46, 264, 493, 1112, 1865, 2048, 199, 0, 0
14:51:25, 1147.30, 29.44, 26.42, 29.414, 1, 1, 1, 1, 7, 14, 34, 58, 78, 8, 0, 0, 7, 6, 6, 8, 13, 26, 68, 137, 143, 17, 0, 0
14:51:25, 1146.80, 29.44, 26.41, 29.406, 2, 2, 3, 3, 6, 13, 32, 56, 65, 7, 0, 0, 1, 1, 0, 1, 1, 2, 7, 18, 21, 2, 0, 0
14:51:26, 1146.90, 29.44, 26.39, 29.414, 0, 0, 1, 0, 3, 6, 16, 30, 29, 3, 0, 0, 0, 0, 0, 0, 0, 0, 1, 3, 2, 0, 0, 0
14:51:27, 1146.20, 29.44, 26.37, 29.414, 1, 1, 1, 2, 7, 16, 37, 67, 68, 7, 0, 0, 0, 0, 0, 0, 1, 2, 7, 18, 17, 1, 0, 0
14:51:27, 1144.30, 29.44, 26.41, 29.406, 1, 1, 2, 3, 8, 15, 37, 62, 85, 9, 0, 0, 3, 3, 2, 3, 5, 10, 30, 68, 75, 9, 0, 0
14:51:28, 1142.70, 29.44, 26.37, 29.422, 1, 1, 2, 2, 6, 11, 28, 49, 62, 6, 0, 0, 2, 2, 2, 2, 5, 10, 29, 67, 78, 9, 0, 0
14:51:29, 1144.10, 29.44, 26.41, 29.422, 4, 4, 4, 6, 7, 15, 36, 60, 77, 8, 0, 0, 13, 12, 12, 15, 40, 76, 191, 358, 401, 44, 0, 0
14:51:29, 1144.10, 29.44, 26.41, 29.414, 2, 2, 3, 4, 11, 22, 51, 85, 114, 12, 0, 0, 1, 0, 0, 0, 1, 2, 6, 16, 17, 2, 0, 0
14:51:30, 1144.60, 29.44, 26.42, 29.406, 2, 2, 3, 4, 14, 27, 63, 104, 141, 15, 0, 0, 1, 1, 1, 1, 11, 21, 57, 119, 123, 13, 0, 0
14:51:31, 1142.80, 29.44, 26.44, 29.406, 2, 2, 3, 3, 10, 19, 45, 74, 106, 11, 0, 0, 3, 3, 2, 3, 11, 20, 56, 118, 133, 15, 0, 0
14:51:31, 1145.50, 29.44, 26.42, 29.406, 0, 0, 1, 0, 3, 7, 19, 35, 34, 4, 0, 0, 0, 0, 0, 0, 0, 0, 0, 0, 0, 0, 0, 0
14:51:32, 1144.50, 29.44, 26.42, 29.406, 0, 0, 1, 1, 1, 3, 9, 19, 18, 2, 0, 0, 0, 0, 0, 0, 0, 0, 0, 0, 0, 0, 0, 0
14:51:33, 1144.30, 29.44, 26.46, 29.414, 0, 0, 1, 1, 6, 12, 28, 52, 52, 5, 0, 0, 0, 0, 0, 0, 0, 0, 0, 0, 0, 0, 0, 0
14:51:33, 1142.60, 29.44, 26.44, 29.406, 2, 2, 3, 3, 5, 11, 27, 48, 61, 7, 0, 0, 0, 0, 0, 0, 0, 0, 0, 0, 0, 0, 0, 0
14:51:34, 1143.00, 29.44, 26.39, 29.406, 3, 3, 4, 5, 11, 22, 53, 88, 112, 12, 0, 0, 0, 0, 0, 0, 0, 0, 0, 1, 1, 0, 0, 0
14:51:35, 1141.80, 29.44, 26.46, 29.406, 3, 3, 4, 4, 10, 21, 48, 82, 92, 9, 0, 0, 0, 0, 0, 0, 0, 0, 0, 1, 2, 0, 0, 0
14:51:35, 1143.30, 29.44, 26.41, 29.406, 2, 2, 3, 3, 7, 14, 33, 58, 65, 7, 0, 0, 0, 0, 0, 0, 0, 0, 1, 4, 5, 0, 0, 0
14:51:36, 1139.50, 29.44, 26.44, 29.406, 2, 2, 3, 3, 7, 15, 35, 59, 82, 9, 0, 0, 2, 2, 2, 2, 18, 34, 89, 174, 197, 21, 0, 0
14:51:37, 1140.40, 29.45, 26.41, 29.406, 4, 4, 5, 6, 10, 20, 47, 80, 89, 9, 0, 0, 1, 1, 0, 1, 1, 1, 5, 14, 17, 2, 0, 0
14:51:37, 1139.20, 29.45, 26.44, 29.406, 0, 0, 1, 1, 1, 3, 9, 17, 22, 2, 0, 0, 0, 0, 0, 0, 3, 5, 17, 42, 41, 4, 0, 0
14:51:38, 1137.50, 29.45, 26.42, 29.406, 2, 2, 2, 3, 14, 28, 65, 107, 137, 14, 0, 0, 0, 0, 0, 0, 0, 0, 1, 5, 6, 0, 0, 0
14:51:39, 1138.00, 29.45, 26.46, 29.406, 4, 3, 4, 6, 11, 23, 52, 87, 102, 10, 0, 0, 0, 0, 0, 0, 1, 2, 7, 18, 21, 2, 0, 0
14:51:39, 1136.70, 29.46, 26.44, 29.406, 4, 4, 5, 7, 16, 32, 71, 118, 139, 14, 0, 0, 0, 0, 0, 0, 0, 0, 0, 1, 1, 0, 0, 0
14:51:40, 1140.00, 29.46, 26.46, 29.406, 4, 4, 5, 6, 13, 26, 60, 98, 147, 16, 0, 0, 0, 0, 0, 0, 0, 0, 0, 2, 2, 0, 0, 0
14:51:41, 1138.30, 29.46, 26.42, 29.406, 4, 4, 5, 7, 25, 48, 105, 170, 224, 23, 0, 0, 0, 0, 0, 0, 0, 0, 0, 0, 0, 0, 0, 0
14:51:41, 1137.80, 29.46, 26.46, 29.398, 4, 4, 5, 7, 14, 27, 63, 105, 145, 15, 0, 0, 1, 1, 0, 1, 1, 2, 9, 23, 25, 2, 0, 0
14:51:42, 1141.90, 29.46, 26.48, 29.398, 2, 2, 3, 3, 14, 27, 63, 104, 146, 15, 0, 0, 0, 0, 0, 0, 0, 0, 0, 0, 0, 0, 0, 0
14:51:43, 1138.50, 29.46, 26.46, 29.391, 0, 0, 0, 0, 0, 0, 1, 1, 3, 0, 0, 0, 0, 0, 0, 0, 0, 0, 0, 0, 0, 0, 0, 0
14:51:43, 1136.60, 29.45, 26.48, 29.391, 5, 5, 6, 8, 13, 26, 60, 100, 140, 15, 0, 0, 0, 0, 0, 0, 0, 0, 1, 5, 6, 0, 0, 0
14:51:44, 1140.20, 29.46, 26.51, 29.391, 3, 3, 4, 5, 9, 19, 43, 77, 70, 7, 0, 0, 0, 0, 0, 0, 0, 0, 1, 3, 3, 0, 0, 0
14:51:45, 1147.20, 29.46, 26.48, 29.398, 0, 0, 1, 1, 27, 53, 112, 190, 160, 15, 0, 0, 0, 0, 0, 0, 0, 0, 0, 0, 0, 0, 0, 0
14:51:45, 1143.60, 29.46, 26.46, 29.406, 2, 2, 3, 4, 2, 4, 11, 23, 23, 2, 0, 0, 0, 0, 0, 0, 0, 0, 0, 0, 0, 0, 0, 0
14:51:46, 1143.50, 29.45, 26.48, 29.406, 0, 0, 0, 0, 0, 0, 0, 0, 0, 0, 0, 0, 0, 0, 0, 0, 0, 0, 0, 0, 0, 0, 0, 0
14:51:47, 1143.70, 29.46, 26.50, 29.398, 0, 0, 0, 0, 0, 0, 0, 0, 0, 0, 0, 0, 0, 0, 0, 0, 0, 0, 0, 0, 0, 0, 0, 0
14:51:47, 1141.70, 29.45, 26.48, 29.406, 0, 0, 0, 0, 0, 0, 0, 0, 0, 0, 0, 0, 0, 0, 0, 0, 3, 7, 20, 47, 30, 2, 0, 0
14:51:48, 1145.90, 29.44, 26.50, 29.406, 0, 0, 0, 0, 0, 0, 0, 0, 0, 0, 0, 0, 15, 15, 15, 18, 55, 107, 268, 509, 485, 50, 0, 0
14:51:49, 1145.50, 29.44, 26.48, 29.398, 0, 0, 0, 0, 0, 0, 0, 0, 0, 0, 0, 0, 98, 97, 101, 140, 577, 1063, 2268, 3571, 4254, 380, 0, 0
14:51:49, 1145.60, 29.44, 26.50, 29.398, 0, 0, 0, 0, 0, 0, 0, 0, 0, 0, 0, 0, 174, 172, 185, 273, 774, 1421, 2959, 4597, 5564, 489, 0, 0
14:51:50, 1146.10, 29.44, 26.50, 29.406, 0, 0, 0, 0, 0, 0, 0, 0, 0, 0, 0, 0, 42, 43, 42, 56, 57, 111, 279, 541, 491, 48, 0, 0
14:51:51, 1146.30, 29.43, 26.50, 29.406, 0, 0, 0, 0, 0, 0, 0, 0, 0, 0, 0, 0, 25, 26, 26, 32, 114, 213, 507, 860, 1118, 96, 0, 0
14:51:51, 1146.10, 29.43, 26.46, 29.406, 0, 0, 0, 0, 0, 0, 0, 0, 0, 0, 0, 0, 46, 46, 47, 63, 123, 241, 554, 1023, 892, 86, 0, 0
14:51:52, 1145.80, 29.42, 26.50, 29.406, 0, 0, 0, 0, 0, 0, 0, 0, 0, 0, 0, 0, 158, 157, 168, 247, 665, 1240, 2575, 4155, 4328, 379, 0, 0
14:51:53, 1145.70, 29.42, 26.48, 29.406, 0, 0, 0, 0, 0, 0, 0, 0, 0, 0, 0, 0, 163, 162, 173, 254, 680, 1248, 2630, 4113, 4906, 430, 0, 0
14:51:53, 1146.10, 29.42, 26.50, 29.406, 0, 0, 0, 0, 0, 0, 0, 0, 0, 0, 0, 0, 8, 8, 8, 10, 21, 40, 107, 223, 214, 21, 0, 0
14:51:54, 1146.10, 29.42, 26.55, 29.406, 0, 0, 0, 0, 0, 0, 0, 0, 0, 0, 0, 0, 8, 8, 7, 9, 74, 140, 336, 589, 641, 66, 0, 0
14:51:55, 1145.20, 29.42, 26.53, 29.414, 0, 0, 0, 0, 0, 0, 0, 0, 0, 0, 0, 0, 119, 117, 125, 179, 437, 817, 1755, 2845, 3092, 276, 0, 0
14:51:55, 1145.10, 29.42, 26.51, 29.414, 0, 0, 0, 0, 0, 0, 0, 0, 0, 0, 0, 0, 141, 141, 149, 221, 571, 1041, 2243, 3464, 4317, 379, 0, 0
14:51:56, 1145.00, 29.41, 26.53, 29.406, 0, 0, 0, 0, 0, 0, 0, 0, 0, 0, 0, 0, 88, 88, 90, 126, 697, 1271, 2678, 4110, 5285, 489, 0, 0
14:51:57, 1145.30, 29.41, 26.53, 29.414, 0, 0, 0, 0, 0, 0, 0, 0, 0, 0, 0, 0, 197, 194, 211, 314, 915, 1662, 3432, 5266, 6666, 590, 0, 0
14:51:57, 1145.40, 29.41, 26.53, 29.414, 0, 0, 0, 0, 0, 0, 0, 0, 0, 0, 0, 0, 183, 181, 195, 288, 864, 1573, 3263, 4997, 6176, 552, 0, 0
14:51:58, 1144.90, 29.41, 26.51, 29.406, 0, 0, 0, 0, 0, 0, 1, 1, 1, 0, 0, 0, 140, 138, 143, 214, 349, 664, 1410, 2238, 2252, 215, 0, 0
14:51:59, 1145.80, 29.41, 26.53, 29.414, 6, 6, 7, 9, 18, 34, 78, 130, 102, 10, 0, 0, 0, 0, 0, 0, 0, 0, 0, 0, 0, 0, 0, 0
14:51:59, 1144.80, 29.42, 26.51, 29.414, 0, 0, 0, 0, 0, 0, 0, 0, 0, 0, 0, 0, 1, 1, 1, 1, 9, 17, 48, 99, 108, 10, 0, 0
14:52:00, 1145.20, 29.43, 26.51, 29.406, 0, 0, 0, 0, 0, 0, 0, 0, 0, 0, 0, 0, 0, 0, 0, 0, 1, 2, 8, 21, 24, 2, 0, 0
14:52:01, 1145.10, 29.43, 26.55, 29.414, 0, 0, 0, 0, 0, 0, 0, 0, 0, 0, 0, 0, 20, 19, 19, 23, 83, 150, 364, 675, 662, 79, 0, 0
14:52:01, 1145.10, 29.43, 26.55, 29.414, 0, 0, 0, 0, 0, 0, 0, 0, 0, 0, 0, 0, 47, 46, 47, 63, 195, 365, 839, 1404, 1772, 166, 0, 0
14:52:02, 1145.20, 29.43, 26.53, 29.406, 0, 0, 0, 0, 0, 0, 0, 0, 0, 0, 0, 0, 105, 104, 109, 154, 342, 647, 1411, 2329, 2474, 211, 0, 0
14:52:03, 1140.70, 29.42, 26.53, 29.414, 0, 0, 0, 0, 0, 0, 0, 0, 0, 0, 0, 0, 8, 8, 8, 9, 17, 32, 89, 192, 180, 18, 0, 0
14:52:03, 1136.00, 29.41, 26.57, 29.414, 0, 0, 1, 1, 2, 4, 12, 22, 35, 4, 0, 0, 37, 34, 35, 46, 55, 102, 251, 475, 477, 49, 0, 0
14:52:04, 1141.90, 29.42, 26.51, 29.406, 0, 0, 1, 1, 1, 3, 9, 18, 15, 2, 0, 0, 0, 0, 0, 0, 0, 0, 0, 0, 0, 0, 0, 0
14:52:05, 1139.80, 29.43, 26.53, 29.406, 0, 0, 0, 0, 0, 0, 0, 0, 0, 0, 0, 0, 0, 0, 0, 0, 0, 0, 0, 1, 1, 0, 0, 0
14:52:05, 1139.30, 29.44, 26.57, 29.406, 0, 0, 1, 1, 0, 0, 3, 6, 6, 1, 0, 0, 0, 0, 0, 0, 0, 0, 0, 0, 0, 0, 0, 0
14:52:06, 1138.90, 29.44, 26.58, 29.406, 0, 0, 1, 0, 2, 4, 12, 24, 24, 3, 0, 0, 0, 0, 0, 0, 3, 7, 19, 42, 50, 6, 0, 0
14:52:07, 1140.60, 29.45, 26.57, 29.406, 4, 4, 5, 7, 23, 44, 99, 162, 217, 22, 0, 0, 0, 0, 0, 0, 0, 0, 0, 2, 3, 0, 0, 0
14:52:07, 1143.50, 29.45, 26.57, 29.406, 0, 0, 0, 0, 0, 0, 0, 0, 0, 0, 0, 0, 0, 0, 0, 0, 0, 0, 0, 0, 0, 0, 0, 0
14:52:08, 1143.80, 29.46, 26.57, 29.406, 0, 0, 0, 0, 0, 0, 0, 0, 0, 0, 0, 0, 0, 0, 0, 0, 0, 0, 0, 0, 0, 0, 0, 0
14:52:09, 1143.10, 29.46, 26.60, 29.406, 0, 0, 0, 0, 0, 0, 0, 0, 0, 0, 0, 0, 0, 0, 0, 0, 0, 0, 0, 0, 0, 0, 0, 0
14:52:09, 1144.70, 29.46, 26.53, 29.406, 0, 0, 0, 0, 0, 0, 0, 0, 0, 0, 0, 0, 0, 0, 0, 0, 0, 0, 0, 0, 0, 0, 0, 0
14:52:10, 1142.10, 29.46, 26.55, 29.414, 0, 0, 0, 0, 0, 0, 0, 0, 0, 0, 0, 0, 0, 0, 0, 0, 0, 0, 0, 0, 0, 0, 0, 0
14:52:10, 1142.60, 29.46, 26.57, 29.414, 0, 0, 1, 1, 1, 3, 9, 18, 11, 1, 0, 0, 0, 0, 0, 0, 0, 0, 0, 0, 0, 0, 0, 0
14:52:11, 1143.80, 29.45, 26.55, 29.406, 1, 1, 2, 1, 4, 8, 20, 39, 24, 3, 0, 0, 0, 0, 0, 0, 0, 0, 0, 1, 0, 0, 0, 0
14:52:12, 1139.10, 29.45, 26.57, 29.414, 1, 1, 2, 1, 15, 30, 67, 118, 80, 8, 0, 0, 0, 0, 0, 0, 0, 0, 0, 1, 0, 0, 0, 0
14:52:12, 1137.90, 29.46, 26.58, 29.414, 6, 6, 7, 9, 19, 37, 81, 140, 119, 11, 0, 0, 1, 1, 0, 1, 12, 24, 64, 128, 108, 10, 0, 0
14:52:13, 1137.00, 29.46, 26.60, 29.406, 1, 1, 2, 2, 7, 15, 34, 62, 64, 7, 0, 0, 2, 2, 2, 3, 3, 6, 17, 39, 33, 3, 0, 0
14:52:14, 1139.50, 29.46, 26.58, 29.414, 2, 2, 3, 4, 17, 33, 75, 125, 176, 19, 0, 0, 0, 0, 0, 0, 0, 0, 0, 0, 0, 0, 0, 0
14:52:14, 1139.90, 29.46, 26.60, 29.414, 3, 3, 3, 5, 3, 6, 16, 31, 34, 4, 0, 0, 2, 1, 1, 1, 1, 1, 5, 12, 15, 2, 0, 0
14:52:15, 1138.70, 29.46, 26.62, 29.398, 3, 3, 3, 4, 8, 16, 38, 67, 71, 7, 0, 0, 1, 0, 0, 1, 0, 1, 3, 9, 12, 1, 0, 0
14:52:16, 1137.90, 29.46, 26.60, 29.398, 2, 2, 2, 2, 14, 29, 63, 109, 110, 11, 0, 0, 0, 0, 0, 0, 0, 0, 2, 6, 7, 0, 0, 0
14:52:16, 1137.40, 29.46, 26.60, 29.398, 3, 2, 3, 3, 9, 19, 44, 73, 84, 8, 0, 0, 1, 0, 0, 0, 1, 3, 8, 20, 24, 3, 0, 0
14:52:17, 1137.70, 29.46, 26.57, 29.398, 2, 2, 3, 4, 13, 25, 57, 95, 126, 13, 0, 0, 0, 0, 0, 0, 0, 0, 2, 6, 6, 0, 0, 0
14:52:18, 1137.50, 29.46, 26.60, 29.414, 3, 3, 4, 5, 9, 18, 41, 72, 77, 8, 0, 0, 0, 0, 0, 0, 0, 0, 0, 1, 2, 0, 0, 0
14:52:18, 1136.50, 29.46, 26.62, 29.414, 3, 3, 4, 6, 13, 26, 59, 99, 121, 12, 0, 0, 1, 1, 1, 1, 1, 3, 9, 23, 22, 2, 0, 0
14:52:19, 1138.80, 29.46, 26.58, 29.398, 3, 3, 3, 5, 16, 31, 72, 123, 147, 15, 0, 0, 0, 0, 0, 0, 0, 0, 2, 5, 6, 0, 0, 0
14:52:20, 1136.50, 29.46, 26.62, 29.398, 2, 2, 3, 4, 10, 19, 45, 80, 88, 9, 0, 0, 1, 1, 1, 1, 5, 10, 29, 62, 58, 5, 0, 0
14:52:20, 1136.70, 29.45, 26.57, 29.398, 2, 2, 2, 2, 3, 6, 16, 32, 33, 4, 0, 0, 0, 0, 0, 0, 0, 0, 0, 3, 3, 0, 0, 0
14:52:21, 1134.50, 29.45, 26.64, 29.398, 0, 0, 0, 1, 0, 1, 3, 6, 6, 1, 0, 0, 3, 2, 2, 3, 12, 22, 63, 139, 148, 17, 0, 0
14:52:22, 1135.40, 29.46, 26.58, 29.414, 3, 3, 4, 4, 17, 35, 75, 126, 126, 12, 0, 0, 2, 1, 1, 2, 7, 13, 38, 82, 91, 10, 0, 0
14:52:22, 1136.30, 29.46, 26.62, 29.414, 2, 2, 3, 4, 8, 17, 40, 69, 90, 10, 0, 0, 2, 1, 1, 2, 5, 9, 25, 53, 59, 7, 0, 0
14:52:23, 1137.10, 29.46, 26.62, 29.406, 1, 1, 2, 3, 7, 13, 32, 56, 64, 7, 0, 0, 4, 4, 4, 5, 4, 8, 23, 51, 54, 6, 0, 0
14:52:24, 1135.60, 29.46, 26.64, 29.406, 3, 3, 4, 6, 20, 39, 88, 141, 188, 19, 0, 0, 4, 4, 3, 4, 10, 19, 53, 113, 121, 14, 0, 0
14:52:24, 1135.40, 29.46, 26.60, 29.406, 4, 4, 5, 6, 20, 38, 85, 139, 184, 19, 0, 0, 3, 2, 2, 3, 6, 12, 33, 69, 81, 9, 0, 0
14:52:25, 1136.20, 29.46, 26.60, 29.406, 3, 3, 3, 4, 10, 21, 48, 82, 91, 9, 0, 0, 1, 1, 1, 1, 4, 8, 22, 48, 55, 6, 0, 0
14:52:26, 1136.40, 29.46, 26.60, 29.406, 3, 3, 4, 5, 11, 21, 49, 81, 108, 11, 0, 0, 7, 6, 6, 7, 15, 29, 74, 147, 180, 22, 0, 0
14:52:26, 1135.10, 29.46, 26.64, 29.398, 5, 5, 6, 9, 18, 35, 79, 128, 169, 17, 0, 0, 1, 1, 1, 2, 12, 23, 62, 130, 130, 13, 0, 0
14:52:27, 1134.90, 29.46, 26.66, 29.398, 4, 4, 5, 7, 18, 33, 76, 122, 176, 19, 0, 0, 11, 11, 11, 13, 42, 79, 194, 363, 408, 44, 0, 0
14:52:28, 1135.60, 29.46, 26.66, 29.398, 4, 4, 5, 6, 19, 37, 84, 134, 183, 19, 0, 0, 3, 3, 3, 3, 7, 13, 37, 78, 94, 12, 0, 0
14:52:28, 1136.10, 29.45, 26.62, 29.398, 3, 3, 4, 5, 13, 26, 58, 98, 103, 10, 0, 0, 3, 3, 3, 3, 8, 16, 44, 92, 97, 11, 0, 0
14:52:29, 1135.90, 29.45, 26.62, 29.398, 7, 7, 8, 12, 25, 47, 103, 169, 217, 22, 0, 0, 3, 2, 2, 3, 7, 14, 39, 82, 78, 8, 0, 0
14:52:30, 1137.70, 29.45, 26.64, 29.398, 3, 2, 3, 4, 12, 25, 55, 97, 87, 9, 0, 0, 0, 0, 0, 0, 0, 0, 2, 6, 4, 0, 0, 0
14:52:30, 1135.50, 29.45, 26.67, 29.398, 2, 1, 2, 3, 5, 10, 25, 47, 43, 4, 0, 0, 5, 4, 4, 5, 7, 12, 36, 78, 74, 8, 0, 0
14:52:31, 1134.00, 29.46, 26.66, 29.406, 2, 2, 3, 4, 7, 15, 36, 62, 72, 7, 0, 0, 18, 17, 17, 22, 58, 110, 268, 485, 517, 54, 0, 0
14:52:32, 1135.60, 29.46, 26.66, 29.406, 0, 0, 1, 1, 0, 0, 2, 4, 4, 1, 0, 0, 24, 23, 23, 31, 40, 75, 187, 347, 327, 34, 0, 0
14:52:32, 1135.80, 29.46, 26.66, 29.406, 0, 0, 0, 0, 0, 1, 4, 9, 12, 1, 0, 0, 34, 31, 32, 43, 125, 232, 539, 942, 999, 100, 0, 0
14:52:33, 1139.60, 29.46, 26.66, 29.414, 0, 0, 1, 0, 8, 15, 36, 65, 79, 8, 0, 0, 0, 0, 0, 0, 0, 0, 0, 0, 0, 0, 0, 0
14:52:34, 1134.50, 29.47, 26.64, 29.414, 2, 2, 3, 4, 12, 23, 53, 95, 122, 13, 0, 0, 11, 10, 10, 13, 40, 76, 182, 341, 390, 43, 0, 0
14:52:34, 1134.60, 29.46, 26.64, 29.398, 2, 2, 3, 4, 6, 12, 30, 53, 70, 7, 0, 0, 20, 19, 19, 24, 42, 79, 201, 389, 378, 40, 0, 0
14:52:35, 1134.30, 29.46, 26.66, 29.414, 0, 0, 0, 0, 0, 0, 1, 3, 3, 0, 0, 0, 35, 35, 35, 46, 69, 130, 316, 576, 548, 54, 0, 0
14:52:36, 1136.10, 29.46, 26.67, 29.414, 0, 0, 0, 0, 0, 0, 2, 2, 3, 0, 0, 0, 4, 4, 4, 5, 8, 15, 41, 88, 69, 6, 0, 0
14:52:36, 1137.40, 29.46, 26.67, 29.406, 0, 0, 0, 0, 0, 0, 0, 0, 0, 0, 0, 0, 18, 18, 18, 22, 73, 142, 339, 637, 529, 48, 0, 0
14:52:37, 1139.60, 29.46, 26.69, 29.414, 0, 0, 0, 0, 0, 0, 0, 0, 0, 0, 0, 0, 11, 11, 11, 13, 16, 31, 83, 171, 114, 11, 0, 0
14:52:38, 1140.50, 29.46, 26.64, 29.414, 0, 0, 0, 0, 0, 0, 0, 0, 0, 0, 0, 0, 9, 9, 9, 10, 61, 120, 289, 555, 434, 42, 0, 0
14:52:38, 1142.80, 29.47, 26.67, 29.414, 0, 0, 1, 0, 5, 10, 25, 43, 40, 4, 0, 0, 13, 13, 13, 16, 91, 173, 418, 743, 820, 82, 0, 0
14:52:39, 1142.00, 29.47, 26.71, 29.414, 0, 0, 1, 1, 5, 10, 25, 45, 51, 5, 0, 0, 36, 35, 36, 46, 215, 398, 870, 1479, 1948, 237, 0, 0
14:52:40, 1140.20, 29.48, 26.67, 29.414, 1, 1, 1, 1, 3, 6, 16, 29, 35, 4, 0, 0, 55, 55, 56, 73, 155, 291, 669, 1176, 1504, 181, 0, 0
14:52:40, 1143.10, 29.47, 26.67, 29.406, 1, 1, 2, 2, 5, 10, 24, 45, 49, 5, 0, 0, 44, 43, 44, 58, 47, 89, 219, 410, 511, 61, 0, 0
14:52:41, 1141.80, 29.47, 26.69, 29.406, 0, 0, 1, 2, 4, 9, 21, 39, 50, 5, 0, 0, 31, 31, 32, 40, 73, 139, 331, 603, 756, 90, 0, 0
14:52:42, 1142.30, 29.47, 26.67, 29.406, 1, 1, 2, 2, 5, 11, 27, 48, 53, 5, 0, 0, 10, 10, 10, 12, 22, 41, 104, 203, 253, 31, 0, 0
14:52:42, 1141.10, 29.46, 26.69, 29.414, 5, 4, 6, 8, 22, 43, 88, 150, 205, 21, 0, 0, 14, 14, 14, 19, 39, 75, 180, 323, 396, 41, 0, 0
14:52:43, 1143.30, 29.46, 26.69, 29.414, 3, 3, 4, 4, 22, 43, 88, 152, 220, 24, 0, 0, 2, 2, 2, 2, 11, 21, 55, 113, 146, 19, 0, 0
14:52:44, 1143.40, 29.46, 26.73, 29.414, 8, 7, 9, 11, 25, 49, 99, 168, 219, 23, 0, 0, 13, 13, 12, 15, 54, 102, 240, 440, 564, 69, 0, 0
14:52:44, 1143.50, 29.46, 26.69, 29.406, 4, 3, 4, 5, 15, 31, 65, 115, 150, 16, 0, 0, 11, 11, 11, 13, 26, 49, 122, 234, 285, 34, 0, 0
14:52:45, 1141.40, 29.47, 26.69, 29.406, 3, 3, 4, 5, 11, 21, 47, 84, 115, 13, 0, 0, 17, 17, 17, 21, 48, 91, 216, 398, 512, 62, 0, 0
14:52:46, 1138.00, 29.47, 26.74, 29.406, 5, 4, 5, 7, 12, 25, 54, 94, 115, 12, 0, 0, 61, 61, 63, 85, 189, 353, 763, 1283, 1666, 197, 0, 0
14:52:46, 1141.70, 29.47, 26.73, 29.414, 14, 13, 15, 22, 56, 107, 213, 353, 461, 46, 0, 0, 8, 7, 7, 9, 59, 113, 257, 453, 557, 63, 0, 0
14:52:47, 1145.70, 29.48, 26.71, 29.414, 4, 4, 5, 5, 24, 47, 96, 165, 212, 22, 0, 0, 5, 5, 5, 6, 3, 5, 15, 33, 40, 5, 0, 0
14:52:48, 1141.70, 29.48, 26.73, 29.406, 7, 6, 8, 11, 25, 49, 100, 171, 227, 23, 0, 0, 7, 6, 6, 8, 12, 23, 60, 120, 156, 19, 0, 0
14:52:48, 1142.00, 29.48, 26.73, 29.414, 4, 3, 4, 6, 29, 56, 113, 194, 286, 31, 0, 0, 5, 5, 5, 6, 6, 11, 29, 59, 77, 9, 0, 0
14:52:49, 1144.20, 29.47, 26.71, 29.414, 9, 8, 10, 13, 17, 34, 72, 127, 180, 20, 0, 0, 0, 0, 0, 0, 0, 0, 0, 1, 1, 0, 0, 0
14:52:50, 1146.00, 29.45, 26.73, 29.406, 10, 10, 12, 17, 49, 93, 190, 314, 365, 35, 0, 0, 0, 0, 0, 0, 0, 0, 2, 6, 7, 0, 0, 0
14:52:50, 1145.60, 29.44, 26.73, 29.414, 7, 7, 8, 12, 0, 0, 1, 2, 2, 0, 0, 0, 0, 0, 0, 0, 0, 0, 0, 0, 0, 0, 0, 0
14:52:51, 1141.10, 29.43, 26.73, 29.414, 2, 2, 2, 3, 16, 31, 71, 118, 99, 10, 0, 0, 0, 0, 0, 0, 0, 0, 1, 4, 5, 0, 0, 0
14:52:52, 1144.60, 29.41, 26.74, 29.406, 10, 10, 11, 16, 40, 77, 162, 270, 270, 26, 0, 0, 0, 0, 0, 0, 0, 0, 0, 0, 0, 0, 0, 0
14:52:52, 1141.70, 29.40, 26.74, 29.422, 8, 8, 9, 13, 18, 34, 77, 133, 112, 11, 0, 0, 0, 0, 0, 0, 0, 0, 2, 6, 8, 0, 0, 0
14:52:53, 1143.60, 29.39, 26.73, 29.422, 8, 8, 9, 11, 27, 52, 115, 192, 166, 16, 0, 0, 0, 0, 0, 0, 0, 0, 0, 0, 0, 0, 0, 0
14:52:54, 1143.90, 29.38, 26.74, 29.422, 9, 8, 10, 14, 37, 72, 147, 249, 306, 31, 0, 0, 0, 0, 0, 0, 0, 0, 1, 5, 6, 0, 0, 0
14:52:54, 1148.00, 29.38, 26.73, 29.422, 6, 6, 7, 9, 34, 65, 135, 230, 273, 27, 0, 0, 0, 0, 0, 0, 0, 0, 0, 0, 0, 0, 0, 0
14:52:55, 1144.80, 29.37, 26.73, 29.422, 9, 8, 9, 13, 18, 35, 74, 132, 171, 18, 0, 0, 0, 0, 0, 0, 0, 0, 0, 0, 0, 0, 0, 0
14:52:56, 1147.10, 29.36, 26.76, 29.422, 5, 5, 6, 7, 31, 59, 123, 213, 279, 29, 0, 0, 0, 0, 0, 0, 0, 0, 0, 0, 0, 0, 0, 0
14:52:56, 1143.80, 29.35, 26.74, 29.422, 5, 5, 6, 8, 16, 31, 68, 119, 139, 14, 0, 0, 0, 0, 0, 0, 0, 0, 0, 0, 0, 0, 0, 0
14:52:57, 1148.20, 29.34, 26.74, 29.422, 9, 9, 10, 15, 36, 69, 147, 248, 233, 22, 0, 0, 0, 0, 0, 0, 0, 0, 0, 0, 0, 0, 0, 0
14:52:58, 1147.10, 29.34, 26.74, 29.414, 10, 10, 12, 16, 31, 61, 130, 224, 232, 22, 0, 0, 0, 0, 0, 0, 0, 0, 0, 0, 0, 0, 0, 0
14:52:58, 1143.00, 29.33, 26.73, 29.414, 6, 5, 6, 9, 24, 46, 98, 170, 201, 20, 0, 0, 0, 0, 0, 0, 0, 0, 0, 0, 1, 0, 0, 0
14:52:59, 1147.20, 29.33, 26.73, 29.422, 11, 11, 12, 17, 57, 106, 221, 369, 383, 35, 0, 0, 0, 0, 0, 0, 0, 0, 0, 0, 0, 0, 0, 0
14:53:00, 1147.20, 29.32, 26.78, 29.422, 7, 6, 7, 10, 32, 62, 126, 217, 305, 32, 0, 0, 1, 1, 1, 1, 0, 0, 0, 0, 0, 0, 0, 0
14:53:00, 1145.50, 29.32, 26.74, 29.422, 8, 7, 8, 11, 30, 58, 119, 206, 274, 28, 0, 0, 2, 2, 2, 2, 2, 4, 14, 32, 40, 5, 0, 0
14:53:01, 1147.40, 29.31, 26.78, 29.414, 13, 13, 14, 20, 44, 84, 176, 297, 310, 29, 0, 0, 0, 0, 0, 0, 7, 13, 35, 72, 88, 10, 0, 0
14:53:02, 1144.60, 29.31, 26.76, 29.422, 9, 9, 10, 13, 32, 61, 130, 221, 225, 21, 0, 0, 2, 2, 2, 2, 9, 18, 50, 104, 111, 12, 0, 0
14:53:02, 1147.00, 29.31, 26.78, 29.422, 9, 9, 10, 15, 26, 51, 110, 187, 194, 19, 0, 0, 1, 1, 1, 1, 4, 8, 24, 52, 60, 6, 0, 0
14:53:03, 1148.30, 29.30, 26.80, 29.422, 11, 11, 12, 18, 53, 99, 208, 346, 341, 31, 0, 0, 0, 0, 0, 0, 0, 0, 0, 2, 1, 0, 0, 0
14:53:04, 1150.70, 29.30, 26.82, 29.430, 13, 13, 14, 20, 53, 101, 210, 350, 379, 35, 0, 0, 0, 0, 0, 0, 0, 0, 2, 7, 7, 0, 0, 0
14:53:04, 1150.00, 29.30, 26.78, 29.430, 10, 9, 10, 15, 37, 72, 149, 255, 301, 29, 0, 0, 0, 0, 0, 0, 0, 1, 3, 10, 13, 1, 0, 0
14:53:05, 1152.30, 29.30, 26.76, 29.422, 8, 7, 9, 11, 50, 93, 192, 325, 440, 44, 0, 0, 0, 0, 0, 0, 0, 0, 0, 1, 1, 0, 0, 0
14:53:06, 1149.00, 29.29, 26.82, 29.422, 9, 9, 10, 14, 31, 60, 126, 220, 325, 34, 0, 0, 5, 5, 5, 6, 20, 39, 98, 192, 235, 26, 0, 0
14:53:06, 1150.20, 29.29, 26.83, 29.422, 9, 8, 10, 13, 37, 71, 152, 261, 339, 34, 0, 0, 0, 0, 0, 0, 2, 4, 14, 34, 42, 5, 0, 0
14:53:07, 1151.00, 29.28, 26.76, 29.422, 6, 5, 6, 8, 17, 34, 73, 130, 192, 21, 0, 0, 3, 3, 3, 3, 0, 1, 3, 9, 11, 1, 0, 0
14:53:08, 1152.00, 29.28, 26.78, 29.422, 7, 7, 8, 10, 20, 40, 86, 153, 221, 24, 0, 0, 3, 3, 3, 3, 6, 12, 34, 72, 91, 10, 0, 0
14:53:08, 1152.00, 29.28, 26.82, 29.422, 8, 7, 9, 12, 23, 44, 95, 168, 236, 25, 0, 0, 1, 1, 1, 1, 2, 4, 12, 28, 35, 4, 0, 0
14:53:09, 1153.50, 29.28, 26.80, 29.422, 1, 1, 2, 2, 1, 2, 6, 12, 14, 2, 0, 0, 0, 0, 0, 0, 0, 0, 1, 5, 6, 0, 0, 0
14:53:10, 1156.10, 29.28, 26.82, 29.430, 5, 4, 5, 6, 18, 36, 77, 140, 199, 21, 0, 0, 0, 0, 0, 0, 0, 0, 0, 0, 0, 0, 0, 0
14:53:10, 1154.10, 29.27, 26.82, 29.430, 7, 6, 8, 9, 25, 50, 107, 187, 241, 24, 0, 0, 0, 0, 0, 0, 0, 0, 0, 0, 0, 0, 0, 0
14:53:11, 1149.70, 29.27, 26.82, 29.430, 5, 5, 6, 7, 19, 38, 82, 146, 178, 18, 0, 0, 2, 2, 1, 2, 3, 7, 20, 45, 53, 6, 0, 0
14:53:12, 1147.00, 29.27, 26.80, 29.422, 6, 6, 7, 9, 15, 29, 66, 113, 98, 9, 0, 0, 1, 1, 1, 1, 3, 6, 17, 38, 45, 5, 0, 0
14:53:12, 1153.90, 29.27, 26.80, 29.422, 10, 9, 11, 15, 35, 68, 145, 245, 263, 25, 0, 0, 1, 1, 1, 1, 6, 11, 31, 65, 75, 8, 0, 0
14:53:13, 1154.60, 29.31, 26.80, 29.430, 9, 9, 10, 14, 33, 63, 138, 235, 206, 19, 0, 0, 0, 0, 0, 0, 0, 0, 0, 2, 1, 0, 0, 0
14:53:13, 1153.50, 29.35, 26.82, 29.430, 9, 9, 10, 14, 26, 49, 111, 190, 133, 12, 0, 0, 0, 0, 0, 0, 0, 0, 0, 0, 0, 0, 0, 0
14:53:14, 1153.40, 29.37, 26.83, 29.430, 1, 1, 1, 2, 5, 11, 28, 53, 40, 4, 0, 0, 0, 0, 0, 0, 0, 0, 0, 0, 0, 0, 0, 0
14:53:15, 1148.70, 29.38, 26.82, 29.422, 3, 3, 4, 4, 21, 41, 90, 158, 132, 12, 0, 0, 0, 0, 0, 0, 0, 0, 0, 0, 0, 0, 0, 0
14:53:15, 1150.90, 29.38, 26.83, 29.422, 9, 9, 10, 13, 39, 75, 160, 270, 283, 26, 0, 0, 0, 0, 0, 0, 0, 0, 0, 1, 1, 0, 0, 0
14:53:16, 1152.10, 29.37, 26.80, 29.422, 9, 9, 10, 15, 41, 78, 168, 282, 300, 28, 0, 0, 0, 0, 0, 0, 0, 0, 0, 0, 0, 0, 0, 0
14:53:17, 1151.30, 29.36, 26.82, 29.430, 6, 6, 7, 10, 30, 59, 127, 217, 205, 19, 0, 0, 0, 0, 0, 0, 0, 0, 0, 0, 0, 0, 0, 0
14:53:17, 1153.30, 29.36, 26.82, 29.430, 6, 6, 6, 9, 31, 60, 130, 219, 247, 23, 0, 0, 0, 0, 0, 0, 0, 0, 0, 1, 1, 0, 0, 0
14:53:18, 1152.20, 29.35, 26.83, 29.430, 5, 4, 5, 7, 17, 33, 76, 128, 162, 16, 0, 0, 0, 0, 0, 0, 0, 0, 0, 1, 2, 0, 0, 0
14:53:19, 1151.30, 29.34, 26.83, 29.430, 6, 6, 7, 10, 20, 39, 89, 149, 200, 20, 0, 0, 0, 0, 0, 0, 0, 0, 0, 0, 0, 0, 0, 0
14:53:19, 1153.30, 29.33, 26.82, 29.430, 10, 10, 11, 16, 39, 74, 160, 268, 339, 33, 0, 0, 1, 1, 1, 1, 3, 5, 16, 37, 45, 5, 0, 0
14:53:20, 1153.40, 29.33, 26.82, 29.422, 3, 4, 4, 5, 17, 32, 74, 124, 173, 18, 0, 0, 0, 0, 0, 0, 0, 0, 0, 0, 0, 0, 0, 0
14:53:21, 1154.30, 29.32, 26.82, 29.437, 4, 4, 5, 7, 24, 48, 106, 180, 204, 19, 0, 0, 0, 0, 0, 0, 0, 0, 0, 0, 0, 0, 0, 0
14:53:21, 1154.80, 29.32, 26.82, 29.437, 6, 6, 6, 9, 24, 46, 103, 178, 188, 18, 0, 0, 0, 0, 0, 0, 0, 0, 0, 0, 0, 0, 0, 0
14:53:22, 1154.60, 29.32, 26.82, 29.430, 5, 5, 6, 7, 27, 52, 114, 195, 216, 20, 0, 0, 0, 0, 0, 0, 0, 0, 0, 1, 2, 0, 0, 0
14:53:23, 1157.10, 29.35, 26.82, 29.437, 5, 5, 6, 9, 14, 28, 64, 108, 135, 13, 0, 0, 0, 0, 0, 0, 0, 0, 0, 1, 1, 0, 0, 0
14:53:23, 1154.40, 29.37, 26.85, 29.437, 5, 5, 6, 9, 18, 35, 79, 136, 171, 17, 0, 0, 0, 0, 0, 0, 0, 0, 0, 1, 2, 0, 0, 0
14:53:24, 1154.70, 29.40, 26.85, 29.430, 7, 7, 8, 12, 27, 52, 115, 197, 221, 21, 0, 0, 0, 0, 0, 0, 0, 0, 0, 0, 0, 0, 0, 0
14:53:25, 1155.70, 29.41, 26.87, 29.437, 9, 9, 10, 14, 36, 70, 152, 258, 270, 25, 0, 0, 0, 0, 0, 0, 0, 0, 0, 0, 0, 0, 0, 0
14:53:25, 1155.40, 29.43, 26.87, 29.437, 7, 7, 7, 10, 22, 43, 97, 170, 186, 18, 0, 0, 0, 0, 0, 0, 0, 0, 0, 0, 0, 0, 0, 0
14:53:26, 1157.00, 29.44, 26.82, 29.430, 5, 5, 6, 8, 27, 53, 118, 201, 218, 20, 0, 0, 0, 0, 0, 0, 0, 0, 0, 0, 0, 0, 0, 0
14:53:27, 1159.30, 29.46, 26.87, 29.437, 3, 3, 4, 5, 21, 42, 95, 163, 188, 18, 0, 0, 0, 0, 0, 0, 0, 0, 0, 0, 0, 0, 0, 0
14:53:27, 1156.70, 29.46, 26.87, 29.437, 5, 5, 6, 9, 18, 35, 82, 140, 183, 18, 0, 0, 0, 0, 0, 0, 0, 0, 0, 0, 0, 0, 0, 0
14:53:28, 1157.20, 29.47, 26.82, 29.437, 5, 6, 6, 9, 17, 33, 77, 133, 162, 16, 0, 0, 0, 0, 0, 0, 0, 0, 1, 4, 4, 0, 0, 0
14:53:29, 1157.00, 29.48, 26.83, 29.445, 8, 8, 9, 12, 22, 44, 100, 173, 189, 18, 0, 0, 0, 0, 0, 0, 0, 0, 0, 1, 1, 0, 0, 0
14:53:29, 1157.00, 29.48, 26.87, 29.445, 6, 6, 6, 9, 29, 56, 126, 216, 247, 23, 0, 0, 0, 0, 0, 0, 0, 0, 0, 0, 0, 0, 0, 0
14:53:30, 1157.20, 29.49, 26.83, 29.445, 6, 6, 7, 10, 22, 44, 98, 168, 191, 18, 0, 0, 0, 0, 0, 0, 0, 0, 0, 2, 3, 0, 0, 0
14:53:31, 1160.00, 29.49, 26.85, 29.445, 5, 5, 6, 8, 17, 34, 78, 136, 160, 16, 0, 0, 0, 0, 0, 0, 0, 0, 0, 2, 3, 0, 0, 0
14:53:31, 1155.70, 29.50, 26.87, 29.445, 3, 3, 4, 5, 15, 31, 71, 124, 149, 15, 0, 0, 0, 0, 0, 0, 0, 0, 0, 1, 2, 0, 0, 0
14:53:32, 1156.90, 29.50, 26.87, 29.445, 6, 6, 7, 10, 26, 51, 112, 188, 252, 25, 0, 0, 0, 0, 0, 0, 0, 0, 2, 7, 7, 0, 0, 0
14:53:33, 1161.00, 29.51, 26.89, 29.445, 10, 10, 11, 16, 40, 76, 164, 277, 339, 32, 0, 0, 3, 3, 2, 3, 8, 17, 47, 94, 99, 10, 0, 0
14:53:33, 1156.10, 29.50, 26.89, 29.445, 9, 9, 10, 14, 29, 55, 122, 207, 267, 26, 0, 0, 4, 4, 3, 4, 12, 23, 64, 125, 128, 12, 0, 0
14:53:34, 1154.30, 29.51, 26.87, 29.445, 8, 8, 9, 12, 37, 69, 149, 251, 335, 33, 0, 0, 4, 4, 4, 5, 12, 25, 67, 130, 130, 12, 0, 0
14:53:35, 1148.80, 29.51, 26.89, 29.445, 9, 9, 10, 15, 42, 79, 167, 280, 373, 36, 0, 0, 4, 4, 4, 5, 14, 29, 77, 146, 147, 14, 0, 0
14:53:35, 1146.10, 29.51, 26.89, 29.437, 11, 11, 12, 17, 52, 96, 197, 325, 460, 46, 0, 0, 5, 4, 4, 5, 15, 29, 76, 145, 147, 14, 0, 0
14:53:36, 1141.00, 29.52, 26.91, 29.445, 13, 13, 15, 22, 59, 109, 218, 357, 448, 43, 0, 0, 5, 5, 5, 6, 16, 33, 83, 155, 154, 15, 0, 0
14:53:37, 1131.40, 29.53, 26.89, 29.445, 14, 14, 15, 24, 65, 116, 229, 363, 305, 27, 0, 0, 5, 5, 5, 6, 18, 36, 89, 161, 143, 14, 0, 0
14:53:37, 1134.00, 29.53, 26.91, 29.445, 18, 18, 21, 34, 98, 172, 327, 515, 574, 51, 0, 0, 4, 3, 3, 5, 13, 26, 65, 117, 113, 10, 0, 0
14:53:38, 1117.30, 29.53, 26.91, 29.445, 16, 16, 19, 30, 85, 149, 281, 441, 448, 41, 0, 0, 5, 4, 4, 6, 20, 38, 92, 161, 153, 14, 0, 0
14:53:39, 1113.50, 29.53, 26.91, 29.445, 29, 29, 36, 65, 157, 260, 463, 694, 1043, 104, 0, 0, 6, 6, 6, 9, 24, 46, 106, 181, 193, 18, 0, 0
14:53:39, 1095.90, 29.54, 26.89, 29.430, 36, 37, 47, 88, 255, 401, 681, 991, 1702, 182, 0, 0, 12, 11, 12, 18, 54, 96, 201, 324, 390, 39, 0, 0
14:53:40, 1083.70, 29.54, 26.91, 29.430, 74, 76, 107, 207, 500, 746, 1183, 1659, 2695, 296, 0, 0, 18, 17, 19, 31, 77, 134, 265, 411, 498, 52, 0, 0
14:53:41, 1070.20, 29.54, 26.91, 29.430, 100, 105, 157, 308, 639, 915, 1413, 1907, 2316, 235, 0, 0, 21, 20, 23, 39, 108, 182, 342, 514, 569, 60, 0, 0
14:53:41, 1074.60, 29.54, 26.92, 29.422, 120, 131, 208, 406, 773, 1080, 1625, 2159, 3157, 339, 0, 0, 17, 16, 19, 32, 84, 143, 276, 422, 455, 47, 0, 0
14:53:42, 1057.20, 29.54, 26.89, 29.430, 108, 117, 184, 354, 786, 1070, 1579, 2096, 2583, 284, 0, 0, 25, 24, 29, 51, 140, 226, 408, 594, 680, 72, 0, 0
14:53:43, 1043.10, 29.54, 26.94, 29.430, 200, 248, 434, 794, 1436, 1847, 2541, 3256, 5869, 780, 0, 0, 34, 33, 44, 82, 216, 326, 556, 779, 1032, 114, 0, 0
14:53:43, 1032.10, 29.55, 26.92, 29.422, 405, 622, 1108, 1786, 2881, 3372, 4336, 5308, 14508, 2829, 0, 0, 51, 53, 83, 154, 306, 431, 688, 922, 1451, 171, 0, 0
14:53:44, 1020.80, 29.55, 26.89, 29.422, 697, 1148, 1975, 2851, 4129, 4653, 5794, 6819, 19794, 4232, 0, 0, 57, 64, 106, 191, 377, 503, 769, 998, 1743, 221, 0, 0
14:53:45, 1012.00, 29.55, 26.96, 29.422, 1971, 3197, 4667, 5764, 7289, 7905, 9136, 10686, 33999, 12017, 0, 1, 93, 125, 210, 341, 596, 746, 1067, 1338, 2728, 407, 0, 0
14:53:45, 1012.20, 29.54, 26.91, 29.398, 2281, 3724, 5142, 6238, 7075, 7568, 8989, 10298, 29373, 10909, 0, 0, 798, 1260, 1781, 2168, 2899, 3085, 3817, 4430, 13361, 4177, 0, 0
14:53:46, 1012.20, 29.53, 26.94, 29.344, 2246, 3507, 4897, 5959, 6921, 7336, 8846, 9948, 30322, 11966, 0, 0, 1584, 2594, 3375, 4315, 4441, 4597, 6034, 6785, 18807, 7175, 0, 0
14:53:47, 1011.40, 29.51, 26.92, 29.344, 2258, 3558, 4975, 5980, 7015, 7599, 8898, 10359, 31505, 11982, 0, 0, 2290, 4235, 5624, 7061, 12087, 12568, 15928, 17931, 36000, 27092, 1, 1
14:53:47, 1011.60, 29.48, 26.96, 29.234, 2741, 4442, 6190, 7544, 8876, 9399, 11281, 12766, 36000, 16669, 1, 1, 7786, 13925, 18515, 22797, 28946, 32218, 35917, 36000, 36000, 36000, 1, 1
14:53:48, 1011.60, 29.46, 26.92, 29.172, 2830, 4544, 6360, 7575, 8714, 9258, 10974, 12640, 35387, 13437, 0, 1, 12256, 20887, 28643, 34064, 36000, 36000, 36000, 36000, 36000, 36000, 1, 1
14:53:49, 1011.60, 29.43, 26.94, 29.172, 2489, 4000, 5520, 6782, 7594, 8024, 9834, 10966, 29081, 11863, 0, 0, 12022, 20275, 28756, 34460, 36000, 36000, 36000, 36000, 36000, 36000, 1, 1
14:53:49, 1011.70, 29.40, 26.94, 29.008, 2539, 4042, 5670, 6817, 8094, 8625, 10061, 11755, 36000, 18372, 1, 1, 10841, 17592, 25332, 29702, 36000, 36000, 36000, 36000, 36000, 36000, 1, 1
14:53:50, 1011.70, 29.40, 26.98, 29.008, 2131, 3320, 4695, 5689, 6177, 6594, 8121, 8801, 26085, 9375, 0, 0, 10130, 16869, 23862, 28621, 30077, 33156, 36000, 36000, 36000, 36000, 1, 1
14:53:51, 1011.70, 29.38, 26.98, 28.836, 1244, 1898, 2708, 3184, 3158, 3323, 4064, 4446, 16825, 7231, 0, 0, 7003, 12032, 16356, 19805, 22351, 24531, 29485, 35615, 36000, 36000, 1, 1
14:53:51, 1011.90, 29.36, 26.98, 28.633, 704, 1016, 1510, 1755, 2263, 2427, 2821, 3298, 16037, 7410, 0, 0, 7665, 13000, 18093, 21466, 25252, 27177, 32799, 36000, 36000, 36000, 1, 1
14:53:52, 1012.00, 29.34, 26.98, 28.633, 834, 1264, 1751, 2168, 2178, 2301, 2848, 3164, 15478, 7066, 0, 0, 5585, 9794, 12520, 15710, 10351, 12957, 18273, 24079, 36000, 34070, 1, 1
14:53:53, 1012.00, 29.34, 26.96, 28.492, 1131, 1826, 2539, 3123, 3112, 3328, 3985, 4409, 17397, 6532, 0, 0, 165, 199, 195, 218, 499, 888, 1490, 2396, 5539, 3618, 0, 0
14:53:53, 1012.00, 29.32, 26.98, 28.320, 1001, 1629, 2266, 2805, 2854, 3022, 3650, 4026, 16045, 6084, 0, 0, 216, 291, 319, 372, 213, 317, 624, 832, 1484, 975, 0, 0
14:53:54, 1012.00, 29.30, 27.01, 28.320, 448, 782, 1036, 1456, 1797, 1787, 2523, 2452, 9353, 4067, 0, 0, 366, 452, 500, 555, 2395, 4021, 6709, 9046, 25022, 14301, 0, 0
14:53:55, 1012.20, 29.28, 27.01, 28.203, 1283, 1927, 2663, 3149, 3426, 3710, 4211, 4877, 19958, 8215, 0, 0, 1907, 2588, 2955, 3392, 3113, 5133, 8187, 11201, 28371, 17495, 0, 0
14:53:55, 1012.20, 29.26, 27.01, 28.148, 1064, 1721, 2408, 2960, 2923, 3117, 3738, 4183, 19486, 7755, 0, 0, 102, 124, 122, 136, 142, 254, 466, 783, 1769, 1280, 0, 0
