Secchi Depth (cm) = 9999
Forel Ule Scale = 99
pH Colour Scale = 99
SensingSecchi S/N = A016
Latitude (degs N) = 34.30359
Longitude (degs E) = -78.01367
Date = 2026-08-28
Time (UTC), Pressure (mbar) MS5803, Temp (deg C) MS5803, Temp (deg C) 10KTHERM, Temp (deg C) TMP117, ED 415nm, ED 445nm, ED 480nm, ED 515nm, ED 555nm, ED 590nm, ED 630nm, ED 680nm, ED Clear, ED NIR, ED D-SAT, ED A-SAT, EU 415nm, EU 445nm, EU 480nm, EU 515nm, EU 555nm, EU 590nm, EU 630nm, EU 680nm, EU Clear, EU NIR, EU D-SAT, EU A-SAT
15:10:48, 1012.70, 27.83, 27.73, 26.164, 17, 19, 20, 21, 21, 34, 61, 122, 362, 335, 0, 0, 12183, 20632, 26305, 33337, 36000, 36000, 36000, 36000, 36000, 36000, 1, 1
15:10:48, 1012.70, 27.83, 27.73, 26.211, 17, 19, 20, 22, 21, 34, 62, 122, 362, 335, 0, 0, 12118, 20506, 26176, 33152, 36000, 36000, 36000, 36000, 36000, 36000, 1, 1
15:10:49, 1012.90, 27.83, 27.73, 26.211, 17, 19, 20, 21, 21, 34, 62, 122, 362, 336, 0, 0, 12070, 20399, 26066, 32988, 36000, 36000, 36000, 36000, 36000, 36000, 1, 1
15:10:50, 1012.90, 27.82, 27.73, 26.203, 17, 19, 20, 21, 21, 34, 62, 122, 362, 335, 0, 0, 12069, 20376, 26067, 32969, 36000, 36000, 36000, 36000, 36000, 36000, 1, 1
15:10:50, 1012.90, 27.82, 27.75, 26.219, 17, 19, 20, 22, 21, 34, 61, 123, 361, 335, 0, 0, 12069, 20364, 26062, 32961, 36000, 36000, 36000, 36000, 36000, 36000, 1, 1
15:10:51, 1012.80, 27.81, 27.75, 26.219, 17, 19, 20, 22, 21, 34, 61, 123, 361, 335, 0, 0, 12030, 20298, 25989, 32863, 36000, 36000, 36000, 36000, 36000, 36000, 1, 1
15:10:52, 1013.00, 27.81, 27.77, 26.234, 17, 19, 20, 21, 21, 34, 61, 122, 361, 334, 0, 0, 12062, 20335, 26057, 32932, 36000, 36000, 36000, 36000, 36000, 36000, 1, 1
15:10:52, 1012.80, 27.81, 27.75, 26.250, 17, 19, 20, 22, 21, 34, 61, 121, 360, 334, 0, 0, 12066, 20328, 26050, 32932, 36000, 36000, 36000, 36000, 36000, 36000, 1, 1
15:10:53, 1012.70, 27.80, 27.80, 26.250, 17, 19, 20, 22, 21, 34, 61, 122, 361, 334, 0, 0, 12000, 20213, 25922, 32743, 36000, 36000, 36000, 36000, 36000, 36000, 1, 1
15:10:54, 1012.90, 27.80, 27.75, 26.273, 17, 19, 20, 22, 21, 34, 61, 122, 361, 334, 0, 0, 12022, 20226, 25957, 32781, 36000, 36000, 36000, 36000, 36000, 36000, 1, 1
15:10:54, 1012.80, 27.80, 27.78, 26.273, 17, 19, 20, 22, 21, 34, 61, 122, 360, 334, 0, 0, 12054, 20280, 26033, 32870, 36000, 36000, 36000, 36000, 36000, 36000, 1, 1
15:10:55, 1012.80, 27.81, 27.78, 26.297, 17, 19, 20, 22, 21, 34, 61, 122, 361, 334, 0, 0, 12003, 20196, 25936, 32739, 36000, 36000, 36000, 36000, 36000, 36000, 1, 1
15:10:56, 1012.60, 27.81, 27.78, 26.266, 17, 19, 20, 22, 21, 34, 61, 122, 361, 334, 0, 0, 12001, 20180, 25913, 32707, 36000, 36000, 36000, 36000, 36000, 36000, 1, 1
15:10:56, 1012.70, 27.81, 27.80, 26.266, 17, 19, 20, 21, 21, 34, 61, 121, 360, 333, 0, 0, 12027, 20213, 25967, 32771, 36000, 36000, 36000, 36000, 36000, 36000, 1, 1
15:10:57, 1012.80, 27.81, 27.78, 26.289, 17, 19, 20, 22, 21, 34, 61, 122, 361, 334, 0, 0, 11998, 20134, 25868, 32631, 36000, 36000, 36000, 36000, 36000, 36000, 1, 1
15:10:58, 1012.60, 27.81, 27.80, 26.305, 17, 19, 20, 21, 21, 34, 62, 122, 362, 335, 0, 0, 11948, 20054, 25770, 32511, 36000, 36000, 36000, 36000, 36000, 36000, 1, 1
15:10:58, 1012.80, 27.82, 27.78, 26.305, 17, 19, 20, 22, 21, 34, 61, 121, 360, 333, 0, 0, 12067, 20276, 26066, 32883, 36000, 36000, 36000, 36000, 36000, 36000, 1, 1
15:10:59, 1012.60, 27.82, 27.78, 26.328, 17, 19, 20, 21, 21, 34, 61, 121, 359, 332, 0, 0, 12061, 20287, 26071, 32905, 36000, 36000, 36000, 36000, 36000, 36000, 1, 1
15:11:00, 1012.80, 27.82, 27.77, 26.375, 17, 19, 20, 22, 21, 34, 62, 122, 361, 334, 0, 0, 11960, 20074, 25791, 32549, 36000, 36000, 36000, 36000, 36000, 36000, 1, 1
15:11:00, 1012.80, 27.82, 27.80, 26.375, 17, 19, 20, 22, 21, 34, 61, 122, 361, 334, 0, 0, 11996, 20119, 25867, 32618, 36000, 36000, 36000, 36000, 36000, 36000, 1, 1
15:11:01, 1012.80, 27.82, 27.80, 26.422, 17, 19, 20, 21, 21, 34, 61, 121, 358, 332, 0, 0, 12042, 20248, 26037, 32848, 36000, 36000, 36000, 36000, 36000, 36000, 1, 1
15:11:02, 1012.60, 27.83, 27.80, 26.453, 17, 19, 20, 22, 21, 34, 61, 122, 359, 333, 0, 0, 12000, 20139, 25892, 32655, 36000, 36000, 36000, 36000, 36000, 36000, 1, 1
15:11:02, 1012.70, 27.83, 27.80, 26.453, 17, 19, 20, 21, 21, 34, 61, 121, 360, 334, 0, 0, 11967, 20067, 25820, 32524, 36000, 36000, 36000, 36000, 36000, 36000, 1, 1
15:11:03, 1012.80, 27.83, 27.80, 26.469, 17, 19, 20, 21, 21, 34, 61, 122, 359, 333, 0, 0, 12051, 20245, 26042, 32822, 36000, 36000, 36000, 36000, 36000, 36000, 1, 1
15:11:03, 1012.70, 27.83, 27.80, 26.508, 17, 19, 20, 22, 21, 34, 61, 121, 360, 333, 0, 0, 12016, 20187, 25978, 32723, 36000, 36000, 36000, 36000, 36000, 36000, 1, 1
15:11:04, 1012.90, 27.83, 27.78, 26.508, 17, 19, 20, 21, 21, 34, 61, 121, 360, 333, 0, 0, 12026, 20166, 25977, 32685, 36000, 36000, 36000, 36000, 36000, 36000, 1, 1
15:11:05, 1012.80, 27.83, 27.78, 26.531, 17, 19, 20, 21, 21, 34, 61, 121, 359, 332, 0, 0, 12058, 20224, 26054, 32793, 36000, 36000, 36000, 36000, 36000, 36000, 1, 1
15:11:05, 1012.80, 27.83, 27.82, 26.555, 17, 19, 20, 22, 21, 34, 61, 121, 360, 333, 0, 0, 12027, 20179, 25984, 32715, 36000, 36000, 36000, 36000, 36000, 36000, 1, 1
15:11:06, 1012.90, 27.83, 27.80, 26.555, 17, 19, 20, 21, 21, 34, 61, 121, 360, 333, 0, 0, 12030, 20181, 25997, 32712, 36000, 36000, 36000, 36000, 36000, 36000, 1, 1
15:11:07, 1012.90, 27.83, 27.82, 26.547, 17, 19, 20, 22, 21, 34, 61, 121, 359, 332, 0, 0, 12053, 20211, 26032, 32761, 36000, 36000, 36000, 36000, 36000, 36000, 1, 1
15:11:07, 1012.70, 27.83, 27.82, 26.531, 17, 19, 20, 22, 21, 34, 61, 121, 358, 332, 0, 0, 12004, 20147, 25928, 32659, 36000, 36000, 36000, 36000, 36000, 36000, 1, 1
15:11:08, 1012.60, 27.82, 27.80, 26.531, 17, 19, 20, 21, 21, 34, 61, 121, 359, 332, 0, 0, 12000, 20112, 25892, 32593, 36000, 36000, 36000, 36000, 36000, 36000, 1, 1
15:11:09, 1012.80, 27.82, 27.82, 26.508, 17, 19, 20, 21, 21, 34, 61, 121, 358, 332, 0, 0, 12000, 20135, 25920, 32635, 36000, 36000, 36000, 36000, 36000, 36000, 1, 1
15:11:09, 1012.90, 27.82, 27.78, 26.508, 17, 19, 20, 21, 21, 34, 61, 120, 357, 331, 0, 0, 12001, 20159, 25931, 32687, 36000, 36000, 36000, 36000, 36000, 36000, 1, 1
15:11:10, 1012.80, 27.83, 27.78, 26.500, 17, 19, 20, 22, 21, 34, 61, 120, 357, 331, 0, 0, 12000, 20145, 25918, 32664, 36000, 36000, 36000, 36000, 36000, 36000, 1, 1
15:11:11, 1012.80, 27.83, 27.82, 26.516, 17, 19, 20, 21, 21, 34, 61, 120, 357, 331, 0, 0, 12000, 20124, 25895, 32628, 36000, 36000, 36000, 36000, 36000, 36000, 1, 1
15:11:11, 1012.80, 27.83, 27.84, 26.516, 17, 19, 20, 22, 21, 34, 61, 121, 357, 330, 0, 0, 12000, 20151, 25920, 32661, 36000, 36000, 36000, 36000, 36000, 36000, 1, 1
15:11:12, 1012.80, 27.83, 27.82, 26.547, 17, 19, 19, 22, 21, 33, 61, 121, 356, 330, 0, 0, 12000, 20156, 25916, 32669, 36000, 36000, 36000, 36000, 36000, 36000, 1, 1
15:11:13, 1012.70, 27.84, 27.82, 26.594, 17, 19, 19, 22, 21, 33, 61, 120, 356, 330, 0, 0, 12000, 20140, 25900, 32646, 36000, 36000, 36000, 36000, 36000, 36000, 1, 1
15:11:13, 1012.90, 27.84, 27.84, 26.594, 17, 19, 19, 21, 21, 34, 61, 120, 356, 330, 0, 0, 12000, 20137, 25898, 32637, 36000, 36000, 36000, 36000, 36000, 36000, 1, 1
15:11:14, 1012.80, 27.84, 27.84, 26.648, 17, 19, 19, 22, 21, 33, 61, 121, 356, 329, 0, 0, 12001, 20170, 25934, 32692, 36000, 36000, 36000, 36000, 36000, 36000, 1, 1
15:11:15, 1012.90, 27.84, 27.84, 26.687, 17, 19, 19, 22, 21, 33, 60, 120, 355, 329, 0, 0, 12002, 20168, 25930, 32695, 36000, 36000, 36000, 36000, 36000, 36000, 1, 1
15:11:15, 1012.60, 27.84, 27.84, 26.687, 17, 19, 19, 21, 21, 33, 60, 120, 355, 329, 0, 0, 12000, 20158, 25908, 32681, 36000, 36000, 36000, 36000, 36000, 36000, 1, 1
15:11:16, 1012.80, 27.85, 27.82, 26.680, 17, 19, 19, 22, 21, 33, 60, 120, 355, 329, 0, 0, 12065, 20254, 26035, 32842, 36000, 36000, 36000, 36000, 36000, 36000, 1, 1
15:11:17, 1012.80, 27.85, 27.84, 26.703, 17, 19, 19, 21, 21, 33, 60, 121, 355, 329, 0, 0, 12056, 20220, 26003, 32772, 36000, 36000, 36000, 36000, 36000, 36000, 1, 1
15:11:17, 1012.70, 27.85, 27.84, 26.703, 17, 19, 19, 22, 21, 33, 60, 119, 354, 328, 0, 0, 11926, 20012, 25712, 32443, 36000, 36000, 36000, 36000, 36000, 36000, 1, 1
15:11:18, 1012.80, 27.85, 27.87, 26.742, 17, 19, 19, 21, 21, 33, 60, 119, 352, 326, 0, 0, 11905, 20001, 25659, 32433, 36000, 36000, 36000, 36000, 36000, 36000, 1, 1
15:11:19, 1012.70, 27.85, 27.84, 26.781, 17, 19, 19, 21, 21, 33, 60, 119, 352, 326, 0, 0, 12027, 20194, 25949, 32757, 36000, 36000, 36000, 36000, 36000, 36000, 1, 1
15:11:19, 1012.70, 27.85, 27.86, 26.781, 17, 19, 19, 21, 21, 33, 60, 120, 355, 329, 0, 0, 12148, 20329, 26183, 33016, 36000, 36000, 36000, 36000, 36000, 36000, 1, 1
15:11:20, 1012.60, 27.84, 27.82, 26.805, 17, 19, 19, 22, 21, 34, 61, 120, 356, 330, 0, 0, 12084, 20198, 26031, 32810, 36000, 36000, 36000, 36000, 36000, 36000, 1, 1
15:11:21, 1012.90, 27.84, 27.84, 26.836, 17, 19, 19, 22, 21, 33, 60, 121, 355, 328, 0, 0, 12117, 20271, 26114, 32933, 36000, 36000, 36000, 36000, 36000, 36000, 1, 1
15:11:21, 1012.70, 27.84, 27.80, 26.836, 17, 19, 19, 21, 21, 33, 60, 119, 353, 327, 0, 0, 12103, 20269, 26085, 32919, 36000, 36000, 36000, 36000, 36000, 36000, 1, 1
15:11:22, 1012.70, 27.84, 27.86, 26.836, 17, 19, 19, 22, 21, 33, 60, 119, 353, 327, 0, 0, 12002, 20110, 25889, 32639, 36000, 36000, 36000, 36000, 36000, 36000, 1, 1
15:11:23, 1012.70, 27.84, 27.84, 26.867, 17, 19, 19, 22, 21, 33, 60, 119, 354, 328, 0, 0, 11984, 20014, 25784, 32501, 36000, 36000, 36000, 36000, 36000, 36000, 1, 1
15:11:23, 1012.70, 27.84, 27.86, 26.867, 17, 19, 19, 21, 21, 33, 60, 119, 353, 327, 0, 0, 11976, 20035, 25783, 32513, 36000, 36000, 36000, 36000, 36000, 36000, 1, 1
15:11:24, 1012.80, 27.84, 27.86, 26.883, 17, 19, 19, 20, 21, 33, 60, 118, 351, 325, 0, 0, 11930, 19971, 25684, 32385, 36000, 36000, 36000, 36000, 36000, 36000, 1, 1
15:11:25, 1012.50, 27.84, 27.82, 26.883, 17, 19, 19, 21, 21, 33, 60, 119, 352, 326, 0, 0, 11859, 19842, 25512, 32164, 35998, 36000, 36000, 36000, 36000, 36000, 1, 1
15:11:25, 1012.70, 27.84, 27.82, 26.930, 17, 19, 19, 21, 21, 33, 59, 118, 350, 324, 0, 0, 12013, 20163, 25892, 32715, 36000, 36000, 36000, 36000, 36000, 36000, 1, 1
15:11:26, 1012.60, 27.84, 27.91, 26.922, 17, 19, 19, 21, 20, 33, 59, 118, 349, 324, 0, 0, 12004, 20148, 25891, 32694, 36000, 36000, 36000, 36000, 36000, 36000, 1, 1
15:11:27, 1012.50, 27.84, 27.82, 26.922, 17, 19, 19, 21, 21, 33, 60, 118, 350, 325, 0, 0, 11874, 19883, 25539, 32249, 35973, 36000, 36000, 36000, 36000, 36000, 1, 1
15:11:27, 1012.70, 27.84, 27.84, 26.961, 17, 19, 19, 21, 21, 33, 59, 118, 350, 324, 0, 0, 11954, 20042, 25726, 32512, 36000, 36000, 36000, 36000, 36000, 36000, 1, 1
15:11:28, 1012.70, 27.84, 27.89, 26.977, 17, 19, 19, 21, 20, 33, 59, 117, 348, 322, 0, 0, 11982, 20114, 25789, 32630, 36000, 36000, 36000, 36000, 36000, 36000, 1, 1
15:11:29, 1012.50, 27.85, 27.86, 26.977, 17, 19, 19, 20, 20, 33, 59, 117, 347, 322, 0, 0, 11842, 19876, 25475, 32229, 35808, 36000, 36000, 36000, 36000, 36000, 1, 1
15:11:29, 1012.50, 27.85, 27.87, 26.984, 17, 19, 19, 21, 20, 33, 59, 118, 347, 322, 0, 0, 11833, 19861, 25435, 32201, 35998, 36000, 36000, 36000, 36000, 36000, 1, 1
15:11:30, 1012.70, 27.85, 27.89, 26.977, 16, 19, 19, 21, 20, 32, 58, 116, 344, 320, 0, 0, 11885, 19970, 25548, 32366, 36000, 36000, 36000, 36000, 36000, 36000, 1, 1
15:11:31, 1012.70, 27.85, 27.86, 26.977, 16, 18, 19, 21, 20, 32, 58, 117, 343, 318, 0, 0, 11857, 19931, 25474, 32315, 35933, 36000, 36000, 36000, 36000, 36000, 1, 1
15:11:31, 1012.70, 27.85, 27.89, 26.930, 16, 18, 19, 20, 20, 32, 58, 116, 344, 319, 0, 0, 11817, 19874, 25379, 32196, 35843, 36000, 36000, 36000, 36000, 36000, 1, 1
15:11:32, 1012.50, 27.85, 27.87, 26.937, 16, 18, 19, 21, 20, 32, 58, 115, 341, 317, 0, 0, 11854, 19942, 25466, 32322, 35859, 36000, 36000, 36000, 36000, 36000, 1, 1
15:11:33, 1012.60, 27.85, 27.86, 26.937, 16, 18, 18, 21, 20, 32, 57, 114, 337, 313, 0, 0, 11817, 19895, 25381, 32242, 35784, 36000, 36000, 36000, 36000, 36000, 1, 1
15:11:33, 1012.70, 27.86, 27.89, 26.961, 16, 18, 19, 21, 20, 32, 58, 116, 341, 316, 0, 0, 11891, 20034, 25537, 32471, 35999, 36000, 36000, 36000, 36000, 36000, 1, 1
15:11:34, 1012.70, 27.86, 27.86, 27.000, 16, 18, 19, 21, 20, 32, 58, 116, 341, 316, 0, 0, 11886, 20020, 25520, 32464, 35945, 36000, 36000, 36000, 36000, 36000, 1, 1
15:11:35, 1012.50, 27.86, 27.89, 27.000, 16, 18, 19, 21, 20, 32, 58, 116, 341, 317, 0, 0, 11874, 20006, 25494, 32422, 36000, 36000, 36000, 36000, 36000, 36000, 1, 1
15:11:35, 1012.40, 27.86, 27.89, 27.031, 16, 18, 19, 21, 20, 32, 58, 115, 341, 317, 0, 0, 11888, 20037, 25520, 32475, 35956, 36000, 36000, 36000, 36000, 36000, 1, 1
15:11:36, 1012.40, 27.86, 27.87, 27.070, 16, 18, 18, 21, 20, 31, 57, 113, 336, 312, 0, 0, 11830, 19950, 25396, 32339, 35844, 36000, 36000, 36000, 36000, 36000, 1, 1
15:11:37, 1012.40, 27.87, 27.89, 27.070, 16, 18, 18, 20, 20, 31, 57, 113, 336, 312, 0, 0, 11840, 19964, 25415, 32362, 35832, 36000, 36000, 36000, 36000, 36000, 1, 1
15:11:37, 1012.30, 27.86, 27.89, 27.094, 16, 18, 18, 19, 20, 31, 57, 114, 335, 312, 0, 0, 11844, 19972, 25426, 32375, 35801, 36000, 36000, 36000, 36000, 36000, 1, 1
15:11:38, 1012.30, 27.86, 27.89, 27.094, 16, 18, 18, 20, 20, 31, 57, 113, 335, 311, 0, 0, 11804, 19888, 25321, 32235, 35689, 36000, 36000, 36000, 36000, 36000, 1, 1
15:11:39, 1012.50, 27.86, 27.91, 27.102, 16, 18, 18, 20, 20, 31, 57, 113, 335, 311, 0, 0, 11771, 19813, 25230, 32113, 35574, 36000, 36000, 36000, 36000, 36000, 1, 1
15:11:39, 1012.40, 27.86, 27.89, 27.109, 16, 18, 18, 20, 20, 31, 56, 113, 335, 311, 0, 0, 11805, 19883, 25312, 32233, 35706, 36000, 36000, 36000, 36000, 36000, 1, 1
15:11:40, 1012.40, 27.86, 27.89, 27.109, 16, 18, 18, 19, 20, 31, 56, 113, 334, 311, 0, 0, 11878, 20045, 25507, 32518, 36000, 36000, 36000, 36000, 36000, 36000, 1, 1
15:11:41, 1012.20, 27.86, 27.89, 27.125, 16, 18, 18, 20, 19, 31, 56, 112, 334, 311, 0, 0, 11906, 20104, 25564, 32627, 36000, 36000, 36000, 36000, 36000, 36000, 1, 1
15:11:41, 1012.60, 27.85, 27.87, 27.156, 16, 18, 18, 20, 20, 31, 56, 113, 335, 311, 0, 0, 11889, 20061, 25517, 32539, 36000, 36000, 36000, 36000, 36000, 36000, 1, 1
15:11:42, 1012.70, 27.86, 27.89, 27.156, 16, 18, 18, 20, 20, 31, 56, 113, 334, 311, 0, 0, 11918, 20125, 25592, 32657, 36000, 36000, 36000, 36000, 36000, 36000, 1, 1
15:11:43, 1012.70, 27.86, 27.89, 27.164, 16, 18, 18, 19, 19, 31, 56, 112, 332, 309, 0, 0, 11920, 20148, 25609, 32699, 36000, 36000, 36000, 36000, 36000, 36000, 1, 1
15:11:43, 1012.50, 27.86, 27.91, 27.187, 16, 18, 18, 20, 19, 31, 56, 113, 333, 310, 0, 0, 11882, 20056, 25494, 32535, 36000, 36000, 36000, 36000, 36000, 36000, 1, 1
15:11:44, 1012.50, 27.86, 27.89, 27.187, 16, 18, 18, 20, 19, 31, 56, 112, 332, 309, 0, 0, 11843, 19991, 25410, 32415, 35893, 36000, 36000, 36000, 36000, 36000, 1, 1
15:11:44, 1012.40, 27.86, 27.89, 27.172, 16, 18, 18, 19, 19, 31, 56, 111, 330, 307, 0, 0, 11785, 19888, 25256, 32239, 35582, 36000, 36000, 36000, 36000, 36000, 1, 1
15:11:45, 1012.40, 27.86, 27.91, 27.172, 16, 18, 18, 20, 19, 31, 55, 111, 329, 306, 0, 0, 11716, 19729, 25069, 31956, 35189, 36000, 36000, 36000, 36000, 36000, 1, 1
15:11:46, 1012.60, 27.87, 27.91, 27.172, 15, 17, 18, 20, 19, 30, 54, 108, 321, 298, 0, 0, 11262, 18821, 23975, 30385, 32524, 35884, 36000, 36000, 36000, 36000, 1, 1
15:11:46, 1012.40, 27.87, 27.91, 27.195, 14, 16, 17, 18, 18, 29, 51, 103, 305, 283, 0, 0, 10399, 17354, 22017, 28042, 31083, 34545, 36000, 36000, 36000, 36000, 1, 1
15:11:47, 1012.70, 27.86, 27.89, 27.234, 15, 17, 18, 20, 19, 31, 55, 111, 327, 304, 0, 0, 10862, 18344, 22933, 29710, 32758, 36000, 36000, 36000, 36000, 36000, 1, 1
15:11:48, 1012.70, 27.86, 27.93, 27.234, 16, 18, 18, 21, 20, 32, 57, 114, 338, 314, 0, 0, 11133, 18527, 23607, 30118, 33236, 36000, 36000, 36000, 36000, 36000, 1, 1
15:11:48, 1012.70, 27.86, 27.93, 27.250, 16, 18, 19, 21, 20, 32, 57, 115, 339, 315, 0, 0, 11241, 18670, 23914, 30400, 33703, 36000, 36000, 36000, 36000, 36000, 1, 1
15:11:49, 1012.80, 27.85, 27.93, 27.273, 16, 18, 19, 21, 20, 32, 57, 114, 339, 315, 0, 0, 11292, 18722, 24030, 30551, 33869, 36000, 36000, 36000, 36000, 36000, 1, 1
15:11:50, 1012.70, 27.85, 27.91, 27.273, 16, 18, 19, 20, 20, 32, 57, 115, 339, 315, 0, 0, 11398, 18899, 24291, 30842, 34291, 36000, 36000, 36000, 36000, 36000, 1, 1
15:11:50, 1012.80, 27.85, 27.93, 27.305, 16, 18, 19, 21, 20, 32, 58, 115, 340, 316, 0, 0, 11525, 19143, 24608, 31182, 34682, 36000, 36000, 36000, 36000, 36000, 1, 1
15:11:51, 1012.80, 27.85, 27.91, 27.352, 16, 18, 19, 21, 20, 32, 58, 115, 342, 317, 0, 0, 11612, 19308, 24808, 31390, 34951, 36000, 36000, 36000, 36000, 36000, 1, 1
15:11:52, 1012.70, 27.86, 27.91, 27.352, 16, 18, 19, 21, 20, 32, 58, 116, 341, 316, 0, 0, 11652, 19394, 24902, 31563, 35091, 36000, 36000, 36000, 36000, 36000, 1, 1
15:11:52, 1012.70, 27.86, 27.93, 27.398, 16, 18, 19, 21, 20, 32, 58, 116, 339, 315, 0, 0, 11541, 19148, 24600, 31219, 34546, 36000, 36000, 36000, 36000, 36000, 1, 1
15:11:53, 1012.60, 27.86, 27.95, 27.398, 16, 18, 19, 20, 20, 32, 58, 116, 339, 315, 0, 0, 11487, 19015, 24459, 31049, 34521, 36000, 36000, 36000, 36000, 36000, 1, 1
15:11:54, 1012.50, 27.86, 27.95, 27.445, 16, 18, 19, 21, 20, 32, 57, 116, 339, 315, 0, 0, 11631, 19321, 24824, 31496, 35066, 36000, 36000, 36000, 36000, 36000, 1, 1
15:11:54, 1012.70, 27.86, 27.93, 27.484, 16, 18, 19, 20, 20, 32, 58, 115, 340, 315, 0, 0, 11653, 19361, 24881, 31511, 35092, 36000, 36000, 36000, 36000, 36000, 1, 1
15:11:55, 1012.70, 27.86, 27.95, 27.484, 16, 18, 19, 20, 20, 32, 58, 115, 341, 316, 0, 0, 11667, 19383, 24933, 31529, 35182, 36000, 36000, 36000, 36000, 36000, 1, 1
15:11:56, 1012.70, 27.86, 27.96, 27.523, 16, 18, 19, 20, 20, 32, 58, 115, 339, 315, 0, 0, 11649, 19355, 24885, 31528, 35016, 36000, 36000, 36000, 36000, 36000, 1, 1
15:11:56, 1012.50, 27.86, 27.96, 27.547, 16, 18, 19, 21, 20, 32, 57, 115, 338, 313, 0, 0, 11622, 19319, 24836, 31460, 34897, 36000, 36000, 36000, 36000, 36000, 1, 1
15:11:57, 1012.60, 27.86, 27.93, 27.547, 16, 18, 19, 20, 20, 32, 57, 114, 338, 314, 0, 0, 11581, 19229, 24727, 31298, 34819, 36000, 36000, 36000, 36000, 36000, 1, 1
15:11:58, 1012.70, 27.86, 27.96, 27.539, 16, 18, 19, 20, 20, 32, 57, 114, 337, 313, 0, 0, 11619, 19313, 24820, 31441, 34965, 36000, 36000, 36000, 36000, 36000, 1, 1
15:11:58, 1012.90, 27.86, 27.98, 27.547, 16, 18, 18, 20, 20, 32, 57, 114, 336, 312, 0, 0, 11599, 19288, 24782, 31410, 34873, 36000, 36000, 36000, 36000, 36000, 1, 1
15:11:59, 1012.70, 27.86, 27.95, 27.547, 16, 18, 18, 20, 20, 32, 57, 114, 336, 312, 0, 0, 11589, 19262, 24755, 31337, 34868, 36000, 36000, 36000, 36000, 36000, 1, 1
15:12:00, 1012.70, 27.86, 27.93, 27.570, 16, 18, 18, 20, 20, 32, 57, 114, 336, 312, 0, 0, 11621, 19340, 24834, 31439, 35029, 36000, 36000, 36000, 36000, 36000, 1, 1
15:12:00, 1012.80, 27.86, 27.95, 27.609, 16, 18, 18, 19, 20, 32, 57, 113, 335, 311, 0, 0, 11613, 19332, 24827, 31440, 34947, 36000, 36000, 36000, 36000, 36000, 1, 1
15:12:01, 1012.70, 27.86, 27.93, 27.609, 16, 18, 18, 20, 20, 32, 57, 113, 335, 311, 0, 0, 11610, 19321, 24827, 31396, 34928, 36000, 36000, 36000, 36000, 36000, 1, 1
15:12:02, 1012.70, 27.86, 27.95, 27.641, 16, 18, 18, 20, 20, 32, 57, 113, 334, 310, 0, 0, 11616, 19344, 24826, 31423, 34999, 36000, 36000, 36000, 36000, 36000, 1, 1
15:12:02, 1012.60, 27.86, 27.96, 27.680, 16, 18, 18, 19, 20, 31, 57, 113, 332, 309, 0, 0, 11622, 19370, 24837, 31480, 35027, 36000, 36000, 36000, 36000, 36000, 1, 1
15:12:03, 1012.60, 27.86, 27.96, 27.680, 16, 18, 18, 20, 20, 31, 57, 113, 333, 309, 0, 0, 11616, 19339, 24831, 31424, 34935, 36000, 36000, 36000, 36000, 36000, 1, 1
15:12:04, 1012.70, 27.86, 27.96, 27.680, 16, 18, 18, 20, 20, 31, 57, 113, 333, 309, 0, 0, 11617, 19341, 24835, 31422, 34954, 36000, 36000, 36000, 36000, 36000, 1, 1
15:12:04, 1012.90, 27.86, 27.93, 27.687, 16, 18, 18, 19, 20, 31, 56, 113, 331, 307, 0, 0, 11623, 19373, 24851, 31477, 34999, 36000, 36000, 36000, 36000, 36000, 1, 1
15:12:05, 1012.60, 27.86, 27.93, 27.687, 16, 18, 18, 19, 20, 31, 56, 112, 331, 307, 0, 0, 11612, 19347, 24833, 31421, 34977, 36000, 36000, 36000, 36000, 36000, 1, 1
15:12:06, 1012.60, 27.86, 27.95, 27.727, 16, 18, 18, 19, 19, 31, 56, 113, 330, 307, 0, 0, 11600, 19320, 24797, 31373, 34952, 36000, 36000, 36000, 36000, 36000, 1, 1
15:12:06, 1012.80, 27.86, 27.95, 27.750, 16, 18, 18, 19, 19, 31, 56, 113, 330, 306, 0, 0, 11637, 19383, 24892, 31491, 35096, 36000, 36000, 36000, 36000, 36000, 1, 1
15:12:07, 1012.60, 27.86, 27.95, 27.750, 16, 18, 18, 19, 19, 31, 56, 111, 329, 305, 0, 0, 11633, 19378, 24879, 31475, 35005, 36000, 36000, 36000, 36000, 36000, 1, 1
15:12:08, 1012.60, 27.85, 27.98, 27.773, 16, 18, 18, 20, 19, 31, 56, 112, 329, 305, 0, 0, 11605, 19311, 24803, 31341, 34897, 36000, 36000, 36000, 36000, 36000, 1, 1
15:12:08, 1012.60, 27.85, 27.98, 27.773, 16, 18, 18, 20, 19, 31, 56, 111, 328, 305, 0, 0, 11609, 19321, 24828, 31378, 34952, 36000, 36000, 36000, 36000, 36000, 1, 1
15:12:09, 1012.80, 27.85, 27.96, 27.812, 16, 18, 18, 20, 19, 31, 56, 111, 327, 303, 0, 0, 11615, 19348, 24835, 31430, 34987, 36000, 36000, 36000, 36000, 36000, 1, 1
15:12:10, 1012.60, 27.85, 27.98, 27.844, 16, 18, 18, 19, 19, 31, 56, 111, 327, 304, 0, 0, 11586, 19274, 24777, 31307, 34836, 36000, 36000, 36000, 36000, 36000, 1, 1
15:12:10, 1012.60, 27.85, 27.95, 27.844, 16, 18, 18, 19, 19, 31, 56, 111, 327, 304, 0, 0, 11585, 19268, 24777, 31294, 34892, 36000, 36000, 36000, 36000, 36000, 1, 1
15:12:11, 1012.60, 27.85, 27.96, 27.844, 15, 18, 18, 20, 19, 31, 55, 110, 325, 302, 0, 0, 11639, 19382, 24893, 31485, 35097, 36000, 36000, 36000, 36000, 36000, 1, 1
15:12:12, 1012.70, 27.85, 28.00, 27.875, 15, 18, 18, 20, 19, 31, 55, 110, 325, 302, 0, 0, 11624, 19353, 24859, 31426, 34953, 36000, 36000, 36000, 36000, 36000, 1, 1
15:12:12, 1012.70, 27.85, 28.00, 27.875, 16, 18, 18, 20, 19, 31, 56, 112, 326, 303, 0, 0, 11580, 19260, 24772, 31257, 34844, 36000, 36000, 36000, 36000, 36000, 1, 1
15:12:13, 1012.60, 27.85, 27.96, 27.867, 16, 18, 18, 19, 19, 31, 55, 111, 324, 301, 0, 0, 11621, 19352, 24866, 31423, 35010, 36000, 36000, 36000, 36000, 36000, 1, 1
15:12:14, 1012.70, 27.85, 28.00, 27.883, 15, 17, 18, 19, 19, 31, 55, 110, 324, 300, 0, 0, 11617, 19341, 24849, 31407, 34926, 36000, 36000, 36000, 36000, 36000, 1, 1
15:12:14, 1012.70, 27.85, 27.98, 27.883, 15, 18, 18, 20, 19, 31, 55, 111, 325, 301, 0, 0, 11598, 19272, 24810, 31301, 34892, 36000, 36000, 36000, 36000, 36000, 1, 1
15:12:15, 1012.70, 27.85, 28.02, 27.914, 15, 18, 18, 20, 19, 31, 55, 110, 324, 301, 0, 0, 11640, 19358, 24906, 31426, 35034, 36000, 36000, 36000, 36000, 36000, 1, 1
15:12:16, 1012.70, 27.85, 27.98, 27.961, 15, 18, 18, 20, 19, 31, 55, 111, 323, 300, 0, 0, 11654, 19380, 24938, 31479, 35076, 36000, 36000, 36000, 36000, 36000, 1, 1
15:12:16, 1012.80, 27.85, 27.95, 27.961, 15, 18, 18, 20, 19, 31, 55, 111, 324, 301, 0, 0, 11628, 19331, 24889, 31386, 35051, 36000, 36000, 36000, 36000, 36000, 1, 1
15:12:17, 1012.70, 27.85, 28.02, 27.977, 15, 18, 18, 19, 19, 31, 55, 111, 324, 301, 0, 0, 11616, 19309, 24852, 31347, 34966, 36000, 36000, 36000, 36000, 36000, 1, 1
15:12:18, 1012.70, 27.85, 27.98, 27.992, 15, 17, 18, 20, 19, 31, 55, 109, 323, 300, 0, 0, 11611, 19299, 24835, 31344, 34930, 36000, 36000, 36000, 36000, 36000, 1, 1
15:12:18, 1012.70, 27.85, 28.00, 27.992, 15, 17, 18, 19, 19, 31, 55, 110, 323, 299, 0, 0, 11580, 19227, 24780, 31221, 34815, 36000, 36000, 36000, 36000, 36000, 1, 1
15:12:19, 1012.80, 27.85, 28.00, 27.992, 15, 17, 18, 19, 19, 31, 55, 110, 323, 299, 0, 0, 11517, 19081, 24618, 31037, 34592, 36000, 36000, 36000, 36000, 36000, 1, 1
15:12:20, 1012.80, 27.84, 28.00, 28.023, 15, 17, 18, 20, 19, 30, 55, 110, 321, 298, 0, 0, 11478, 18996, 24523, 30924, 34461, 36000, 36000, 36000, 36000, 36000, 1, 1
15:12:20, 1012.70, 27.84, 27.98, 28.023, 15, 17, 18, 19, 19, 31, 55, 110, 321, 298, 0, 0, 11481, 18990, 24519, 30917, 34438, 36000, 36000, 36000, 36000, 36000, 1, 1
15:12:21, 1012.60, 27.84, 27.98, 28.055, 15, 17, 18, 20, 19, 31, 55, 109, 321, 298, 0, 0, 11456, 18951, 24481, 30844, 34389, 36000, 36000, 36000, 36000, 36000, 1, 1
15:12:22, 1012.60, 27.84, 27.98, 28.078, 15, 17, 18, 19, 19, 30, 55, 109, 321, 298, 0, 0, 11486, 19022, 24559, 30950, 34544, 36000, 36000, 36000, 36000, 36000, 1, 1
15:12:22, 1012.70, 27.85, 27.98, 28.078, 15, 17, 18, 20, 19, 30, 55, 110, 321, 298, 0, 0, 11531, 19100, 24652, 31065, 34650, 36000, 36000, 36000, 36000, 36000, 1, 1
15:12:23, 1012.80, 27.84, 28.00, 28.109, 15, 17, 18, 20, 19, 30, 55, 110, 321, 298, 0, 0, 11569, 19182, 24749, 31160, 34816, 36000, 36000, 36000, 36000, 36000, 1, 1
15:12:24, 1012.70, 27.85, 28.05, 28.109, 15, 17, 18, 20, 19, 31, 55, 110, 322, 299, 0, 0, 11592, 19236, 24802, 31209, 34879, 36000, 36000, 36000, 36000, 36000, 1, 1
15:12:24, 1012.80, 27.85, 28.00, 28.117, 15, 17, 18, 20, 19, 31, 55, 110, 322, 298, 0, 0, 11584, 19222, 24797, 31211, 34873, 36000, 36000, 36000, 36000, 36000, 1, 1
15:12:25, 1012.80, 27.85, 28.00, 28.125, 15, 17, 18, 19, 19, 31, 55, 109, 321, 298, 0, 0, 11519, 19081, 24642, 31026, 34592, 36000, 36000, 36000, 36000, 36000, 1, 1
15:12:26, 1012.60, 27.85, 28.00, 28.125, 15, 17, 18, 20, 19, 31, 55, 109, 321, 297, 0, 0, 11472, 18970, 24528, 30869, 34471, 36000, 36000, 36000, 36000, 36000, 1, 1
15:12:26, 1012.60, 27.85, 27.98, 28.148, 15, 17, 18, 19, 19, 30, 55, 110, 320, 297, 0, 0, 11469, 18948, 24500, 30849, 34425, 36000, 36000, 36000, 36000, 36000, 1, 1
15:12:27, 1012.80, 27.85, 28.02, 28.195, 15, 17, 18, 19, 19, 30, 55, 109, 321, 297, 0, 0, 11482, 18980, 24545, 30884, 34462, 36000, 36000, 36000, 36000, 36000, 1, 1
15:12:27, 1012.80, 27.85, 28.00, 28.195, 15, 17, 18, 20, 19, 31, 55, 110, 321, 298, 0, 0, 11506, 19037, 24615, 30958, 34651, 36000, 36000, 36000, 36000, 36000, 1, 1
15:12:28, 1012.80, 27.85, 28.02, 28.211, 15, 17, 18, 19, 19, 30, 55, 110, 321, 297, 0, 0, 11512, 19049, 24620, 30983, 34592, 36000, 36000, 36000, 36000, 36000, 1, 1
15:12:29, 1012.70, 27.86, 28.02, 28.242, 15, 17, 18, 20, 19, 30, 55, 110, 321, 297, 0, 0, 11506, 19034, 24611, 30970, 34574, 36000, 36000, 36000, 36000, 36000, 1, 1
15:12:29, 1012.70, 27.86, 28.05, 28.242, 15, 17, 18, 20, 19, 30, 55, 109, 320, 297, 0, 0, 11503, 19026, 24595, 30967, 34579, 36000, 36000, 36000, 36000, 36000, 1, 1
15:12:30, 1012.30, 27.86, 28.04, 28.266, 15, 17, 18, 20, 19, 30, 55, 110, 320, 297, 0, 0, 11531, 19048, 24636, 31034, 34640, 36000, 36000, 36000, 36000, 36000, 1, 1
15:12:31, 1012.40, 27.86, 28.02, 28.305, 15, 17, 18, 20, 19, 30, 55, 110, 320, 296, 0, 0, 11517, 19019, 24611, 31003, 34556, 36000, 36000, 36000, 36000, 36000, 1, 1
15:12:31, 1012.80, 27.85, 28.02, 28.305, 15, 17, 18, 19, 19, 30, 55, 109, 320, 296, 0, 0, 11480, 18938, 24519, 30861, 34460, 36000, 36000, 36000, 36000, 36000, 1, 1
15:12:32, 1012.60, 27.85, 28.00, 28.320, 15, 17, 18, 19, 19, 30, 55, 110, 320, 296, 0, 0, 11478, 18941, 24521, 30863, 34515, 36000, 36000, 36000, 36000, 36000, 1, 1
15:12:33, 1012.60, 27.86, 28.02, 28.336, 15, 17, 18, 20, 19, 30, 55, 109, 319, 295, 0, 0, 11473, 18965, 24533, 30881, 34394, 36000, 36000, 36000, 36000, 36000, 1, 1
15:12:33, 1012.70, 27.86, 28.00, 28.336, 15, 17, 18, 20, 19, 30, 55, 108, 319, 295, 0, 0, 11403, 18844, 24357, 30649, 34239, 36000, 36000, 36000, 36000, 36000, 1, 1
15:12:34, 1012.80, 27.86, 28.04, 28.352, 15, 17, 18, 20, 19, 30, 55, 109, 319, 295, 0, 0, 11440, 18919, 24430, 30772, 34332, 36000, 36000, 36000, 36000, 36000, 1, 1
15:12:35, 1012.80, 27.86, 27.98, 28.367, 15, 17, 18, 20, 19, 30, 54, 108, 318, 295, 0, 0, 11331, 18707, 24138, 30435, 33631, 36000, 36000, 36000, 36000, 36000, 1, 1
15:12:35, 1012.70, 27.87, 28.07, 28.367, 15, 17, 17, 19, 19, 30, 54, 107, 316, 293, 0, 0, 11145, 18397, 23668, 29928, 33101, 36000, 36000, 36000, 36000, 36000, 1, 1
15:12:36, 1012.50, 27.87, 28.02, 28.375, 15, 17, 17, 19, 18, 30, 53, 106, 313, 290, 0, 0, 10686, 17788, 22528, 28851, 31159, 34875, 36000, 36000, 36000, 36000, 1, 1
15:12:37, 1012.60, 27.88, 28.02, 28.414, 14, 16, 17, 19, 18, 28, 51, 101, 298, 277, 0, 0, 9962, 16617, 20947, 26681, 28955, 31884, 36000, 36000, 36000, 36000, 1, 1
15:12:37, 1012.70, 27.89, 28.04, 28.414, 13, 15, 15, 17, 16, 25, 46, 91, 268, 249, 0, 0, 10259, 16814, 21652, 26966, 30882, 33903, 36000, 36000, 36000, 36000, 1, 1
15:12:38, 1012.40, 27.88, 28.04, 28.422, 14, 16, 16, 17, 17, 28, 50, 100, 293, 272, 0, 0, 11483, 19133, 24483, 30914, 34535, 36000, 36000, 36000, 36000, 36000, 1, 1
15:12:39, 1012.40, 27.88, 28.05, 28.422, 14, 16, 17, 18, 18, 28, 51, 101, 300, 278, 0, 0, 11504, 19158, 24546, 30960, 34446, 36000, 36000, 36000, 36000, 36000, 1, 1
15:12:39, 1012.50, 27.88, 28.04, 28.445, 14, 16, 17, 18, 18, 28, 50, 100, 298, 277, 0, 0, 11527, 19208, 24595, 31058, 34612, 36000, 36000, 36000, 36000, 36000, 1, 1
15:12:40, 1012.50, 27.87, 28.04, 28.453, 14, 16, 17, 18, 18, 28, 50, 101, 298, 278, 0, 0, 11585, 19334, 24752, 31293, 34875, 36000, 36000, 36000, 36000, 36000, 1, 1
15:12:41, 1012.70, 27.87, 28.04, 28.453, 15, 17, 17, 19, 18, 29, 52, 104, 308, 287, 0, 0, 11702, 19503, 25020, 31568, 35166, 36000, 36000, 36000, 36000, 36000, 1, 1
15:12:41, 1012.50, 27.86, 28.05, 28.437, 15, 17, 17, 19, 18, 29, 53, 106, 312, 290, 0, 0, 11726, 19532, 25066, 31620, 35289, 36000, 36000, 36000, 36000, 36000, 1, 1
15:12:42, 1012.70, 27.86, 28.02, 28.445, 15, 17, 17, 19, 18, 29, 53, 105, 311, 289, 0, 0, 11783, 19668, 25203, 31842, 35427, 36000, 36000, 36000, 36000, 36000, 1, 1
15:12:43, 1012.30, 27.87, 28.04, 28.445, 15, 17, 17, 18, 18, 29, 52, 104, 308, 287, 0, 0, 11697, 19497, 24997, 31561, 34966, 36000, 36000, 36000, 36000, 36000, 1, 1
15:12:43, 1012.40, 27.88, 28.05, 28.453, 14, 16, 17, 19, 18, 29, 51, 102, 301, 280, 0, 0, 11553, 19203, 24655, 31064, 34625, 36000, 36000, 36000, 36000, 36000, 1, 1
15:12:44, 1012.50, 27.87, 28.05, 28.484, 14, 16, 17, 19, 18, 28, 51, 102, 300, 279, 0, 0, 11592, 19301, 24748, 31223, 34842, 36000, 36000, 36000, 36000, 36000, 1, 1
15:12:45, 1012.60, 27.87, 28.05, 28.484, 14, 16, 17, 18, 18, 28, 51, 102, 302, 281, 0, 0, 11579, 19335, 24761, 31280, 34669, 36000, 36000, 36000, 36000, 36000, 1, 1
15:12:45, 1012.40, 27.88, 28.05, 28.500, 14, 16, 17, 17, 18, 28, 51, 101, 298, 277, 0, 0, 11357, 18999, 24242, 30717, 33911, 36000, 36000, 36000, 36000, 36000, 1, 1
15:12:46, 1012.60, 27.88, 28.07, 28.508, 14, 16, 16, 18, 17, 28, 50, 100, 296, 275, 0, 0, 11286, 18910, 24072, 30590, 33922, 36000, 36000, 36000, 36000, 36000, 1, 1
15:12:47, 1012.50, 27.88, 28.07, 28.508, 14, 16, 17, 18, 18, 28, 51, 101, 300, 279, 0, 0, 11312, 18927, 24135, 30627, 33649, 36000, 36000, 36000, 36000, 36000, 1, 1
15:12:47, 1012.40, 27.88, 28.02, 28.508, 14, 16, 17, 18, 18, 28, 51, 102, 300, 278, 0, 0, 10986, 18355, 23331, 29801, 32862, 36000, 36000, 36000, 36000, 36000, 1, 1
15:12:48, 1012.40, 27.88, 28.05, 28.523, 14, 16, 17, 19, 18, 29, 52, 104, 304, 282, 0, 0, 11114, 18580, 23668, 30264, 33399, 36000, 36000, 36000, 36000, 36000, 1, 1
15:12:49, 1012.60, 27.88, 28.04, 28.523, 15, 16, 17, 19, 18, 29, 52, 103, 304, 282, 0, 0, 11088, 18542, 23594, 30215, 33261, 36000, 36000, 36000, 36000, 36000, 1, 1
15:12:49, 1012.50, 27.88, 28.05, 28.547, 15, 17, 17, 18, 18, 29, 52, 103, 305, 283, 0, 0, 11090, 18500, 23596, 30145, 33277, 36000, 36000, 36000, 36000, 36000, 1, 1
15:12:50, 1012.40, 27.89, 28.05, 28.531, 15, 17, 17, 18, 18, 29, 52, 104, 305, 283, 0, 0, 11091, 18504, 23606, 30162, 33325, 36000, 36000, 36000, 36000, 36000, 1, 1
15:12:51, 1012.40, 27.88, 28.07, 28.531, 15, 16, 17, 19, 18, 29, 52, 104, 304, 282, 0, 0, 11107, 18559, 23657, 30249, 33347, 36000, 36000, 36000, 36000, 36000, 1, 1
15:12:51, 1012.80, 27.89, 28.07, 28.523, 15, 16, 17, 18, 18, 29, 52, 103, 304, 282, 0, 0, 11081, 18500, 23575, 30141, 33240, 36000, 36000, 36000, 36000, 36000, 1, 1
15:12:52, 1012.40, 27.89, 28.07, 28.516, 15, 16, 17, 18, 18, 29, 52, 103, 304, 282, 0, 0, 11083, 18479, 23593, 30118, 33241, 36000, 36000, 36000, 36000, 36000, 1, 1
15:12:53, 1012.40, 27.89, 28.07, 28.516, 14, 16, 17, 19, 18, 29, 51, 103, 302, 280, 0, 0, 11074, 18485, 23580, 30117, 33207, 36000, 36000, 36000, 36000, 36000, 1, 1
15:12:53, 1012.30, 27.90, 28.07, 28.492, 14, 16, 17, 19, 18, 28, 51, 103, 302, 280, 0, 0, 11047, 18415, 23502, 30000, 33086, 36000, 36000, 36000, 36000, 36000, 1, 1
15:12:54, 1012.30, 27.90, 28.05, 28.492, 14, 16, 17, 18, 18, 28, 51, 103, 301, 279, 0, 0, 11034, 18381, 23478, 29954, 33023, 36000, 36000, 36000, 36000, 36000, 1, 1
15:12:55, 1012.60, 27.90, 28.05, 28.500, 14, 16, 17, 18, 18, 28, 51, 103, 302, 280, 0, 0, 11064, 18454, 23559, 30076, 33199, 36000, 36000, 36000, 36000, 36000, 1, 1
15:12:55, 1012.60, 27.90, 28.05, 28.500, 15, 16, 17, 18, 18, 29, 52, 104, 305, 283, 0, 0, 11118, 18524, 23675, 30206, 33364, 36000, 36000, 36000, 36000, 36000, 1, 1
15:12:56, 1012.50, 27.91, 28.09, 28.500, 15, 17, 17, 18, 18, 29, 52, 105, 306, 284, 0, 0, 11138, 18535, 23733, 30225, 33416, 36000, 36000, 36000, 36000, 36000, 1, 1
15:12:57, 1012.70, 27.91, 28.07, 28.539, 15, 17, 17, 18, 18, 29, 52, 104, 304, 282, 0, 0, 11051, 18469, 23524, 30080, 33132, 36000, 36000, 36000, 36000, 36000, 1, 1
15:12:57, 1012.50, 27.91, 28.02, 28.578, 14, 16, 17, 19, 18, 29, 51, 102, 302, 281, 0, 0, 10730, 17892, 22772, 29209, 31418, 35428, 36000, 36000, 36000, 36000, 1, 1
15:12:58, 1012.80, 27.92, 28.09, 28.578, 15, 17, 17, 19, 18, 29, 51, 102, 304, 284, 0, 0, 10138, 16728, 21146, 27303, 28946, 33060, 36000, 36000, 36000, 36000, 1, 1
15:12:59, 1012.40, 27.94, 28.07, 28.562, 11, 12, 13, 13, 11, 18, 33, 65, 202, 191, 0, 0, 8778, 14202, 17999, 22919, 24254, 27599, 31585, 36000, 36000, 33458, 1, 1
15:12:59, 1012.40, 27.98, 28.07, 28.555, 17, 19, 19, 21, 16, 26, 50, 95, 277, 258, 0, 0, 9674, 18444, 21830, 30231, 18334, 20234, 26013, 29804, 36000, 34497, 1, 1
15:13:00, 1012.50, 27.98, 28.07, 28.555, 8, 9, 9, 10, 9, 13, 25, 56, 195, 197, 0, 0, 3736, 5975, 7579, 9702, 20062, 22731, 28355, 34089, 36000, 34129, 1, 1
15:13:01, 1012.30, 27.99, 28.09, 28.539, 8, 9, 10, 11, 9, 14, 26, 60, 207, 210, 0, 0, 9979, 18257, 21722, 30126, 30395, 34317, 36000, 36000, 36000, 36000, 1, 1
15:13:01, 1012.30, 28.00, 28.07, 28.570, 5, 5, 6, 6, 5, 8, 14, 32, 123, 125, 0, 0, 8593, 15680, 18851, 25363, 21613, 25027, 28155, 32835, 36000, 34001, 1, 1
15:13:02, 1013.50, 27.98, 28.04, 28.570, 383, 512, 657, 755, 907, 1245, 1970, 2592, 7148, 4574, 0, 0, 4377, 6407, 9197, 10193, 13377, 14083, 17832, 21481, 36000, 34744, 1, 1
15:13:03, 1012.00, 28.00, 28.07, 28.555, 238, 301, 351, 400, 1382, 1589, 2330, 2841, 7039, 4450, 0, 0, 3742, 5954, 7625, 9213, 8000, 10942, 15777, 22277, 36000, 36000, 1, 1
15:13:03, 1012.40, 28.02, 28.04, 28.562, 2303, 3637, 5159, 6246, 7331, 8072, 9294, 10702, 36000, 14757, 1, 1, 257, 308, 327, 367, 739, 1286, 2214, 3432, 9383, 6992, 0, 0
15:13:04, 1012.40, 28.01, 28.07, 28.562, 2207, 3496, 4911, 5986, 6856, 7398, 8680, 9924, 36000, 14329, 1, 1, 328, 388, 411, 463, 532, 905, 1545, 2500, 6654, 4937, 0, 0
15:13:05, 1012.30, 28.01, 28.07, 28.555, 2206, 3484, 4903, 5977, 6867, 7415, 8691, 9939, 36000, 14328, 1, 1, 329, 389, 412, 466, 519, 885, 1516, 2437, 6531, 4851, 0, 0
15:13:05, 1012.30, 28.02, 28.07, 28.547, 2213, 3491, 4917, 5996, 6916, 7474, 8736, 9999, 36000, 14420, 1, 1, 310, 366, 388, 438, 536, 919, 1583, 2526, 6823, 5087, 0, 0
15:13:06, 1012.50, 28.02, 28.11, 28.547, 2226, 3492, 4931, 6001, 6920, 7491, 8745, 10007, 36000, 14421, 1, 1, 321, 380, 402, 456, 512, 881, 1526, 2411, 6530, 4870, 0, 0
15:13:07, 1012.40, 28.02, 28.07, 28.508, 2217, 3484, 4913, 5990, 6873, 7434, 8694, 9944, 36000, 14310, 1, 1, 315, 372, 394, 445, 505, 866, 1493, 2384, 6424, 4786, 0, 0
15:13:07, 1012.30, 28.02, 28.07, 28.500, 2216, 3479, 4909, 5986, 6889, 7450, 8713, 9964, 36000, 14356, 1, 1, 310, 366, 387, 438, 507, 864, 1482, 2404, 6404, 4759, 0, 0
15:13:08, 1012.40, 28.02, 28.05, 28.500, 2222, 3498, 4934, 6003, 6920, 7486, 8771, 10046, 36000, 14462, 1, 1, 336, 397, 421, 476, 555, 949, 1626, 2613, 6997, 5193, 0, 0
15:13:09, 1012.40, 28.02, 28.09, 28.508, 2189, 3453, 4869, 5950, 6836, 7384, 8676, 9894, 36000, 14386, 1, 1, 335, 396, 419, 474, 548, 937, 1604, 2580, 6902, 5119, 0, 0
15:13:09, 1012.40, 28.02, 28.07, 28.500, 2169, 3444, 4845, 5925, 6834, 7362, 8675, 9881, 36000, 14364, 1, 1, 331, 391, 414, 468, 543, 927, 1589, 2556, 6842, 5077, 0, 0
15:13:10, 1012.20, 28.03, 28.09, 28.500, 2183, 3454, 4864, 5945, 6859, 7398, 8698, 9922, 36000, 14417, 1, 1, 333, 394, 417, 471, 551, 942, 1616, 2596, 6951, 5160, 0, 0
15:13:11, 1012.30, 28.03, 28.09, 28.500, 2202, 3482, 4903, 5997, 6878, 7422, 8720, 9949, 36000, 14420, 1, 1, 332, 393, 415, 470, 547, 935, 1604, 2581, 6903, 5123, 0, 0
15:13:11, 1012.20, 28.03, 28.09, 28.500, 2213, 3487, 4917, 6000, 6887, 7435, 8726, 9959, 36000, 14388, 1, 1, 336, 397, 421, 476, 555, 950, 1629, 2617, 7004, 5194, 0, 0
15:13:12, 1012.10, 28.03, 28.07, 28.531, 2208, 3469, 4898, 5980, 6863, 7427, 8693, 9930, 36000, 14440, 1, 1, 361, 427, 453, 513, 592, 1017, 1747, 2781, 7488, 5552, 0, 0
15:13:13, 1012.30, 28.03, 28.09, 28.539, 2219, 3486, 4924, 6000, 6890, 7458, 8725, 9972, 36000, 14493, 1, 1, 357, 421, 446, 506, 620, 1068, 1837, 2910, 7863, 5835, 0, 0
15:13:13, 1012.70, 28.04, 28.09, 28.539, 2205, 3460, 4892, 5967, 6866, 7418, 8699, 9927, 36000, 14414, 1, 1, 357, 422, 448, 507, 571, 979, 1679, 2686, 7213, 5349, 0, 0
15:13:14, 1012.40, 28.04, 28.09, 28.562, 2165, 3409, 4817, 5889, 6769, 7320, 8621, 9817, 36000, 14469, 1, 1, 345, 408, 432, 490, 568, 974, 1672, 2675, 7174, 5318, 0, 0
15:13:15, 1012.00, 28.03, 28.09, 28.570, 2272, 3574, 5046, 6158, 7185, 7730, 9132, 10360, 36000, 14757, 1, 1, 292, 344, 361, 405, 754, 1362, 2333, 3716, 10074, 7813, 0, 0
15:13:15, 1011.90, 27.99, 28.11, 28.570, 1716, 2706, 3802, 4559, 3846, 4080, 4970, 5624, 29761, 13638, 0, 0, 4888, 7535, 9486, 11409, 15697, 18954, 24864, 32921, 36000, 36000, 1, 1
15:13:16, 1012.30, 27.98, 28.09, 28.562, 1208, 1980, 2685, 3387, 2167, 2557, 2985, 3483, 6432, 2808, 0, 0, 7693, 12232, 17314, 20285, 26119, 28504, 35154, 36000, 36000, 36000, 1, 1
15:13:17, 1012.20, 27.98, 28.09, 28.516, 1453, 2186, 3039, 3912, 5391, 5992, 6758, 8194, 35974, 16761, 0, 1, 9574, 15705, 22410, 26351, 32261, 35675, 36000, 36000, 36000, 36000, 1, 1
15:13:17, 1011.80, 27.98, 28.07, 28.516, 1861, 3190, 4380, 5342, 6162, 6612, 8013, 9260, 16251, 6078, 0, 0, 10322, 16950, 24006, 28817, 34968, 36000, 36000, 36000, 36000, 36000, 1, 1
15:13:18, 1011.60, 27.97, 28.14, 28.477, 1754, 2795, 3893, 4707, 6637, 7040, 8787, 9723, 28490, 11299, 0, 0, 9859, 15383, 22838, 26192, 31028, 34011, 36000, 36000, 36000, 36000, 1, 1
15:13:19, 1012.20, 27.97, 28.13, 28.469, 2580, 4244, 5852, 7236, 7384, 8029, 9319, 10863, 36000, 20452, 1, 1, 10613, 17395, 24826, 29638, 36000, 36000, 36000, 36000, 36000, 36000, 1, 1
15:13:19, 1012.00, 27.96, 28.13, 28.469, 2548, 3959, 5596, 6693, 8552, 9276, 10846, 12618, 36000, 19888, 1, 1, 9118, 14614, 20947, 24904, 31459, 34552, 36000, 36000, 36000, 36000, 1, 1
15:13:20, 1011.40, 27.97, 28.13, 28.437, 2004, 2824, 4043, 4836, 4479, 5002, 5868, 6649, 27285, 11390, 0, 0, 9640, 15338, 22324, 26056, 30554, 33464, 36000, 36000, 36000, 36000, 1, 1
15:13:21, 1012.20, 27.96, 28.11, 28.430, 1579, 2336, 3196, 3918, 2845, 3422, 3967, 4776, 9283, 4310, 0, 0, 9473, 15047, 21898, 25619, 31629, 34438, 36000, 36000, 36000, 36000, 1, 1
15:13:21, 1012.10, 27.96, 28.11, 28.430, 2434, 3870, 5477, 6546, 6529, 6863, 8291, 9725, 36000, 20012, 1, 1, 9610, 14902, 22015, 25213, 30895, 33837, 36000, 36000, 36000, 36000, 1, 1
15:13:22, 1011.90, 27.96, 28.14, 28.383, 1458, 2426, 3362, 4102, 4207, 4463, 5654, 6627, 17568, 7495, 0, 0, 8698, 14097, 20015, 23688, 28397, 31258, 36000, 36000, 36000, 36000, 1, 1
15:13:23, 1012.20, 27.96, 28.14, 28.383, 1605, 2390, 3447, 3942, 5647, 5891, 7443, 8422, 21367, 8757, 0, 0, 8037, 12714, 18382, 21741, 25687, 28500, 34891, 36000, 36000, 36000, 1, 1
15:13:23, 1012.10, 27.95, 28.16, 28.383, 2001, 3134, 4456, 5222, 5824, 6225, 7641, 8692, 23198, 9034, 0, 0, 7678, 12049, 17309, 20433, 25068, 27487, 33634, 36000, 36000, 36000, 1, 1
15:13:24, 1011.90, 27.96, 28.13, 28.328, 1133, 1539, 2226, 2596, 2608, 3164, 3765, 4708, 7646, 3399, 0, 0, 7374, 12016, 16387, 19816, 31777, 34935, 36000, 36000, 36000, 36000, 1, 1
15:13:24, 1011.80, 27.96, 28.13, 28.297, 1123, 1622, 2207, 2817, 3872, 4170, 5385, 6353, 15092, 6339, 0, 0, 9568, 15923, 22057, 26113, 32400, 35999, 36000, 36000, 36000, 36000, 1, 1
15:13:25, 1012.00, 27.97, 28.16, 28.297, 972, 1294, 1841, 2165, 2685, 3173, 3828, 4626, 8554, 3768, 0, 0, 8630, 13123, 19673, 21936, 24322, 26083, 31638, 35487, 36000, 36000, 1, 1
15:13:26, 1011.60, 27.97, 28.16, 28.258, 1060, 1435, 2056, 2426, 3144, 3637, 4200, 5141, 9683, 4140, 0, 0, 5661, 8908, 13100, 14917, 17550, 18549, 22585, 26152, 36000, 36000, 1, 1
15:13:26, 1012.10, 27.97, 28.14, 28.234, 1448, 2053, 2961, 3384, 4139, 4571, 5356, 6312, 15571, 6411, 0, 0, 4174, 6500, 9585, 11031, 15084, 16306, 19442, 22448, 36000, 35803, 1, 1
15:13:27, 1011.60, 27.95, 28.14, 28.234, 1202, 1799, 2527, 2935, 3123, 3403, 4089, 4793, 10257, 4497, 0, 0, 3592, 5533, 8145, 9488, 13742, 14868, 17910, 20656, 36000, 35996, 1, 1
15:13:28, 1012.10, 27.97, 28.14, 28.195, 919, 1162, 1654, 2037, 4017, 4360, 5199, 6021, 15472, 6193, 0, 0, 2407, 3699, 5597, 6420, 8482, 8988, 11848, 12959, 36000, 19582, 1, 1
15:13:28, 1012.10, 27.96, 28.16, 28.195, 1487, 2256, 3105, 3864, 4342, 4706, 5722, 6429, 22151, 8861, 0, 0, 2095, 3538, 4871, 6187, 7550, 8444, 10992, 12555, 35975, 15375, 0, 1
15:13:29, 1012.20, 27.97, 28.14, 28.180, 1906, 3053, 4190, 5174, 4746, 5196, 6151, 7112, 19468, 7690, 0, 0, 996, 1548, 2237, 2692, 3085, 3346, 4039, 4620, 13601, 4532, 0, 0
15:13:30, 1012.40, 27.97, 28.14, 28.156, 2104, 3346, 4605, 5639, 6663, 7115, 8543, 9839, 22906, 8828, 0, 0, 732, 1228, 1655, 2138, 2379, 2718, 3185, 3871, 9250, 3575, 0, 0
15:13:30, 1012.20, 27.97, 28.18, 28.156, 1934, 2919, 4052, 4867, 5357, 5857, 6781, 7947, 15080, 5850, 0, 0, 667, 1102, 1537, 1919, 1831, 2034, 2506, 2950, 6580, 2021, 0, 0
15:13:31, 1014.70, 28.04, 28.16, 28.156, 1976, 3101, 4286, 5158, 6155, 6663, 7825, 9058, 16853, 6163, 0, 0, 48, 57, 96, 168, 294, 392, 582, 754, 1173, 159, 0, 0
15:13:32, 1018.10, 28.20, 28.14, 28.586, 1981, 3090, 4315, 5110, 6407, 6942, 8163, 9456, 16987, 6179, 0, 0, 46, 54, 90, 161, 288, 388, 588, 766, 1160, 152, 0, 0
15:13:32, 1022.30, 28.32, 28.18, 28.586, 1392, 2283, 3553, 4574, 4887, 5317, 6623, 7878, 10967, 2744, 0, 0, 42, 47, 76, 140, 271, 373, 578, 763, 1143, 147, 0, 0
15:13:33, 1021.60, 28.41, 28.16, 28.867, 887, 1426, 2261, 2958, 3894, 4298, 5429, 6314, 9500, 2309, 0, 0, 44, 49, 78, 144, 281, 386, 597, 787, 1181, 152, 0, 0
15:13:34, 1023.20, 28.48, 28.16, 29.000, 1467, 2451, 3749, 4914, 5929, 6584, 8024, 9605, 15079, 3769, 0, 0, 42, 46, 74, 137, 256, 356, 555, 736, 1081, 138, 0, 0
15:13:34, 1023.80, 28.53, 28.16, 29.000, 1193, 2013, 3198, 4386, 5360, 6083, 7462, 9053, 13336, 3043, 0, 0, 38, 41, 64, 120, 236, 331, 521, 695, 1002, 126, 0, 0
15:13:35, 1021.50, 28.57, 28.14, 29.070, 1231, 2076, 3269, 4438, 5623, 6347, 7704, 9313, 13678, 3262, 0, 0, 39, 44, 70, 129, 250, 347, 540, 714, 1046, 133, 0, 0
15:13:36, 1022.40, 28.61, 28.13, 29.109, 1393, 2356, 3610, 4736, 5802, 6413, 7823, 9411, 13835, 3436, 0, 0, 41, 45, 73, 134, 254, 352, 549, 727, 1060, 134, 0, 0
15:13:36, 1023.60, 28.64, 28.13, 29.109, 1181, 1955, 3121, 4158, 5202, 5818, 7156, 8658, 12070, 2870, 0, 0, 39, 43, 68, 126, 243, 339, 533, 710, 1020, 128, 0, 0
15:13:37, 1022.40, 28.66, 28.18, 29.117, 1162, 1908, 3041, 4080, 5156, 5807, 7070, 8479, 11822, 2816, 0, 0, 40, 44, 69, 129, 249, 346, 541, 719, 1032, 130, 0, 0
15:13:38, 1022.30, 28.69, 28.14, 29.133, 1256, 2041, 3203, 4197, 5269, 5896, 7096, 8443, 12542, 3041, 0, 0, 39, 44, 70, 129, 245, 340, 532, 706, 1012, 127, 0, 0
15:13:38, 1023.50, 28.72, 28.16, 29.133, 1115, 1829, 2912, 3920, 5078, 5733, 6991, 8259, 12861, 2955, 0, 0, 38, 41, 65, 121, 235, 328, 515, 685, 973, 122, 0, 0
15:13:39, 1023.20, 28.73, 28.14, 29.133, 1116, 1851, 2949, 4011, 5169, 5816, 7165, 8425, 13385, 3022, 0, 0, 37, 41, 65, 120, 238, 333, 523, 698, 985, 123, 0, 0
15:13:40, 1022.10, 28.75, 28.18, 29.133, 1175, 1953, 3062, 4150, 5432, 6043, 7412, 8729, 13958, 3319, 0, 0, 40, 44, 70, 130, 249, 346, 541, 718, 1027, 129, 0, 0
15:13:40, 1020.90, 28.77, 28.14, 29.133, 1349, 2155, 3350, 4351, 5643, 6237, 7385, 8805, 13997, 3655, 0, 0, 42, 47, 77, 140, 267, 364, 561, 741, 1098, 141, 0, 0
15:13:41, 1022.30, 28.79, 28.14, 29.141, 1342, 2207, 3421, 4525, 5646, 6344, 7584, 9201, 15364, 3761, 0, 0, 41, 45, 73, 135, 255, 353, 552, 734, 1060, 133, 0, 0
15:13:42, 1021.00, 28.80, 28.14, 29.148, 1273, 2065, 3250, 4382, 5563, 6292, 7535, 9076, 15456, 3807, 0, 0, 42, 46, 75, 138, 264, 364, 567, 754, 1096, 138, 0, 0
15:13:42, 1020.90, 28.81, 28.13, 29.148, 1491, 2474, 3739, 4978, 6038, 6727, 8037, 9477, 17463, 4611, 0, 0, 43, 49, 79, 145, 270, 369, 573, 760, 1123, 143, 0, 0
15:13:43, 1022.30, 28.82, 28.18, 29.141, 1353, 2268, 3492, 4751, 5748, 6437, 7802, 9224, 16816, 4183, 0, 0, 41, 46, 73, 135, 257, 355, 556, 745, 1081, 135, 0, 0
15:13:44, 1021.20, 28.83, 28.20, 29.133, 1270, 2134, 3322, 4584, 5608, 6277, 7654, 9027, 16347, 4025, 0, 0, 41, 46, 74, 136, 263, 364, 569, 760, 1110, 139, 0, 0
15:13:44, 1020.70, 28.84, 28.16, 29.133, 1438, 2400, 3657, 4915, 5858, 6520, 7872, 9230, 17284, 4536, 0, 0, 44, 49, 80, 146, 276, 378, 589, 785, 1162, 146, 0, 0
15:13:45, 1022.70, 28.86, 28.14, 29.133, 1319, 2211, 3436, 4639, 5540, 6236, 7583, 9019, 16919, 4151, 0, 0, 42, 46, 74, 136, 261, 364, 575, 774, 1110, 138, 0, 0
15:13:46, 1022.80, 28.87, 28.16, 29.133, 1242, 2083, 3269, 4475, 5469, 6144, 7503, 8898, 16465, 4033, 0, 0, 42, 46, 73, 135, 260, 363, 574, 774, 1113, 138, 0, 0
15:13:46, 1020.30, 28.87, 28.18, 29.148, 1239, 2077, 3255, 4484, 5561, 6235, 7613, 8972, 16487, 4075, 0, 0, 43, 48, 77, 141, 278, 384, 601, 805, 1175, 148, 0, 0
15:13:47, 1019.80, 28.88, 28.16, 29.148, 1591, 2676, 3995, 5249, 6243, 6877, 8275, 9640, 18639, 5142, 0, 0, 46, 52, 85, 154, 287, 393, 612, 816, 1208, 154, 0, 0
15:13:48, 1021.80, 28.90, 28.14, 29.148, 1501, 2504, 3791, 5005, 5776, 6453, 7746, 9181, 17382, 4585, 0, 0, 45, 50, 80, 146, 274, 380, 599, 807, 1168, 147, 0, 0
15:13:48, 1020.20, 28.90, 28.16, 29.156, 1290, 2130, 3302, 4517, 5534, 6223, 7483, 8881, 16026, 4073, 0, 0, 45, 51, 81, 147, 282, 389, 611, 819, 1184, 149, 0, 0
15:13:49, 1019.30, 28.91, 28.14, 29.148, 1622, 2690, 3982, 5228, 6409, 7070, 8437, 9890, 18462, 5156, 0, 0, 47, 54, 87, 156, 290, 397, 618, 823, 1202, 153, 0, 0
15:13:50, 1022.00, 28.92, 28.16, 29.148, 1550, 2606, 3920, 5107, 6025, 6690, 8039, 9504, 17992, 4677, 0, 0, 45, 50, 79, 145, 272, 379, 598, 806, 1145, 143, 0, 0
15:13:50, 1020.60, 28.92, 28.14, 29.156, 1257, 2106, 3295, 4515, 5478, 6190, 7484, 8880, 15584, 3804, 0, 0, 45, 49, 78, 142, 279, 387, 610, 820, 1174, 148, 0, 0
15:13:51, 1020.10, 28.93, 28.13, 29.164, 1575, 2627, 3919, 5191, 5998, 6684, 7964, 9335, 17341, 4732, 0, 0, 47, 54, 86, 156, 294, 402, 627, 836, 1238, 159, 0, 0
15:13:52, 1021.90, 28.95, 28.18, 29.164, 1366, 2291, 3519, 4729, 5568, 6240, 7572, 8942, 16731, 4232, 0, 0, 45, 49, 79, 143, 273, 378, 596, 801, 1163, 146, 0, 0
15:13:52, 1020.20, 28.96, 28.16, 29.156, 1286, 2158, 3347, 4585, 5613, 6264, 7636, 8979, 16915, 4270, 0, 0, 45, 50, 80, 146, 279, 384, 598, 800, 1170, 148, 0, 0
15:13:53, 1021.10, 28.97, 28.14, 29.164, 1499, 2522, 3801, 5043, 5972, 6606, 8014, 9396, 18698, 4991, 0, 0, 44, 50, 81, 147, 274, 375, 587, 783, 1153, 145, 0, 0
15:13:54, 1021.10, 28.97, 28.14, 29.164, 1271, 2120, 3295, 4494, 5504, 6152, 7514, 8835, 16546, 4135, 0, 0, 42, 46, 74, 136, 265, 365, 572, 765, 1122, 140, 0, 0
15:13:54, 1020.80, 28.98, 28.16, 29.156, 1387, 2334, 3564, 4792, 5871, 6506, 7940, 9283, 17537, 4473, 0, 0, 42, 48, 77, 141, 268, 367, 572, 763, 1123, 141, 0, 0
15:13:55, 1020.70, 28.98, 28.13, 29.164, 1385, 2336, 3570, 4844, 5645, 6299, 7661, 8997, 16512, 4164, 0, 0, 41, 46, 75, 137, 263, 361, 564, 752, 1100, 138, 0, 0
15:13:56, 1020.20, 28.98, 28.14, 29.164, 1451, 2428, 3674, 4935, 5912, 6553, 7931, 9264, 17408, 4603, 0, 0, 43, 49, 79, 144, 271, 370, 573, 762, 1127, 142, 0, 0
15:13:56, 1021.10, 29.00, 28.16, 29.156, 1430, 2391, 3642, 4865, 5760, 6419, 7760, 9120, 17152, 4483, 0, 0, 42, 48, 78, 141, 265, 363, 566, 753, 1106, 139, 0, 0
15:13:57, 1020.60, 29.00, 28.14, 29.164, 1305, 2191, 3391, 4592, 5571, 6237, 7593, 8957, 16788, 4218, 0, 0, 41, 46, 74, 137, 262, 360, 562, 750, 1092, 136, 0, 0
15:13:58, 1019.60, 29.00, 28.16, 29.164, 1500, 2524, 3804, 5047, 6065, 6693, 8109, 9448, 18335, 4955, 0, 0, 43, 49, 80, 146, 273, 372, 574, 760, 1123, 142, 0, 0
15:13:58, 1021.30, 29.01, 28.13, 29.156, 1522, 2577, 3867, 5100, 5945, 6591, 7978, 9400, 18388, 4846, 0, 0, 42, 47, 76, 139, 258, 355, 553, 737, 1070, 134, 0, 0
15:13:59, 1018.60, 29.01, 28.14, 29.164, 1284, 2131, 3277, 4384, 5195, 5867, 7022, 8391, 15383, 4036, 0, 0, 42, 47, 77, 140, 271, 370, 574, 763, 1107, 139, 0, 0
15:14:00, 1017.50, 29.02, 28.20, 29.164, 1897, 3053, 4360, 5454, 6700, 7341, 8627, 10077, 21119, 7282, 0, 0, 45, 53, 89, 158, 284, 378, 577, 754, 1165, 153, 0, 0
15:14:00, 1019.40, 29.03, 28.14, 29.148, 1827, 3065, 4456, 5683, 6321, 6930, 8324, 9691, 18704, 5270, 0, 0, 41, 48, 78, 141, 263, 357, 553, 731, 1081, 138, 0, 0
15:14:01, 1016.90, 29.05, 28.16, 29.156, 1699, 2869, 4211, 5500, 6748, 7396, 8873, 10322, 19671, 5549, 0, 0, 45, 52, 87, 156, 291, 389, 593, 776, 1177, 153, 0, 0
15:14:02, 1019.70, 29.05, 28.14, 29.156, 2137, 3357, 4790, 5900, 6913, 7504, 9045, 10423, 21062, 6545, 0, 0, 46, 54, 89, 159, 287, 388, 598, 788, 1186, 152, 0, 0
15:14:02, 1020.60, 29.06, 28.16, 29.148, 1229, 2017, 3106, 4204, 5303, 5971, 7198, 8530, 14675, 3678, 0, 0, 43, 48, 77, 141, 271, 373, 580, 771, 1128, 142, 0, 0
15:14:03, 1020.10, 29.07, 28.16, 29.141, 1442, 2415, 3644, 4851, 5842, 6458, 7834, 9145, 17537, 4723, 0, 0, 43, 50, 81, 147, 273, 371, 574, 758, 1131, 144, 0, 0
15:14:04, 1021.50, 29.07, 28.16, 29.141, 1412, 2422, 3666, 4896, 5685, 6311, 7728, 9076, 18268, 4654, 0, 0, 41, 45, 74, 134, 252, 347, 542, 722, 1056, 133, 0, 0
15:14:04, 1020.60, 29.08, 28.13, 29.133, 1339, 2298, 3499, 4730, 5885, 6485, 7950, 9288, 18521, 4817, 0, 0, 41, 46, 75, 138, 261, 356, 552, 733, 1078, 136, 0, 0
15:14:05, 1020.70, 29.08, 28.14, 29.133, 1470, 2496, 3746, 4985, 5927, 6540, 7937, 9275, 18196, 4921, 0, 0, 43, 48, 79, 143, 268, 367, 569, 755, 1113, 140, 0, 0
15:14:06, 1019.20, 29.08, 28.18, 29.141, 1349, 2263, 3449, 4638, 5604, 6231, 7558, 8862, 16647, 4371, 0, 0, 43, 49, 80, 145, 277, 376, 579, 765, 1138, 145, 0, 0
15:14:06, 1019.20, 29.09, 28.14, 29.148, 1648, 2765, 4049, 5261, 6093, 6708, 8060, 9393, 18694, 5380, 0, 0, 44, 50, 83, 150, 277, 374, 575, 758, 1138, 146, 0, 0
15:14:07, 1020.00, 29.09, 28.16, 29.148, 1516, 2561, 3797, 4986, 5995, 6611, 8032, 9364, 18954, 5175, 0, 0, 42, 48, 78, 142, 266, 361, 559, 738, 1109, 142, 0, 0
15:14:08, 1019.20, 29.09, 28.13, 29.148, 1484, 2537, 3785, 5039, 5976, 6576, 8036, 9328, 18975, 5110, 0, 0, 42, 49, 80, 145, 272, 367, 565, 743, 1131, 146, 0, 0
15:14:08, 1019.80, 29.10, 28.13, 29.141, 1620, 2749, 4028, 5276, 6126, 6716, 8170, 9475, 19926, 5594, 0, 0, 43, 49, 82, 147, 272, 368, 566, 747, 1126, 144, 0, 0
15:14:09, 1020.40, 29.10, 28.18, 29.141, 1446, 2455, 3673, 4905, 5784, 6392, 7806, 9084, 19170, 5147, 0, 0, 42, 48, 79, 144, 269, 366, 567, 750, 1123, 142, 0, 0
15:14:10, 1018.40, 29.10, 28.16, 29.141, 1425, 2414, 3615, 4846, 5838, 6438, 7874, 9087, 19842, 5463, 0, 0, 44, 51, 84, 152, 283, 382, 584, 770, 1177, 151, 0, 0
15:14:10, 1019.80, 29.12, 28.13, 29.141, 1625, 2678, 3876, 5035, 6088, 6657, 8116, 9309, 21851, 6474, 0, 0, 44, 51, 86, 154, 279, 376, 575, 756, 1168, 150, 0, 0
15:14:11, 1019.60, 29.12, 28.14, 29.141, 1468, 2497, 3731, 4967, 6193, 6753, 8336, 9581, 22409, 6101, 0, 0, 42, 49, 81, 147, 269, 364, 559, 737, 1114, 142, 0, 0
15:14:12, 1018.70, 29.12, 28.16, 29.133, 1596, 2727, 4023, 5294, 6396, 6946, 8531, 9757, 22938, 6552, 0, 0, 44, 51, 85, 152, 276, 371, 568, 747, 1128, 145, 0, 0
15:14:12, 1020.40, 29.13, 28.18, 29.148, 1501, 2571, 3803, 5002, 5915, 6486, 8004, 9214, 21643, 5960, 0, 0, 42, 48, 79, 145, 265, 362, 558, 738, 1099, 139, 0, 0
15:14:13, 1020.10, 29.13, 28.14, 29.148, 1375, 2354, 3535, 4703, 5676, 6245, 7718, 8885, 20724, 5675, 0, 0, 43, 49, 80, 146, 273, 371, 571, 753, 1141, 145, 0, 0
15:14:14, 1019.30, 29.14, 28.16, 29.133, 1478, 2513, 3729, 4915, 5909, 6449, 7950, 9080, 21783, 6257, 0, 0, 44, 51, 85, 153, 281, 378, 578, 758, 1170, 150, 0, 0
15:14:14, 1020.70, 29.14, 28.16, 29.141, 1461, 2522, 3747, 4960, 5913, 6435, 8002, 9178, 21918, 6021, 0, 0, 41, 47, 78, 142, 263, 357, 549, 724, 1094, 138, 0, 0
15:14:15, 1019.90, 29.14, 28.14, 29.141, 1436, 2486, 3721, 4967, 6024, 6542, 8128, 9320, 21814, 5926, 0, 0, 41, 47, 78, 142, 267, 360, 553, 726, 1112, 142, 0, 0
15:14:16, 1019.50, 29.14, 28.16, 29.141, 1471, 2538, 3786, 5034, 6063, 6605, 8180, 9373, 21655, 5915, 0, 0, 42, 48, 80, 145, 272, 366, 560, 734, 1137, 147, 0, 0
15:14:16, 1019.90, 29.15, 28.16, 29.148, 1447, 2483, 3711, 4937, 5770, 6330, 7833, 8985, 20552, 5593, 0, 0, 43, 49, 81, 147, 275, 370, 567, 743, 1156, 149, 0, 0
15:14:17, 1019.90, 29.15, 28.14, 29.148, 1410, 2412, 3617, 4831, 5751, 6304, 7817, 8970, 20558, 5562, 0, 0, 42, 48, 80, 145, 270, 364, 558, 731, 1131, 145, 0, 0
15:14:18, 1019.80, 29.15, 28.16, 29.141, 1475, 2533, 3774, 5010, 6004, 6527, 8089, 9263, 21381, 5877, 0, 0, 42, 48, 80, 145, 269, 362, 553, 724, 1120, 144, 0, 0
15:14:18, 1019.70, 29.15, 28.18, 29.148, 1468, 2517, 3749, 4982, 5959, 6497, 8027, 9219, 20652, 5673, 0, 0, 42, 48, 80, 145, 266, 359, 548, 718, 1102, 141, 0, 0
15:14:19, 1020.80, 29.16, 28.16, 29.148, 1467, 2518, 3742, 4969, 5850, 6409, 7895, 9126, 20086, 5431, 0, 0, 40, 46, 76, 139, 257, 348, 537, 705, 1068, 136, 0, 0
15:14:20, 1019.70, 29.16, 28.18, 29.148, 1366, 2343, 3533, 4771, 5782, 6360, 7813, 9055, 19042, 5094, 0, 0, 41, 47, 78, 142, 266, 359, 549, 719, 1098, 141, 0, 0
15:14:20, 1021.20, 29.17, 28.16, 29.156, 1458, 2487, 3710, 4909, 5742, 6332, 7737, 8991, 19075, 5171, 0, 0, 40, 46, 76, 139, 254, 345, 532, 700, 1051, 132, 0, 0
15:14:21, 1022.70, 29.17, 28.16, 29.156, 1178, 2024, 3152, 4323, 5226, 5848, 7242, 8522, 16733, 4052, 0, 0, 37, 40, 65, 121, 234, 323, 505, 670, 974, 119, 0, 0
15:14:22, 1021.70, 29.17, 28.18, 29.156, 1198, 2058, 3191, 4387, 5391, 6001, 7420, 8697, 16648, 4101, 0, 0, 37, 42, 68, 125, 241, 330, 512, 676, 1000, 124, 0, 0
15:14:22, 1021.50, 29.18, 28.16, 29.156, 1244, 2142, 3301, 4500, 5420, 6027, 7436, 8731, 16629, 4103, 0, 0, 37, 42, 68, 126, 243, 334, 517, 684, 1001, 124, 0, 0
15:14:23, 1022.50, 29.18, 28.16, 29.164, 1121, 1883, 2907, 3963, 5001, 5631, 6926, 8210, 15736, 3770, 0, 0, 36, 39, 64, 119, 230, 320, 500, 665, 946, 116, 0, 0
15:14:24, 1022.20, 29.19, 28.18, 29.164, 1255, 2171, 3337, 4501, 5822, 6388, 7955, 9244, 18751, 4646, 0, 0, 37, 41, 67, 124, 237, 325, 504, 666, 972, 121, 0, 0
15:14:24, 1024.90, 29.20, 28.18, 29.164, 1081, 1866, 2926, 4067, 5029, 5659, 7043, 8335, 15622, 3619, 0, 0, 35, 38, 60, 112, 218, 306, 483, 647, 906, 110, 0, 0
15:14:25, 1025.10, 29.20, 28.20, 29.172, 914, 1536, 2484, 3559, 4412, 5010, 6262, 7464, 12788, 2877, 0, 0, 34, 37, 57, 108, 215, 303, 481, 647, 903, 109, 0, 0
15:14:26, 1026.20, 29.20, 28.18, 29.172, 919, 1531, 2461, 3522, 4439, 5018, 6254, 7435, 12927, 2959, 0, 0, 34, 36, 57, 108, 209, 294, 466, 626, 881, 106, 0, 0
15:14:26, 1027.60, 29.20, 28.16, 29.172, 803, 1338, 2210, 3277, 4053, 4622, 5902, 7042, 11767, 2464, 0, 0, 31, 32, 49, 93, 189, 270, 433, 586, 809, 96, 0, 0
15:14:27, 1026.10, 29.21, 28.16, 29.172, 823, 1386, 2281, 3374, 4465, 5028, 6474, 7627, 13475, 2863, 0, 0, 31, 33, 52, 98, 203, 284, 451, 605, 880, 107, 0, 0
15:14:28, 1025.40, 29.22, 28.14, 29.172, 882, 1493, 2437, 3561, 4505, 5087, 6498, 7639, 14391, 3180, 0, 0, 34, 37, 58, 109, 224, 313, 493, 661, 976, 119, 0, 0
15:14:28, 1026.10, 29.22, 28.18, 29.172, 891, 1487, 2418, 3525, 4325, 4906, 6230, 7339, 14608, 3330, 0, 0, 37, 39, 62, 116, 232, 326, 517, 695, 1022, 125, 0, 0
15:14:29, 1025.70, 29.22, 28.16, 29.172, 849, 1399, 2283, 3358, 4298, 4871, 6204, 7279, 15503, 3592, 0, 0, 37, 40, 63, 118, 233, 326, 517, 695, 1026, 126, 0, 0
15:14:30, 1026.00, 29.22, 28.16, 29.164, 866, 1466, 2390, 3517, 4517, 5058, 6511, 7600, 17597, 4119, 0, 0, 37, 39, 63, 116, 227, 318, 502, 675, 1005, 123, 0, 0
15:14:30, 1025.60, 29.22, 28.14, 29.164, 877, 1516, 2476, 3607, 4660, 5184, 6685, 7786, 18906, 4449, 0, 0, 36, 38, 60, 113, 222, 311, 492, 662, 977, 120, 0, 0
15:14:31, 1024.40, 29.23, 28.16, 29.156, 913, 1588, 2576, 3704, 4754, 5269, 6754, 7858, 19381, 4706, 0, 0, 37, 40, 64, 118, 233, 324, 511, 686, 1010, 124, 0, 0
15:14:32, 1023.50, 29.23, 28.18, 29.156, 948, 1639, 2613, 3731, 5007, 5509, 7065, 8148, 19945, 4880, 0, 0, 38, 42, 67, 124, 243, 337, 527, 704, 1057, 132, 0, 0
15:14:32, 1025.50, 29.22, 28.16, 29.156, 1004, 1739, 2753, 3897, 5019, 5535, 7072, 8171, 19559, 4786, 0, 0, 38, 42, 67, 124, 240, 332, 522, 698, 1051, 131, 0, 0
15:14:33, 1032.80, 29.23, 28.16, 29.156, 746, 1261, 2096, 3142, 3975, 4562, 5981, 7076, 15233, 3248, 0, 0, 32, 33, 49, 93, 187, 272, 446, 614, 853, 101, 0, 0
15:14:34, 1038.70, 29.23, 28.14, 29.156, 533, 810, 1404, 2292, 3179, 3791, 5098, 6196, 11575, 2135, 0, 0, 27, 27, 38, 72, 155, 233, 394, 554, 736, 85, 0, 0
15:14:34, 1050.10, 29.23, 28.18, 29.156, 402, 553, 956, 1671, 2411, 3000, 4178, 5225, 8945, 1450, 0, 0, 22, 21, 27, 50, 108, 172, 308, 449, 562, 61, 0, 0
15:14:35, 1058.20, 29.24, 28.20, 29.148, 256, 300, 476, 911, 1499, 2021, 2952, 3904, 5530, 743, 0, 0, 16, 15, 18, 32, 79, 132, 249, 376, 441, 47, 0, 0
15:14:36, 1067.30, 29.24, 28.16, 29.148, 211, 239, 359, 701, 1202, 1669, 2541, 3412, 4519, 560, 0, 0, 14, 13, 14, 24, 60, 104, 207, 322, 357, 37, 0, 0
15:14:36, 1078.50, 29.24, 28.16, 29.148, 154, 166, 228, 449, 840, 1231, 1961, 2728, 3286, 371, 0, 0, 10, 10, 11, 17, 42, 77, 161, 261, 276, 28, 0, 0
15:14:37, 1088.00, 29.25, 28.16, 29.141, 111, 117, 146, 279, 572, 888, 1492, 2158, 2360, 245, 0, 0, 8, 8, 8, 12, 31, 58, 130, 217, 220, 22, 0, 0
15:14:38, 1096.80, 29.25, 28.16, 29.148, 87, 90, 107, 198, 436, 705, 1228, 1831, 1910, 189, 0, 0, 7, 6, 6, 9, 24, 47, 109, 186, 186, 18, 0, 0
15:14:38, 1106.30, 29.25, 28.20, 29.148, 69, 72, 82, 144, 326, 548, 1000, 1535, 1501, 142, 0, 0, 5, 5, 5, 7, 18, 35, 86, 153, 146, 14, 0, 0
15:14:39, 1114.30, 29.25, 28.14, 29.148, 51, 53, 58, 96, 226, 396, 756, 1204, 1055, 97, 0, 0, 4, 4, 4, 5, 14, 28, 71, 129, 119, 11, 0, 0
15:14:39, 1123.00, 29.25, 28.16, 29.148, 42, 43, 46, 74, 178, 321, 634, 1036, 895, 81, 0, 0, 4, 3, 3, 4, 11, 22, 58, 109, 98, 9, 0, 0
15:14:40, 1133.30, 29.25, 28.20, 29.148, 33, 34, 36, 53, 130, 242, 500, 842, 699, 62, 0, 0, 3, 2, 2, 3, 8, 16, 45, 88, 77, 7, 0, 0
15:14:41, 1140.50, 29.25, 28.16, 29.141, 24, 25, 26, 36, 92, 178, 385, 671, 525, 46, 0, 0, 2, 2, 2, 2, 6, 13, 37, 75, 64, 6, 0, 0
15:14:41, 1145.90, 29.25, 28.16, 29.141, 22, 22, 23, 32, 83, 160, 356, 627, 508, 44, 0, 0, 2, 2, 1, 2, 5, 11, 33, 68, 59, 5, 0, 0
15:14:42, 1155.00, 29.25, 28.18, 29.133, 18, 19, 20, 26, 64, 127, 294, 530, 434, 38, 0, 0, 1, 1, 1, 1, 4, 8, 27, 57, 48, 4, 0, 0
15:14:43, 1162.90, 29.25, 28.18, 29.133, 14, 14, 15, 19, 45, 91, 220, 410, 308, 27, 0, 0, 1, 1, 0, 1, 3, 6, 22, 47, 39, 3, 0, 0
15:14:43, 1170.40, 29.25, 28.14, 29.133, 12, 12, 13, 16, 37, 76, 191, 362, 275, 24, 0, 0, 1, 1, 0, 1, 2, 5, 18, 40, 32, 3, 0, 0
15:14:44, 1177.00, 29.25, 28.16, 29.133, 9, 10, 10, 11, 30, 62, 160, 309, 237, 20, 0, 0, 1, 0, 0, 1, 2, 4, 15, 35, 27, 2, 0, 0
15:14:45, 1182.00, 29.25, 28.20, 29.133, 8, 8, 9, 10, 24, 51, 137, 270, 208, 18, 0, 0, 1, 0, 0, 0, 2, 3, 13, 31, 25, 2, 0, 0
15:14:45, 1190.30, 29.25, 28.18, 29.133, 7, 7, 8, 9, 21, 45, 122, 244, 196, 17, 0, 0, 0, 0, 0, 0, 1, 3, 11, 26, 21, 1, 0, 0
15:14:46, 1198.40, 29.26, 28.20, 29.125, 5, 6, 6, 7, 15, 33, 94, 194, 142, 12, 0, 0, 0, 0, 0, 0, 1, 2, 9, 22, 17, 1, 0, 0
15:14:47, 1204.10, 29.26, 28.18, 29.125, 4, 5, 5, 6, 13, 28, 83, 173, 122, 10, 0, 0, 0, 0, 0, 0, 1, 2, 8, 20, 15, 1, 0, 0
15:14:47, 1214.60, 29.26, 28.14, 29.125, 4, 4, 5, 5, 10, 22, 69, 148, 106, 9, 0, 0, 0, 0, 0, 0, 0, 1, 6, 16, 12, 1, 0, 0
15:14:48, 1223.40, 29.27, 28.18, 29.125, 3, 3, 3, 4, 7, 15, 48, 107, 72, 6, 0, 0, 0, 0, 0, 0, 0, 1, 5, 13, 9, 0, 0, 0
15:14:49, 1231.90, 29.27, 28.16, 29.133, 2, 2, 3, 2, 5, 12, 39, 89, 64, 5, 0, 0, 0, 0, 0, 0, 0, 0, 4, 11, 8, 0, 0, 0
15:14:49, 1241.30, 29.26, 28.16, 29.133, 1, 2, 2, 2, 4, 9, 32, 74, 54, 5, 0, 0, 0, 0, 0, 0, 0, 0, 3, 9, 6, 0, 0, 0
15:14:50, 1250.40, 29.27, 28.20, 29.125, 1, 1, 2, 2, 3, 7, 25, 60, 43, 4, 0, 0, 0, 0, 0, 0, 0, 0, 2, 7, 5, 0, 0, 0
15:14:51, 1260.20, 29.27, 28.16, 29.125, 1, 1, 2, 2, 2, 5, 19, 48, 35, 3, 0, 0, 0, 0, 0, 0, 0, 0, 1, 5, 4, 0, 0, 0
15:14:51, 1269.50, 29.27, 28.18, 29.125, 0, 1, 1, 1, 1, 4, 15, 39, 28, 3, 0, 0, 0, 0, 0, 0, 0, 0, 1, 4, 3, 0, 0, 0
15:14:52, 1280.20, 29.27, 28.20, 29.125, 0, 0, 1, 0, 1, 2, 12, 31, 23, 2, 0, 0, 0, 0, 0, 0, 0, 0, 0, 3, 2, 0, 0, 0
15:14:53, 1289.60, 29.27, 28.18, 29.125, 0, 0, 1, 1, 1, 2, 9, 23, 17, 2, 0, 0, 0, 0, 0, 0, 0, 0, 0, 3, 2, 0, 0, 0
15:14:53, 1299.10, 29.27, 28.16, 29.125, 0, 0, 1, 1, 0, 1, 7, 20, 14, 1, 0, 0, 0, 0, 0, 0, 0, 0, 0, 2, 1, 0, 0, 0
15:14:54, 1310.20, 29.28, 28.18, 29.117, 0, 0, 1, 0, 0, 1, 6, 15, 12, 1, 0, 0, 0, 0, 0, 0, 0, 0, 0, 1, 1, 0, 0, 0
15:14:55, 1319.60, 29.28, 28.20, 29.125, 0, 0, 1, 0, 0, 0, 4, 12, 9, 1, 0, 0, 0, 0, 0, 0, 0, 0, 0, 1, 0, 0, 0, 0
15:14:55, 1327.30, 29.28, 28.20, 29.125, 0, 0, 0, 1, 0, 0, 4, 11, 7, 1, 0, 0, 0, 0, 0, 0, 0, 0, 0, 1, 0, 0, 0, 0
15:14:56, 1334.20, 29.28, 28.16, 29.117, 1, 0, 0, 1, 0, 0, 3, 9, 6, 1, 0, 0, 0, 0, 0, 0, 0, 0, 0, 1, 0, 0, 0, 0
15:14:57, 1342.50, 29.28, 28.16, 29.125, 0, 0, 0, 1, 0, 0, 3, 7, 5, 1, 0, 0, 0, 0, 0, 0, 0, 0, 0, 0, 0, 0, 0, 0
15:14:57, 1351.60, 29.28, 28.20, 29.125, 0, 0, 0, 1, 0, 0, 2, 6, 4, 0, 0, 0, 0, 0, 0, 0, 0, 0, 0, 0, 0, 0, 0, 0
15:14:58, 1361.30, 29.27, 28.18, 29.125, 0, 0, 0, 0, 0, 0, 2, 5, 3, 0, 0, 0, 0, 0, 0, 0, 0, 0, 0, 0, 0, 0, 0, 0
15:14:59, 1370.50, 29.28, 28.20, 29.125, 0, 0, 0, 0, 0, 0, 1, 4, 3, 0, 0, 0, 0, 0, 0, 0, 0, 0, 0, 0, 0, 0, 0, 0
15:14:59, 1380.40, 29.28, 28.20, 29.117, 0, 0, 0, 0, 0, 0, 1, 3, 2, 0, 0, 0, 0, 0, 0, 0, 0, 0, 0, 0, 0, 0, 0, 0
15:15:00, 1388.20, 29.28, 28.16, 29.125, 0, 0, 0, 0, 0, 0, 1, 3, 2, 0, 0, 0, 0, 0, 0, 0, 0, 0, 0, 0, 0, 0, 0, 0
15:15:01, 1396.80, 29.28, 28.16, 29.125, 0, 0, 0, 0, 0, 0, 1, 2, 2, 0, 0, 0, 0, 0, 0, 0, 0, 0, 0, 0, 0, 0, 0, 0
15:15:01, 1405.00, 29.28, 28.18, 29.125, 0, 0, 0, 0, 0, 0, 1, 2, 1, 0, 0, 0, 0, 0, 0, 0, 0, 0, 0, 0, 0, 0, 0, 0
15:15:02, 1413.20, 29.28, 28.18, 29.125, 0, 0, 0, 0, 0, 0, 1, 1, 1, 0, 0, 0, 0, 0, 0, 0, 0, 0, 0, 0, 0, 0, 0, 0
15:15:03, 1420.80, 29.28, 28.22, 29.125, 0, 0, 0, 0, 0, 0, 1, 2, 1, 0, 0, 0, 0, 0, 0, 0, 0, 0, 0, 0, 0, 0, 0, 0
15:15:03, 1428.60, 29.28, 28.22, 29.125, 0, 0, 0, 0, 0, 0, 1, 0, 1, 0, 0, 0, 0, 0, 0, 0, 0, 0, 0, 0, 0, 0, 0, 0
15:15:04, 1439.20, 29.29, 28.20, 29.125, 0, 0, 0, 0, 0, 0, 0, 1, 1, 0, 0, 0, 0, 0, 0, 0, 0, 0, 0, 0, 0, 0, 0, 0
15:15:05, 1448.10, 29.29, 28.20, 29.125, 0, 0, 0, 0, 0, 0, 0, 0, 1, 0, 0, 0, 0, 0, 0, 0, 0, 0, 0, 0, 0, 0, 0, 0
15:15:05, 1453.90, 29.29, 28.20, 29.125, 0, 0, 0, 0, 0, 0, 0, 1, 1, 0, 0, 0, 0, 0, 0, 0, 0, 0, 0, 0, 0, 0, 0, 0
15:15:06, 1462.20, 29.29, 28.16, 29.125, 0, 0, 0, 0, 0, 0, 0, 0, 1, 0, 0, 0, 0, 0, 0, 0, 0, 0, 0, 0, 0, 0, 0, 0
15:15:07, 1473.00, 29.29, 28.22, 29.125, 0, 0, 0, 0, 0, 0, 0, 1, 0, 0, 0, 0, 0, 0, 0, 0, 0, 0, 0, 0, 0, 0, 0, 0
15:15:07, 1473.00, 29.30, 28.20, 29.125, 0, 0, 0, 0, 0, 0, 0, 1, 0, 0, 0, 0, 0, 0, 0, 0, 0, 0, 0, 0, 0, 0, 0, 0
15:15:08, 1475.80, 29.29, 28.18, 29.125, 0, 0, 0, 0, 0, 0, 0, 0, 0, 0, 0, 0, 0, 0, 0, 0, 0, 0, 0, 0, 0, 0, 0, 0
15:15:09, 1485.30, 29.29, 28.18, 29.125, 0, 0, 0, 0, 0, 0, 0, 1, 0, 0, 0, 0, 0, 0, 0, 0, 0, 0, 0, 0, 0, 0, 0, 0
15:15:09, 1491.20, 29.29, 28.18, 29.125, 0, 0, 0, 0, 0, 0, 0, 0, 0, 0, 0, 0, 0, 0, 0, 0, 0, 0, 0, 0, 0, 0, 0, 0
15:15:10, 1499.80, 29.29, 28.18, 29.125, 0, 0, 0, 0, 0, 0, 0, 1, 0, 0, 0, 0, 0, 0, 0, 0, 0, 0, 0, 0, 0, 0, 0, 0
15:15:11, 1505.10, 29.29, 28.20, 29.125, 0, 0, 0, 0, 0, 0, 0, 1, 0, 0, 0, 0, 0, 0, 0, 0, 0, 0, 0, 0, 0, 0, 0, 0
15:15:11, 1512.50, 29.30, 28.22, 29.117, 0, 0, 0, 0, 0, 0, 0, 0, 0, 0, 0, 0, 0, 0, 0, 0, 0, 0, 0, 0, 0, 0, 0, 0
15:15:12, 1519.20, 29.30, 28.18, 29.125, 0, 0, 0, 0, 0, 0, 0, 0, 0, 0, 0, 0, 0, 0, 0, 0, 0, 0, 0, 0, 0, 0, 0, 0
15:15:13, 1522.00, 29.30, 28.18, 29.125, 0, 0, 0, 0, 0, 0, 0, 0, 0, 0, 0, 0, 0, 0, 0, 0, 0, 0, 0, 0, 0, 0, 0, 0
15:15:13, 1520.90, 29.30, 28.18, 29.125, 0, 0, 0, 0, 0, 0, 0, 0, 0, 0, 0, 0, 0, 0, 0, 0, 0, 0, 0, 0, 0, 0, 0, 0
15:15:14, 1523.10, 29.30, 28.16, 29.125, 0, 0, 0, 0, 0, 0, 0, 0, 0, 0, 0, 0, 0, 0, 0, 0, 0, 0, 0, 0, 0, 0, 0, 0
15:15:15, 1529.30, 29.30, 28.16, 29.125, 0, 0, 0, 0, 0, 0, 0, 0, 0, 0, 0, 0, 0, 0, 0, 0, 0, 0, 0, 0, 0, 0, 0, 0
15:15:15, 1534.00, 29.30, 28.20, 29.117, 0, 0, 0, 0, 0, 0, 0, 0, 0, 0, 0, 0, 0, 0, 0, 0, 0, 0, 0, 0, 0, 0, 0, 0
15:15:16, 1539.20, 29.30, 28.20, 29.117, 0, 0, 0, 0, 0, 0, 0, 0, 0, 0, 0, 0, 0, 0, 0, 0, 0, 0, 0, 0, 0, 0, 0, 0
15:15:17, 1549.20, 29.30, 28.16, 29.125, 0, 0, 0, 0, 0, 0, 0, 0, 0, 0, 0, 0, 0, 0, 0, 0, 0, 0, 0, 0, 0, 0, 0, 0
15:15:17, 1556.40, 29.30, 28.18, 29.125, 0, 0, 0, 0, 0, 0, 0, 0, 0, 0, 0, 0, 0, 0, 0, 0, 0, 0, 0, 0, 0, 0, 0, 0
15:15:18, 1559.40, 29.30, 28.20, 29.125, 0, 0, 0, 0, 0, 0, 0, 0, 0, 0, 0, 0, 0, 0, 0, 0, 0, 0, 0, 0, 0, 0, 0, 0
15:15:19, 1562.80, 29.30, 28.20, 29.125, 0, 0, 0, 0, 0, 0, 0, 0, 0, 0, 0, 0, 0, 0, 0, 0, 0, 0, 0, 0, 0, 0, 0, 0
15:15:19, 1570.50, 29.30, 28.20, 29.125, 0, 0, 0, 0, 0, 0, 0, 0, 0, 0, 0, 0, 0, 0, 0, 0, 0, 0, 0, 0, 0, 0, 0, 0
15:15:20, 1573.00, 29.31, 28.20, 29.125, 0, 0, 0, 0, 0, 0, 0, 0, 0, 0, 0, 0, 0, 0, 0, 0, 0, 0, 0, 0, 0, 0, 0, 0
15:15:21, 1580.20, 29.31, 28.22, 29.125, 0, 0, 0, 0, 0, 0, 0, 0, 0, 0, 0, 0, 0, 0, 0, 0, 0, 0, 0, 0, 0, 0, 0, 0
15:15:21, 1585.90, 29.31, 28.20, 29.125, 0, 0, 0, 0, 0, 0, 0, 0, 0, 0, 0, 0, 0, 0, 0, 0, 0, 0, 0, 0, 0, 0, 0, 0
15:15:22, 1591.80, 29.31, 28.18, 29.125, 0, 0, 0, 0, 0, 0, 0, 0, 0, 0, 0, 0, 0, 0, 0, 0, 0, 0, 0, 0, 0, 0, 0, 0
15:15:23, 1597.50, 29.31, 28.18, 29.125, 0, 0, 0, 0, 0, 0, 0, 0, 0, 0, 0, 0, 0, 0, 0, 0, 0, 0, 0, 0, 0, 0, 0, 0
15:15:23, 1604.60, 29.31, 28.20, 29.125, 0, 0, 0, 0, 0, 0, 0, 0, 0, 0, 0, 0, 0, 0, 0, 0, 0, 0, 0, 0, 0, 0, 0, 0
15:15:24, 1609.00, 29.31, 28.22, 29.125, 0, 0, 0, 0, 0, 0, 0, 0, 0, 0, 0, 0, 0, 0, 0, 0, 0, 0, 0, 0, 0, 0, 0, 0
15:15:25, 1611.70, 29.31, 28.20, 29.117, 0, 0, 0, 0, 0, 0, 0, 0, 0, 0, 0, 0, 0, 0, 0, 0, 0, 0, 0, 0, 0, 0, 0, 0
15:15:25, 1617.90, 29.31, 28.20, 29.125, 0, 0, 0, 0, 0, 0, 0, 0, 0, 0, 0, 0, 0, 0, 0, 0, 0, 0, 0, 0, 0, 0, 0, 0
15:15:26, 1625.40, 29.31, 28.20, 29.125, 0, 0, 0, 0, 0, 0, 0, 0, 0, 0, 0, 0, 0, 0, 0, 0, 0, 0, 0, 0, 0, 0, 0, 0
15:15:27, 1627.50, 29.31, 28.20, 29.125, 0, 0, 0, 0, 0, 0, 0, 0, 0, 0, 0, 0, 0, 0, 0, 0, 0, 0, 0, 0, 0, 0, 0, 0
15:15:27, 1630.30, 29.32, 28.20, 29.125, 0, 0, 0, 0, 0, 0, 0, 0, 0, 0, 0, 0, 0, 0, 0, 0, 0, 0, 0, 0, 0, 0, 0, 0
15:15:28, 1634.50, 29.32, 28.18, 29.125, 0, 0, 0, 0, 0, 0, 0, 0, 0, 0, 0, 0, 0, 0, 0, 0, 0, 0, 0, 0, 0, 0, 0, 0
15:15:29, 1633.90, 29.32, 28.22, 29.125, 0, 0, 0, 0, 0, 0, 0, 0, 0, 0, 0, 0, 0, 0, 0, 0, 0, 0, 0, 0, 0, 0, 0, 0
15:15:29, 1634.40, 29.32, 28.20, 29.125, 0, 0, 0, 0, 0, 0, 0, 0, 0, 0, 0, 0, 0, 0, 0, 0, 0, 0, 0, 0, 0, 0, 0, 0
15:15:30, 1632.30, 29.32, 28.22, 29.125, 0, 0, 0, 0, 0, 0, 0, 0, 0, 0, 0, 0, 0, 0, 0, 0, 0, 0, 0, 0, 0, 0, 0, 0
15:15:31, 1633.50, 29.32, 28.20, 29.125, 0, 0, 0, 0, 0, 0, 0, 0, 0, 0, 0, 0, 0, 0, 0, 0, 0, 0, 0, 0, 0, 0, 0, 0
15:15:31, 1636.00, 29.32, 28.23, 29.125, 0, 0, 0, 0, 0, 0, 0, 0, 0, 0, 0, 0, 0, 0, 0, 0, 0, 0, 0, 0, 0, 0, 0, 0
15:15:32, 1631.00, 29.32, 28.18, 29.125, 0, 0, 0, 0, 0, 0, 0, 0, 0, 0, 0, 0, 0, 0, 0, 0, 0, 0, 0, 0, 0, 0, 0, 0
15:15:33, 1632.70, 29.32, 28.20, 29.117, 0, 0, 0, 0, 0, 0, 0, 0, 0, 0, 0, 0, 0, 0, 0, 0, 0, 0, 0, 0, 0, 0, 0, 0
15:15:33, 1635.80, 29.32, 28.20, 29.117, 0, 0, 0, 0, 0, 0, 0, 0, 0, 0, 0, 0, 0, 0, 0, 0, 0, 0, 0, 0, 0, 0, 0, 0
15:15:34, 1627.90, 29.32, 28.20, 29.117, 0, 0, 0, 0, 0, 0, 0, 0, 0, 0, 0, 0, 0, 0, 0, 0, 0, 0, 0, 0, 0, 0, 0, 0
15:15:35, 1630.90, 29.33, 28.23, 29.117, 0, 0, 0, 0, 0, 0, 0, 0, 0, 0, 0, 0, 0, 0, 0, 0, 0, 0, 0, 0, 0, 0, 0, 0
15:15:35, 1633.00, 29.33, 28.22, 29.117, 0, 0, 0, 0, 0, 0, 0, 0, 0, 0, 0, 0, 0, 0, 0, 0, 0, 0, 0, 0, 0, 0, 0, 0
15:15:36, 1623.60, 29.33, 28.22, 29.125, 0, 0, 0, 0, 0, 0, 0, 0, 0, 0, 0, 0, 0, 0, 0, 0, 0, 0, 0, 0, 0, 0, 0, 0
15:15:37, 1619.30, 29.33, 28.20, 29.125, 0, 0, 0, 0, 0, 0, 0, 0, 0, 0, 0, 0, 0, 0, 0, 0, 0, 0, 0, 0, 0, 0, 0, 0
15:15:37, 1624.60, 29.33, 28.18, 29.125, 0, 0, 0, 0, 0, 0, 0, 0, 0, 0, 0, 0, 0, 0, 0, 0, 0, 0, 0, 0, 0, 0, 0, 0
15:15:38, 1620.30, 29.33, 28.22, 29.125, 0, 0, 0, 0, 0, 0, 0, 0, 0, 0, 0, 0, 0, 0, 0, 0, 0, 0, 0, 0, 0, 0, 0, 0
15:15:39, 1615.80, 29.33, 28.22, 29.125, 0, 0, 0, 0, 0, 0, 0, 0, 0, 0, 0, 0, 0, 0, 0, 0, 0, 0, 0, 0, 0, 0, 0, 0
15:15:39, 1613.70, 29.33, 28.23, 29.125, 0, 0, 0, 0, 0, 0, 0, 0, 0, 0, 0, 0, 0, 0, 0, 0, 0, 0, 0, 0, 0, 0, 0, 0
15:15:40, 1612.10, 29.33, 28.20, 29.117, 0, 0, 0, 0, 0, 0, 0, 0, 0, 0, 0, 0, 0, 0, 0, 0, 0, 0, 0, 0, 0, 0, 0, 0
15:15:41, 1608.50, 29.33, 28.20, 29.125, 0, 0, 0, 0, 0, 0, 0, 0, 0, 0, 0, 0, 0, 0, 0, 0, 0, 0, 0, 0, 0, 0, 0, 0
15:15:41, 1605.40, 29.33, 28.23, 29.125, 0, 0, 0, 0, 0, 0, 0, 0, 0, 0, 0, 0, 0, 0, 0, 0, 0, 0, 0, 0, 0, 0, 0, 0
15:15:42, 1604.10, 29.33, 28.22, 29.125, 0, 0, 0, 0, 0, 0, 0, 0, 0, 0, 0, 0, 0, 0, 0, 0, 0, 0, 0, 0, 0, 0, 0, 0
15:15:43, 1602.80, 29.33, 28.20, 29.125, 0, 0, 0, 0, 0, 0, 0, 0, 0, 0, 0, 0, 0, 0, 0, 0, 0, 0, 0, 0, 0, 0, 0, 0
15:15:43, 1604.10, 29.33, 28.20, 29.125, 0, 0, 0, 0, 0, 0, 0, 0, 0, 0, 0, 0, 0, 0, 0, 0, 0, 0, 0, 0, 0, 0, 0, 0
15:15:44, 1600.00, 29.33, 28.20, 29.117, 0, 0, 0, 0, 0, 0, 0, 0, 0, 0, 0, 0, 0, 0, 0, 0, 0, 0, 0, 0, 0, 0, 0, 0
15:15:45, 1597.70, 29.33, 28.23, 29.125, 0, 0, 0, 0, 0, 0, 0, 0, 0, 0, 0, 0, 0, 0, 0, 0, 0, 0, 0, 0, 0, 0, 0, 0
15:15:45, 1596.00, 29.33, 28.22, 29.125, 0, 0, 0, 0, 0, 0, 0, 0, 0, 0, 0, 0, 0, 0, 0, 0, 0, 0, 0, 0, 0, 0, 0, 0
15:15:46, 1594.60, 29.33, 28.20, 29.117, 0, 0, 0, 0, 0, 0, 0, 0, 0, 0, 0, 0, 0, 0, 0, 0, 0, 0, 0, 0, 0, 0, 0, 0
15:15:47, 1593.10, 29.33, 28.23, 29.125, 0, 0, 0, 0, 0, 0, 0, 0, 0, 0, 0, 0, 0, 0, 0, 0, 0, 0, 0, 0, 0, 0, 0, 0
15:15:47, 1591.50, 29.33, 28.22, 29.125, 0, 0, 0, 0, 0, 0, 0, 0, 0, 0, 0, 0, 0, 0, 0, 0, 0, 0, 0, 0, 0, 0, 0, 0
15:15:48, 1590.90, 29.33, 28.20, 29.117, 0, 0, 0, 0, 0, 0, 0, 0, 0, 0, 0, 0, 0, 0, 0, 0, 0, 0, 0, 0, 0, 0, 0, 0
15:15:49, 1587.40, 29.33, 28.22, 29.125, 0, 0, 0, 0, 0, 0, 0, 0, 0, 0, 0, 0, 0, 0, 0, 0, 0, 0, 0, 0, 0, 0, 0, 0
15:15:49, 1584.00, 29.33, 28.22, 29.125, 0, 0, 0, 0, 0, 0, 0, 0, 0, 0, 0, 0, 0, 0, 0, 0, 0, 0, 0, 0, 0, 0, 0, 0
15:15:50, 1585.10, 29.33, 28.23, 29.117, 0, 0, 0, 0, 0, 0, 0, 0, 0, 0, 0, 0, 0, 0, 0, 0, 0, 0, 0, 0, 0, 0, 0, 0
15:15:51, 1585.50, 29.34, 28.23, 29.117, 0, 0, 0, 0, 0, 0, 0, 0, 0, 0, 0, 0, 0, 0, 0, 0, 0, 0, 0, 0, 0, 0, 0, 0
15:15:51, 1584.50, 29.34, 28.23, 29.125, 0, 0, 0, 0, 0, 0, 0, 0, 0, 0, 0, 0, 0, 0, 0, 0, 0, 0, 0, 0, 0, 0, 0, 0
15:15:52, 1581.90, 29.34, 28.22, 29.117, 0, 0, 0, 0, 0, 0, 0, 0, 0, 0, 0, 0, 0, 0, 0, 0, 0, 0, 0, 0, 0, 0, 0, 0
15:15:52, 1581.50, 29.34, 28.25, 29.117, 0, 0, 0, 0, 0, 0, 0, 0, 0, 0, 0, 0, 0, 0, 0, 0, 0, 0, 0, 0, 0, 0, 0, 0
15:15:53, 1580.70, 29.34, 28.22, 29.125, 0, 0, 0, 0, 0, 0, 0, 0, 0, 0, 0, 0, 0, 0, 0, 0, 0, 0, 0, 0, 0, 0, 0, 0
15:15:54, 1579.70, 29.34, 28.25, 29.125, 0, 0, 0, 0, 0, 0, 0, 0, 0, 0, 0, 0, 0, 0, 0, 0, 0, 0, 0, 0, 0, 0, 0, 0
15:15:54, 1578.90, 29.35, 28.23, 29.125, 0, 0, 0, 0, 0, 0, 0, 0, 0, 0, 0, 0, 0, 0, 0, 0, 0, 0, 0, 0, 0, 0, 0, 0
15:15:55, 1580.80, 29.35, 28.20, 29.117, 0, 0, 0, 0, 0, 0, 0, 0, 0, 0, 0, 0, 0, 0, 0, 0, 0, 0, 0, 0, 0, 0, 0, 0
15:15:56, 1577.80, 29.35, 28.22, 29.125, 0, 0, 0, 0, 0, 0, 0, 0, 0, 0, 0, 0, 0, 0, 0, 0, 0, 0, 0, 0, 0, 0, 0, 0
15:15:56, 1582.00, 29.36, 28.22, 29.125, 0, 0, 0, 0, 0, 0, 0, 0, 0, 0, 0, 0, 0, 0, 0, 0, 0, 0, 0, 0, 0, 0, 0, 0
15:15:57, 1581.70, 29.36, 28.22, 29.125, 0, 0, 0, 0, 0, 0, 0, 0, 0, 0, 0, 0, 0, 0, 0, 0, 0, 0, 0, 0, 0, 0, 0, 0
15:15:58, 1579.30, 29.36, 28.25, 29.125, 0, 0, 0, 0, 0, 0, 0, 0, 0, 0, 0, 0, 0, 0, 0, 0, 0, 0, 0, 0, 0, 0, 0, 0
15:15:58, 1579.80, 29.36, 28.25, 29.125, 0, 0, 0, 0, 0, 0, 0, 0, 0, 0, 0, 0, 0, 0, 0, 0, 0, 0, 0, 0, 0, 0, 0, 0
15:15:59, 1579.50, 29.36, 28.25, 29.117, 0, 0, 0, 0, 0, 0, 0, 0, 0, 0, 0, 0, 0, 0, 0, 0, 0, 0, 0, 0, 0, 0, 0, 0
15:16:00, 1576.80, 29.37, 28.23, 29.125, 0, 0, 0, 0, 0, 0, 0, 0, 0, 0, 0, 0, 0, 0, 0, 0, 0, 0, 0, 0, 0, 0, 0, 0
15:16:00, 1575.60, 29.37, 28.25, 29.125, 0, 0, 0, 0, 0, 0, 0, 0, 0, 0, 0, 0, 0, 0, 0, 0, 0, 0, 0, 0, 0, 0, 0, 0
15:16:01, 1577.20, 29.37, 28.23, 29.125, 0, 0, 0, 0, 0, 0, 0, 0, 0, 0, 0, 0, 0, 0, 0, 0, 0, 0, 0, 0, 0, 0, 0, 0
15:16:02, 1577.90, 29.37, 28.22, 29.125, 0, 0, 0, 0, 0, 0, 0, 0, 0, 0, 0, 0, 0, 0, 0, 0, 0, 0, 0, 0, 0, 0, 0, 0
15:16:02, 1576.10, 29.36, 28.23, 29.125, 0, 0, 0, 0, 0, 0, 0, 0, 0, 0, 0, 0, 0, 0, 0, 0, 0, 0, 0, 0, 0, 0, 0, 0
15:16:03, 1576.80, 29.36, 28.22, 29.117, 0, 0, 0, 0, 0, 0, 0, 0, 0, 0, 0, 0, 0, 0, 0, 0, 0, 0, 0, 0, 0, 0, 0, 0
15:16:04, 1577.50, 29.36, 28.23, 29.125, 0, 0, 0, 0, 0, 0, 0, 0, 0, 0, 0, 0, 0, 0, 0, 0, 0, 0, 0, 0, 0, 0, 0, 0
15:16:04, 1577.40, 29.36, 28.23, 29.125, 0, 0, 0, 0, 0, 0, 0, 0, 0, 0, 0, 0, 0, 0, 0, 0, 0, 0, 0, 0, 0, 0, 0, 0
15:16:05, 1577.30, 29.36, 28.25, 29.125, 0, 0, 0, 0, 0, 0, 0, 0, 0, 0, 0, 0, 0, 0, 0, 0, 0, 0, 0, 0, 0, 0, 0, 0
15:16:06, 1578.20, 29.36, 28.25, 29.125, 0, 0, 0, 0, 0, 0, 0, 0, 0, 0, 0, 0, 0, 0, 0, 0, 0, 0, 0, 0, 0, 0, 0, 0
15:16:06, 1578.60, 29.36, 28.18, 29.125, 0, 0, 0, 0, 0, 0, 0, 0, 0, 0, 0, 0, 0, 0, 0, 0, 0, 0, 0, 0, 0, 0, 0, 0
15:16:07, 1578.60, 29.36, 28.22, 29.125, 0, 0, 0, 0, 0, 0, 0, 0, 0, 0, 0, 0, 0, 0, 0, 0, 0, 0, 0, 0, 0, 0, 0, 0
15:16:08, 1578.10, 29.36, 28.22, 29.125, 0, 0, 0, 0, 0, 0, 0, 0, 0, 0, 0, 0, 0, 0, 0, 0, 0, 0, 0, 0, 0, 0, 0, 0
15:16:08, 1579.30, 29.36, 28.22, 29.125, 0, 0, 0, 0, 0, 0, 0, 0, 0, 0, 0, 0, 0, 0, 0, 0, 0, 0, 0, 0, 0, 0, 0, 0
15:16:09, 1580.30, 29.35, 28.23, 29.117, 0, 0, 0, 0, 0, 0, 0, 0, 0, 0, 0, 0, 0, 0, 0, 0, 0, 0, 0, 0, 0, 0, 0, 0
15:16:10, 1580.90, 29.35, 28.22, 29.117, 0, 0, 0, 0, 0, 0, 0, 0, 0, 0, 0, 0, 0, 0, 0, 0, 0, 0, 0, 0, 0, 0, 0, 0
15:16:10, 1580.40, 29.36, 28.25, 29.117, 0, 0, 0, 0, 0, 0, 0, 0, 0, 0, 0, 0, 0, 0, 0, 0, 0, 0, 0, 0, 0, 0, 0, 0
15:16:11, 1581.90, 29.36, 28.23, 29.117, 0, 0, 0, 0, 0, 0, 0, 0, 0, 0, 0, 0, 0, 0, 0, 0, 0, 0, 0, 0, 0, 0, 0, 0
15:16:12, 1582.60, 29.36, 28.23, 29.117, 0, 0, 0, 0, 0, 0, 0, 0, 0, 0, 0, 0, 0, 0, 0, 0, 0, 0, 0, 0, 0, 0, 0, 0
15:16:12, 1583.20, 29.36, 28.23, 29.125, 0, 0, 0, 0, 0, 0, 0, 0, 0, 0, 0, 0, 0, 0, 0, 0, 0, 0, 0, 0, 0, 0, 0, 0
15:16:13, 1582.90, 29.36, 28.23, 29.117, 0, 0, 0, 0, 0, 0, 0, 0, 0, 0, 0, 0, 0, 0, 0, 0, 0, 0, 0, 0, 0, 0, 0, 0
15:16:14, 1583.70, 29.36, 28.27, 29.117, 0, 0, 0, 0, 0, 0, 0, 0, 0, 0, 0, 0, 0, 0, 0, 0, 0, 0, 0, 0, 0, 0, 0, 0
15:16:14, 1584.90, 29.36, 28.23, 29.125, 0, 0, 0, 0, 0, 0, 0, 0, 0, 0, 0, 0, 0, 0, 0, 0, 0, 0, 0, 0, 0, 0, 0, 0
15:16:15, 1586.10, 29.37, 28.27, 29.125, 0, 0, 0, 0, 0, 0, 0, 0, 0, 0, 0, 0, 0, 0, 0, 0, 0, 0, 0, 0, 0, 0, 0, 0
15:16:16, 1586.60, 29.37, 28.25, 29.125, 0, 0, 0, 0, 0, 0, 0, 0, 0, 0, 0, 0, 0, 0, 0, 0, 0, 0, 0, 0, 0, 0, 0, 0
15:16:16, 1585.20, 29.36, 28.25, 29.125, 0, 0, 0, 0, 0, 0, 0, 0, 0, 0, 0, 0, 0, 0, 0, 0, 0, 0, 0, 0, 0, 0, 0, 0
15:16:17, 1584.60, 29.36, 28.27, 29.125, 0, 0, 0, 0, 0, 0, 0, 0, 0, 0, 0, 0, 0, 0, 0, 0, 0, 0, 0, 0, 0, 0, 0, 0
15:16:18, 1585.70, 29.37, 28.27, 29.125, 0, 0, 0, 0, 0, 0, 0, 0, 0, 0, 0, 0, 0, 0, 0, 0, 0, 0, 0, 0, 0, 0, 0, 0
15:16:18, 1586.30, 29.37, 28.25, 29.125, 0, 0, 0, 0, 0, 0, 0, 0, 0, 0, 0, 0, 0, 0, 0, 0, 0, 0, 0, 0, 0, 0, 0, 0
15:16:19, 1586.70, 29.37, 28.23, 29.125, 0, 0, 0, 0, 0, 0, 0, 0, 0, 0, 0, 0, 0, 0, 0, 0, 0, 0, 0, 0, 0, 0, 0, 0
15:16:20, 1587.70, 29.37, 28.25, 29.125, 0, 0, 0, 0, 0, 0, 0, 0, 0, 0, 0, 0, 0, 0, 0, 0, 0, 0, 0, 0, 0, 0, 0, 0
15:16:20, 1587.50, 29.37, 28.25, 29.117, 0, 0, 0, 0, 0, 0, 0, 0, 0, 0, 0, 0, 0, 0, 0, 0, 0, 0, 0, 0, 0, 0, 0, 0
15:16:21, 1588.50, 29.37, 28.25, 29.125, 0, 0, 0, 0, 0, 0, 0, 0, 0, 0, 0, 0, 0, 0, 0, 0, 0, 0, 0, 0, 0, 0, 0, 0
15:16:22, 1589.50, 29.38, 28.25, 29.125, 0, 0, 0, 0, 0, 0, 0, 0, 0, 0, 0, 0, 0, 0, 0, 0, 0, 0, 0, 0, 0, 0, 0, 0
15:16:22, 1591.30, 29.38, 28.25, 29.125, 0, 0, 0, 0, 0, 0, 0, 0, 0, 0, 0, 0, 0, 0, 0, 0, 0, 0, 0, 0, 0, 0, 0, 0
15:16:23, 1588.00, 29.37, 28.23, 29.125, 0, 0, 0, 0, 0, 0, 0, 0, 0, 0, 0, 0, 0, 0, 0, 0, 0, 0, 0, 0, 0, 0, 0, 0
15:16:24, 1588.40, 29.37, 28.23, 29.125, 0, 0, 0, 0, 0, 0, 0, 0, 0, 0, 0, 0, 0, 0, 0, 0, 0, 0, 0, 0, 0, 0, 0, 0
15:16:24, 1588.40, 29.37, 28.25, 29.117, 0, 0, 0, 0, 0, 0, 0, 0, 0, 0, 0, 0, 0, 0, 0, 0, 0, 0, 0, 0, 0, 0, 0, 0
15:16:25, 1588.10, 29.37, 28.27, 29.117, 0, 0, 0, 0, 0, 0, 0, 0, 0, 0, 0, 0, 0, 0, 0, 0, 0, 0, 0, 0, 0, 0, 0, 0
15:16:26, 1591.20, 29.37, 28.23, 29.117, 0, 0, 0, 0, 0, 0, 0, 0, 0, 0, 0, 0, 0, 0, 0, 0, 0, 0, 0, 0, 0, 0, 0, 0
15:16:26, 1592.20, 29.38, 28.25, 29.117, 0, 0, 0, 0, 0, 0, 0, 0, 0, 0, 0, 0, 0, 0, 0, 0, 0, 0, 0, 0, 0, 0, 0, 0
15:16:27, 1591.60, 29.38, 28.25, 29.117, 0, 0, 0, 0, 0, 0, 0, 0, 0, 0, 0, 0, 0, 0, 0, 0, 0, 0, 0, 0, 0, 0, 0, 0
15:16:28, 1592.60, 29.38, 28.23, 29.117, 0, 0, 0, 0, 0, 0, 0, 0, 0, 0, 0, 0, 0, 0, 0, 0, 0, 0, 0, 0, 0, 0, 0, 0
15:16:28, 1592.40, 29.38, 28.25, 29.117, 0, 0, 0, 0, 0, 0, 0, 0, 0, 0, 0, 0, 0, 0, 0, 0, 0, 0, 0, 0, 0, 0, 0, 0
15:16:29, 1592.90, 29.37, 28.25, 29.117, 0, 0, 0, 0, 0, 0, 0, 0, 0, 0, 0, 0, 0, 0, 0, 0, 0, 0, 0, 0, 0, 0, 0, 0
15:16:30, 1594.20, 29.37, 28.25, 29.117, 0, 0, 0, 0, 0, 0, 0, 0, 0, 0, 0, 0, 0, 0, 0, 0, 0, 0, 0, 0, 0, 0, 0, 0
15:16:30, 1599.30, 29.38, 28.25, 29.125, 0, 0, 0, 0, 0, 0, 0, 0, 0, 0, 0, 0, 0, 0, 0, 0, 0, 0, 0, 0, 0, 0, 0, 0
15:16:31, 1596.10, 29.37, 28.25, 29.125, 0, 0, 0, 0, 0, 0, 0, 0, 0, 0, 0, 0, 0, 0, 0, 0, 0, 0, 0, 0, 0, 0, 0, 0
15:16:32, 1598.20, 29.37, 28.23, 29.125, 0, 0, 0, 0, 0, 0, 0, 0, 0, 0, 0, 0, 0, 0, 0, 0, 0, 0, 0, 0, 0, 0, 0, 0
15:16:32, 1595.70, 29.37, 28.25, 29.125, 0, 0, 0, 0, 0, 0, 0, 0, 0, 0, 0, 0, 0, 0, 0, 0, 0, 0, 0, 0, 0, 0, 0, 0
15:16:33, 1597.60, 29.37, 28.25, 29.125, 0, 0, 0, 0, 0, 0, 0, 0, 0, 0, 0, 0, 0, 0, 0, 0, 0, 0, 0, 0, 0, 0, 0, 0
15:16:34, 1600.20, 29.37, 28.25, 29.125, 0, 0, 0, 0, 0, 0, 0, 0, 0, 0, 0, 0, 0, 0, 0, 0, 0, 0, 0, 0, 0, 0, 0, 0
15:16:34, 1599.40, 29.37, 28.25, 29.125, 0, 0, 0, 0, 0, 0, 0, 0, 0, 0, 0, 0, 0, 0, 0, 0, 0, 0, 0, 0, 0, 0, 0, 0
15:16:35, 1600.00, 29.37, 28.27, 29.125, 0, 0, 0, 0, 0, 0, 0, 0, 0, 0, 0, 0, 0, 0, 0, 0, 0, 0, 0, 0, 0, 0, 0, 0
15:16:36, 1600.10, 29.37, 28.25, 29.125, 0, 0, 0, 0, 0, 0, 0, 0, 0, 0, 0, 0, 0, 0, 0, 0, 0, 0, 0, 0, 0, 0, 0, 0
15:16:36, 1600.70, 29.38, 28.27, 29.133, 0, 0, 0, 0, 0, 0, 0, 0, 0, 0, 0, 0, 0, 0, 0, 0, 0, 0, 0, 0, 0, 0, 0, 0
15:16:37, 1603.00, 29.38, 28.27, 29.133, 0, 0, 0, 0, 0, 0, 0, 0, 0, 0, 0, 0, 0, 0, 0, 0, 0, 0, 0, 0, 0, 0, 0, 0
15:16:38, 1602.80, 29.38, 28.27, 29.125, 0, 0, 0, 0, 0, 0, 0, 0, 0, 0, 0, 0, 0, 0, 0, 0, 0, 0, 0, 0, 0, 0, 0, 0
15:16:38, 1606.30, 29.37, 28.27, 29.125, 0, 0, 0, 0, 0, 0, 0, 0, 0, 0, 0, 0, 0, 0, 0, 0, 0, 0, 0, 0, 0, 0, 0, 0
15:16:39, 1603.20, 29.37, 28.27, 29.125, 0, 0, 0, 0, 0, 0, 0, 0, 0, 0, 0, 0, 0, 0, 0, 0, 0, 0, 0, 0, 0, 0, 0, 0
15:16:40, 1605.20, 29.37, 28.25, 29.117, 0, 0, 0, 0, 0, 0, 0, 0, 0, 0, 0, 0, 0, 0, 0, 0, 0, 0, 0, 0, 0, 0, 0, 0
15:16:40, 1606.70, 29.38, 28.25, 29.125, 0, 0, 0, 0, 0, 0, 0, 0, 0, 0, 0, 0, 0, 0, 0, 0, 0, 0, 0, 0, 0, 0, 0, 0
15:16:41, 1611.40, 29.38, 28.27, 29.125, 0, 0, 0, 0, 0, 0, 0, 0, 0, 0, 0, 0, 0, 0, 0, 0, 0, 0, 0, 0, 0, 0, 0, 0
15:16:42, 1606.80, 29.38, 28.29, 29.125, 0, 0, 0, 0, 0, 0, 0, 0, 0, 0, 0, 0, 0, 0, 0, 0, 0, 0, 0, 0, 0, 0, 0, 0
15:16:42, 1609.60, 29.38, 28.27, 29.125, 0, 0, 0, 0, 0, 0, 0, 0, 0, 0, 0, 0, 0, 0, 0, 0, 0, 0, 0, 0, 0, 0, 0, 0
15:16:43, 1609.30, 29.37, 28.27, 29.125, 0, 0, 0, 0, 0, 0, 0, 0, 0, 0, 0, 0, 0, 0, 0, 0, 0, 0, 0, 0, 0, 0, 0, 0
15:16:44, 1612.30, 29.37, 28.27, 29.125, 0, 0, 0, 0, 0, 0, 0, 0, 0, 0, 0, 0, 0, 0, 0, 0, 0, 0, 0, 0, 0, 0, 0, 0
15:16:44, 1611.60, 29.36, 28.27, 29.125, 0, 0, 0, 0, 0, 0, 0, 0, 0, 0, 0, 0, 0, 0, 0, 0, 0, 0, 0, 0, 0, 0, 0, 0
15:16:45, 1610.80, 29.36, 28.27, 29.125, 0, 0, 0, 0, 0, 0, 0, 0, 0, 0, 0, 0, 0, 0, 0, 0, 0, 0, 0, 0, 0, 0, 0, 0
15:16:46, 1610.20, 29.36, 28.27, 29.125, 0, 0, 0, 0, 0, 0, 0, 0, 0, 0, 0, 0, 0, 0, 0, 0, 0, 0, 0, 0, 0, 0, 0, 0
15:16:46, 1611.60, 29.36, 28.29, 29.125, 0, 0, 0, 0, 0, 0, 0, 0, 0, 0, 0, 0, 0, 0, 0, 0, 0, 0, 0, 0, 0, 0, 0, 0
15:16:47, 1613.60, 29.38, 28.29, 29.125, 0, 0, 0, 0, 0, 0, 0, 0, 0, 0, 0, 0, 0, 0, 0, 0, 0, 0, 0, 0, 0, 0, 0, 0
15:16:48, 1616.00, 29.38, 28.31, 29.125, 0, 0, 0, 0, 0, 0, 0, 0, 0, 0, 0, 0, 0, 0, 0, 0, 0, 0, 0, 0, 0, 0, 0, 0
15:16:48, 1612.90, 29.39, 28.29, 29.125, 0, 0, 0, 0, 0, 0, 0, 0, 0, 0, 0, 0, 0, 0, 0, 0, 0, 0, 0, 0, 0, 0, 0, 0
15:16:49, 1613.60, 29.39, 28.31, 29.117, 0, 0, 0, 0, 0, 0, 0, 0, 0, 0, 0, 0, 0, 0, 0, 0, 0, 0, 0, 0, 0, 0, 0, 0
15:16:50, 1614.20, 29.40, 28.31, 29.125, 0, 0, 0, 0, 0, 0, 0, 0, 0, 0, 0, 0, 0, 0, 0, 0, 0, 0, 0, 0, 0, 0, 0, 0
15:16:50, 1612.30, 29.40, 28.27, 29.125, 0, 0, 0, 0, 0, 0, 0, 0, 0, 0, 0, 0, 0, 0, 0, 0, 0, 0, 0, 0, 0, 0, 0, 0
15:16:51, 1617.10, 29.41, 28.27, 29.117, 0, 0, 0, 0, 0, 0, 0, 0, 0, 0, 0, 0, 0, 0, 0, 0, 0, 0, 0, 0, 0, 0, 0, 0
15:16:52, 1617.80, 29.41, 28.31, 29.125, 0, 0, 0, 0, 0, 0, 0, 0, 0, 0, 0, 0, 0, 0, 0, 0, 0, 0, 0, 0, 0, 0, 0, 0
15:16:52, 1617.50, 29.41, 28.31, 29.125, 0, 0, 0, 0, 0, 0, 0, 0, 0, 0, 0, 0, 0, 0, 0, 0, 0, 0, 0, 0, 0, 0, 0, 0
15:16:53, 1616.80, 29.41, 28.29, 29.125, 0, 0, 0, 0, 0, 0, 0, 0, 0, 0, 0, 0, 0, 0, 0, 0, 0, 0, 0, 0, 0, 0, 0, 0
15:16:54, 1617.90, 29.42, 28.31, 29.125, 0, 0, 0, 0, 0, 0, 0, 0, 0, 0, 0, 0, 0, 0, 0, 0, 0, 0, 0, 0, 0, 0, 0, 0
15:16:54, 1618.40, 29.42, 28.31, 29.125, 0, 0, 0, 0, 0, 0, 0, 0, 0, 0, 0, 0, 0, 0, 0, 0, 0, 0, 0, 0, 0, 0, 0, 0
15:16:55, 1620.00, 29.42, 28.27, 29.125, 0, 0, 0, 0, 0, 0, 0, 0, 0, 0, 0, 0, 0, 0, 0, 0, 0, 0, 0, 0, 0, 0, 0, 0
15:16:56, 1621.50, 29.42, 28.31, 29.125, 0, 0, 0, 0, 0, 0, 0, 0, 0, 0, 0, 0, 0, 0, 0, 0, 0, 0, 0, 0, 0, 0, 0, 0
15:16:56, 1617.60, 29.42, 28.29, 29.125, 0, 0, 0, 0, 0, 0, 0, 0, 0, 0, 0, 0, 0, 0, 0, 0, 0, 0, 0, 0, 0, 0, 0, 0
15:16:57, 1619.50, 29.42, 28.29, 29.117, 0, 0, 0, 0, 0, 0, 0, 0, 0, 0, 0, 0, 0, 0, 0, 0, 0, 0, 0, 0, 0, 0, 0, 0
15:16:58, 1619.30, 29.42, 28.31, 29.125, 0, 0, 0, 0, 0, 0, 0, 0, 0, 0, 0, 0, 0, 0, 0, 0, 0, 0, 0, 0, 0, 0, 0, 0
15:16:58, 1618.50, 29.42, 28.31, 29.125, 0, 0, 0, 0, 0, 0, 0, 0, 0, 0, 0, 0, 0, 0, 0, 0, 0, 0, 0, 0, 0, 0, 0, 0
15:16:59, 1619.10, 29.42, 28.31, 29.117, 0, 0, 0, 0, 0, 0, 0, 0, 0, 0, 0, 0, 0, 0, 0, 0, 0, 0, 0, 0, 0, 0, 0, 0
15:16:59, 1616.00, 29.42, 28.25, 29.117, 0, 0, 0, 0, 0, 0, 0, 0, 0, 0, 0, 0, 0, 0, 0, 0, 0, 0, 0, 0, 0, 0, 0, 0
15:17:00, 1617.60, 29.42, 28.29, 29.125, 0, 0, 0, 0, 0, 0, 0, 0, 0, 0, 0, 0, 0, 0, 0, 0, 0, 0, 0, 0, 0, 0, 0, 0
15:17:01, 1615.60, 29.42, 28.31, 29.125, 0, 0, 0, 0, 0, 0, 0, 0, 0, 0, 0, 0, 0, 0, 0, 0, 0, 0, 0, 0, 0, 0, 0, 0
15:17:01, 1611.40, 29.43, 28.31, 29.125, 0, 0, 0, 0, 0, 0, 0, 0, 0, 0, 0, 0, 0, 0, 0, 0, 0, 0, 0, 0, 0, 0, 0, 0
15:17:02, 1613.10, 29.42, 28.31, 29.125, 0, 0, 0, 0, 0, 0, 0, 0, 0, 0, 0, 0, 0, 0, 0, 0, 0, 0, 0, 0, 0, 0, 0, 0
15:17:03, 1612.70, 29.42, 28.29, 29.125, 0, 0, 0, 0, 0, 0, 0, 0, 0, 0, 0, 0, 0, 0, 0, 0, 0, 0, 0, 0, 0, 0, 0, 0
15:17:03, 1611.80, 29.43, 28.31, 29.125, 0, 0, 0, 0, 0, 0, 0, 0, 0, 0, 0, 0, 0, 0, 0, 0, 0, 0, 0, 0, 0, 0, 0, 0
15:17:04, 1615.20, 29.43, 28.29, 29.125, 0, 0, 0, 0, 0, 0, 0, 0, 0, 0, 0, 0, 0, 0, 0, 0, 0, 0, 0, 0, 0, 0, 0, 0
15:17:05, 1616.50, 29.43, 28.31, 29.133, 0, 0, 0, 0, 0, 0, 0, 0, 0, 0, 0, 0, 0, 0, 0, 0, 0, 0, 0, 0, 0, 0, 0, 0
15:17:05, 1616.80, 29.42, 28.27, 29.133, 0, 0, 0, 0, 0, 0, 0, 0, 0, 0, 0, 0, 0, 0, 0, 0, 0, 0, 0, 0, 0, 0, 0, 0
15:17:06, 1613.30, 29.43, 28.32, 29.125, 0, 0, 0, 0, 0, 0, 0, 0, 0, 0, 0, 0, 0, 0, 0, 0, 0, 0, 0, 0, 0, 0, 0, 0
15:17:07, 1608.50, 29.43, 28.27, 29.125, 0, 0, 0, 0, 0, 0, 0, 0, 0, 0, 0, 0, 0, 0, 0, 0, 0, 0, 0, 0, 0, 0, 0, 0
15:17:07, 1608.00, 29.43, 28.34, 29.125, 0, 0, 0, 0, 0, 0, 0, 0, 0, 0, 0, 0, 0, 0, 0, 0, 0, 0, 0, 0, 0, 0, 0, 0
15:17:08, 1606.60, 29.43, 28.32, 29.125, 0, 0, 0, 0, 0, 0, 0, 0, 0, 0, 0, 0, 0, 0, 0, 0, 0, 0, 0, 0, 0, 0, 0, 0
15:17:09, 1606.20, 29.43, 28.29, 29.125, 0, 0, 0, 0, 0, 0, 0, 0, 0, 0, 0, 0, 0, 0, 0, 0, 0, 0, 0, 0, 0, 0, 0, 0
15:17:09, 1606.70, 29.43, 28.31, 29.125, 0, 0, 0, 0, 0, 0, 0, 0, 0, 0, 0, 0, 0, 0, 0, 0, 0, 0, 0, 0, 0, 0, 0, 0
15:17:10, 1606.20, 29.43, 28.32, 29.125, 0, 0, 0, 0, 0, 0, 0, 0, 0, 0, 0, 0, 0, 0, 0, 0, 0, 0, 0, 0, 0, 0, 0, 0
15:17:11, 1604.30, 29.44, 28.34, 29.133, 0, 0, 0, 0, 0, 0, 0, 0, 0, 0, 0, 0, 0, 0, 0, 0, 0, 0, 0, 0, 0, 0, 0, 0
15:17:11, 1606.40, 29.43, 28.31, 29.133, 0, 0, 0, 0, 0, 0, 0, 0, 0, 0, 0, 0, 0, 0, 0, 0, 0, 0, 0, 0, 0, 0, 0, 0
15:17:12, 1605.70, 29.44, 28.32, 29.125, 0, 0, 0, 0, 0, 0, 0, 0, 0, 0, 0, 0, 0, 0, 0, 0, 0, 0, 0, 0, 0, 0, 0, 0
15:17:13, 1605.90, 29.44, 28.32, 29.133, 0, 0, 0, 0, 0, 0, 0, 0, 0, 0, 0, 0, 0, 0, 0, 0, 0, 0, 0, 0, 0, 0, 0, 0
15:17:13, 1603.20, 29.44, 28.32, 29.133, 0, 0, 0, 0, 0, 0, 0, 0, 0, 0, 0, 0, 0, 0, 0, 0, 0, 0, 0, 0, 0, 0, 0, 0
15:17:14, 1601.70, 29.44, 28.32, 29.125, 0, 0, 0, 0, 0, 0, 0, 0, 0, 0, 0, 0, 0, 0, 0, 0, 0, 0, 0, 0, 0, 0, 0, 0
15:17:15, 1600.50, 29.44, 28.31, 29.125, 0, 0, 0, 0, 0, 0, 0, 0, 0, 0, 0, 0, 0, 0, 0, 0, 0, 0, 0, 0, 0, 0, 0, 0
15:17:15, 1602.50, 29.44, 28.31, 29.125, 0, 0, 0, 0, 0, 0, 0, 0, 0, 0, 0, 0, 0, 0, 0, 0, 0, 0, 0, 0, 0, 0, 0, 0
15:17:16, 1602.70, 29.44, 28.32, 29.125, 0, 0, 0, 0, 0, 0, 0, 0, 0, 0, 0, 0, 0, 0, 0, 0, 0, 0, 0, 0, 0, 0, 0, 0
15:17:17, 1604.70, 29.44, 28.32, 29.125, 0, 0, 0, 0, 0, 0, 0, 0, 0, 0, 0, 0, 0, 0, 0, 0, 0, 0, 0, 0, 0, 0, 0, 0
15:17:17, 1601.30, 29.44, 28.32, 29.125, 0, 0, 0, 0, 0, 0, 0, 0, 0, 0, 0, 0, 0, 0, 0, 0, 0, 0, 0, 0, 0, 0, 0, 0
15:17:18, 1604.30, 29.44, 28.34, 29.125, 0, 0, 0, 0, 0, 0, 0, 0, 0, 0, 0, 0, 0, 0, 0, 0, 0, 0, 0, 0, 0, 0, 0, 0
15:17:19, 1603.80, 29.44, 28.32, 29.125, 0, 0, 0, 0, 0, 0, 0, 0, 0, 0, 0, 0, 0, 0, 0, 0, 0, 0, 0, 0, 0, 0, 0, 0
15:17:19, 1605.90, 29.44, 28.36, 29.125, 0, 0, 0, 0, 0, 0, 0, 0, 0, 0, 0, 0, 0, 0, 0, 0, 0, 0, 0, 0, 0, 0, 0, 0
15:17:20, 1605.50, 29.44, 28.34, 29.125, 0, 0, 0, 0, 0, 0, 0, 0, 0, 0, 0, 0, 0, 0, 0, 0, 0, 0, 0, 0, 0, 0, 0, 0
15:17:21, 1603.90, 29.44, 28.32, 29.125, 0, 0, 0, 0, 0, 0, 0, 0, 0, 0, 0, 0, 0, 0, 0, 0, 0, 0, 0, 0, 0, 0, 0, 0
15:17:21, 1602.10, 29.44, 28.31, 29.125, 0, 0, 0, 0, 0, 0, 0, 0, 0, 0, 0, 0, 0, 0, 0, 0, 0, 0, 0, 0, 0, 0, 0, 0
15:17:22, 1601.00, 29.44, 28.34, 29.125, 0, 0, 0, 0, 0, 0, 0, 0, 0, 0, 0, 0, 0, 0, 0, 0, 0, 0, 0, 0, 0, 0, 0, 0
15:17:23, 1600.50, 29.44, 28.31, 29.125, 0, 0, 0, 0, 0, 0, 0, 0, 0, 0, 0, 0, 0, 0, 0, 0, 0, 0, 0, 0, 0, 0, 0, 0
15:17:23, 1600.50, 29.44, 28.31, 29.125, 0, 0, 0, 0, 0, 0, 0, 0, 0, 0, 0, 0, 0, 0, 0, 0, 0, 0, 0, 0, 0, 0, 0, 0
15:17:24, 1599.40, 29.44, 28.36, 29.125, 0, 0, 0, 0, 0, 0, 0, 0, 0, 0, 0, 0, 0, 0, 0, 0, 0, 0, 0, 0, 0, 0, 0, 0
15:17:25, 1596.90, 29.44, 28.36, 29.125, 0, 0, 0, 0, 0, 0, 0, 0, 0, 0, 0, 0, 0, 0, 0, 0, 0, 0, 0, 0, 0, 0, 0, 0
15:17:25, 1595.90, 29.44, 28.32, 29.125, 0, 0, 0, 0, 0, 0, 0, 0, 0, 0, 0, 0, 0, 0, 0, 0, 0, 0, 0, 0, 0, 0, 0, 0
15:17:26, 1594.00, 29.44, 28.32, 29.133, 0, 0, 0, 0, 0, 0, 0, 0, 0, 0, 0, 0, 0, 0, 0, 0, 0, 0, 0, 0, 0, 0, 0, 0
15:17:27, 1589.80, 29.44, 28.34, 29.133, 0, 0, 0, 0, 0, 0, 0, 0, 0, 0, 0, 0, 0, 0, 0, 0, 0, 0, 0, 0, 0, 0, 0, 0
15:17:27, 1587.60, 29.44, 28.38, 29.125, 0, 0, 0, 0, 0, 0, 0, 0, 0, 0, 0, 0, 0, 0, 0, 0, 0, 0, 0, 0, 0, 0, 0, 0
15:17:28, 1585.60, 29.44, 28.29, 29.125, 0, 0, 0, 0, 0, 0, 0, 0, 0, 0, 0, 0, 0, 0, 0, 0, 0, 0, 0, 0, 0, 0, 0, 0
15:17:29, 1583.50, 29.44, 28.34, 29.125, 0, 0, 0, 0, 0, 0, 0, 0, 0, 0, 0, 0, 0, 0, 0, 0, 0, 0, 0, 0, 0, 0, 0, 0
15:17:29, 1580.70, 29.44, 28.34, 29.125, 0, 0, 0, 0, 0, 0, 0, 0, 0, 0, 0, 0, 0, 0, 0, 0, 0, 0, 0, 0, 0, 0, 0, 0
15:17:30, 1577.20, 29.45, 28.34, 29.133, 0, 0, 0, 0, 0, 0, 0, 0, 0, 0, 0, 0, 0, 0, 0, 0, 0, 0, 0, 0, 0, 0, 0, 0
15:17:31, 1572.10, 29.45, 28.34, 29.133, 0, 0, 0, 0, 0, 0, 0, 0, 0, 0, 0, 0, 0, 0, 0, 0, 0, 0, 0, 0, 0, 0, 0, 0
15:17:31, 1570.20, 29.44, 28.34, 29.125, 0, 0, 0, 0, 0, 0, 0, 0, 0, 0, 0, 0, 0, 0, 0, 0, 0, 0, 0, 0, 0, 0, 0, 0
15:17:32, 1566.90, 29.45, 28.38, 29.125, 0, 0, 0, 0, 0, 0, 0, 0, 0, 0, 0, 0, 0, 0, 0, 0, 0, 0, 0, 0, 0, 0, 0, 0
15:17:33, 1566.70, 29.45, 28.34, 29.125, 0, 0, 0, 0, 0, 0, 0, 0, 0, 0, 0, 0, 0, 0, 0, 0, 0, 0, 0, 0, 0, 0, 0, 0
15:17:33, 1565.20, 29.45, 28.34, 29.125, 0, 0, 0, 0, 0, 0, 0, 0, 0, 0, 0, 0, 0, 0, 0, 0, 0, 0, 0, 0, 0, 0, 0, 0
15:17:34, 1565.20, 29.45, 28.38, 29.125, 0, 0, 0, 0, 0, 0, 0, 0, 0, 0, 0, 0, 0, 0, 0, 0, 0, 0, 0, 0, 0, 0, 0, 0
15:17:35, 1562.40, 29.45, 28.32, 29.125, 0, 0, 0, 0, 0, 0, 0, 0, 0, 0, 0, 0, 0, 0, 0, 0, 0, 0, 0, 0, 0, 0, 0, 0
15:17:35, 1561.60, 29.45, 28.34, 29.117, 0, 0, 0, 0, 0, 0, 0, 0, 0, 0, 0, 0, 0, 0, 0, 0, 0, 0, 0, 0, 0, 0, 0, 0
15:17:36, 1558.90, 29.45, 28.34, 29.117, 0, 0, 0, 0, 0, 0, 0, 0, 0, 0, 0, 0, 0, 0, 0, 0, 0, 0, 0, 0, 0, 0, 0, 0
15:17:37, 1555.90, 29.45, 28.34, 29.125, 0, 0, 0, 0, 0, 0, 0, 0, 0, 0, 0, 0, 0, 0, 0, 0, 0, 0, 0, 0, 0, 0, 0, 0
15:17:37, 1555.50, 29.45, 28.34, 29.117, 0, 0, 0, 0, 0, 0, 0, 0, 0, 0, 0, 0, 0, 0, 0, 0, 0, 0, 0, 0, 0, 0, 0, 0
15:17:38, 1553.60, 29.45, 28.34, 29.117, 0, 0, 0, 0, 0, 0, 0, 0, 0, 0, 0, 0, 0, 0, 0, 0, 0, 0, 0, 0, 0, 0, 0, 0
15:17:39, 1548.90, 29.45, 28.34, 29.133, 0, 0, 0, 0, 0, 0, 0, 0, 0, 0, 0, 0, 0, 0, 0, 0, 0, 0, 0, 0, 0, 0, 0, 0
15:17:39, 1546.50, 29.45, 28.34, 29.125, 0, 0, 0, 0, 0, 0, 0, 0, 0, 0, 0, 0, 0, 0, 0, 0, 0, 0, 0, 0, 0, 0, 0, 0
15:17:40, 1545.10, 29.45, 28.36, 29.125, 0, 0, 0, 0, 0, 0, 0, 0, 0, 0, 0, 0, 0, 0, 0, 0, 0, 0, 0, 0, 0, 0, 0, 0
15:17:41, 1544.50, 29.45, 28.36, 29.125, 0, 0, 0, 0, 0, 0, 0, 0, 0, 0, 0, 0, 0, 0, 0, 0, 0, 0, 0, 0, 0, 0, 0, 0
15:17:41, 1543.60, 29.46, 28.38, 29.125, 0, 0, 0, 0, 0, 0, 0, 0, 0, 0, 0, 0, 0, 0, 0, 0, 0, 0, 0, 0, 0, 0, 0, 0
15:17:42, 1540.40, 29.45, 28.34, 29.125, 0, 0, 0, 0, 0, 0, 0, 0, 0, 0, 0, 0, 0, 0, 0, 0, 0, 0, 0, 0, 0, 0, 0, 0
15:17:43, 1535.80, 29.46, 28.36, 29.125, 0, 0, 0, 0, 0, 0, 0, 0, 0, 0, 0, 0, 0, 0, 0, 0, 0, 0, 0, 0, 0, 0, 0, 0
15:17:43, 1534.50, 29.46, 28.36, 29.133, 0, 0, 0, 0, 0, 0, 0, 0, 0, 0, 0, 0, 0, 0, 0, 0, 0, 0, 0, 0, 0, 0, 0, 0
15:17:44, 1531.90, 29.46, 28.36, 29.133, 0, 0, 0, 0, 0, 0, 0, 0, 0, 0, 0, 0, 0, 0, 0, 0, 0, 0, 0, 0, 0, 0, 0, 0
15:17:45, 1532.10, 29.46, 28.38, 29.125, 0, 0, 0, 0, 0, 0, 0, 0, 0, 0, 0, 0, 0, 0, 0, 0, 0, 0, 0, 0, 0, 0, 0, 0
15:17:45, 1529.70, 29.46, 28.34, 29.133, 0, 0, 0, 0, 0, 0, 0, 0, 0, 0, 0, 0, 0, 0, 0, 0, 0, 0, 0, 0, 0, 0, 0, 0
15:17:46, 1530.40, 29.46, 28.38, 29.133, 0, 0, 0, 0, 0, 0, 0, 0, 0, 0, 0, 0, 0, 0, 0, 0, 0, 0, 0, 0, 0, 0, 0, 0
15:17:47, 1533.40, 29.46, 28.34, 29.125, 0, 0, 0, 0, 0, 0, 0, 1, 0, 0, 0, 0, 0, 0, 0, 0, 0, 0, 0, 0, 0, 0, 0, 0
15:17:47, 1536.60, 29.46, 28.40, 29.125, 0, 0, 0, 0, 0, 0, 0, 1, 0, 0, 0, 0, 0, 0, 0, 0, 0, 0, 0, 0, 0, 0, 0, 0
15:17:48, 1541.70, 29.46, 28.38, 29.125, 0, 0, 0, 0, 0, 0, 0, 1, 0, 0, 0, 0, 0, 0, 0, 0, 0, 0, 0, 0, 0, 0, 0, 0
15:17:49, 1546.40, 29.46, 28.34, 29.125, 0, 0, 0, 0, 0, 0, 0, 0, 0, 0, 0, 0, 0, 0, 0, 0, 0, 0, 0, 0, 0, 0, 0, 0
15:17:49, 1541.10, 29.46, 28.34, 29.133, 0, 0, 0, 0, 0, 0, 0, 0, 0, 0, 0, 0, 0, 0, 0, 0, 0, 0, 0, 0, 0, 0, 0, 0
15:17:50, 1539.60, 29.46, 28.40, 29.133, 0, 0, 0, 0, 0, 0, 0, 0, 0, 0, 0, 0, 0, 0, 0, 0, 0, 0, 0, 0, 0, 0, 0, 0
15:17:51, 1536.70, 29.46, 28.38, 29.125, 0, 0, 0, 0, 0, 0, 0, 0, 0, 0, 0, 0, 0, 0, 0, 0, 0, 0, 0, 0, 0, 0, 0, 0
15:17:51, 1534.30, 29.46, 28.36, 29.125, 0, 0, 0, 0, 0, 0, 0, 0, 0, 0, 0, 0, 0, 0, 0, 0, 0, 0, 0, 0, 0, 0, 0, 0
15:17:52, 1531.70, 29.46, 28.38, 29.125, 0, 0, 0, 0, 0, 0, 0, 0, 0, 0, 0, 0, 0, 0, 0, 0, 0, 0, 0, 0, 0, 0, 0, 0
15:17:53, 1528.30, 29.46, 28.38, 29.125, 0, 0, 0, 0, 0, 0, 0, 1, 0, 0, 0, 0, 0, 0, 0, 0, 0, 0, 0, 0, 0, 0, 0, 0
15:17:53, 1526.20, 29.46, 28.36, 29.125, 0, 0, 0, 0, 0, 0, 0, 1, 0, 0, 0, 0, 0, 0, 0, 0, 0, 0, 0, 0, 0, 0, 0, 0
15:17:54, 1525.60, 29.46, 28.34, 29.125, 0, 0, 0, 0, 0, 0, 0, 1, 0, 0, 0, 0, 0, 0, 0, 0, 0, 0, 0, 0, 0, 0, 0, 0
15:17:55, 1525.00, 29.46, 28.42, 29.125, 0, 0, 0, 0, 0, 0, 0, 0, 0, 0, 0, 0, 0, 0, 0, 0, 0, 0, 0, 0, 0, 0, 0, 0
15:17:55, 1519.30, 29.46, 28.38, 29.125, 0, 0, 0, 0, 0, 0, 0, 0, 0, 0, 0, 0, 0, 0, 0, 0, 0, 0, 0, 0, 0, 0, 0, 0
15:17:56, 1518.50, 29.47, 28.36, 29.125, 0, 0, 0, 0, 0, 0, 0, 1, 0, 0, 0, 0, 0, 0, 0, 0, 0, 0, 0, 0, 0, 0, 0, 0
15:17:57, 1519.10, 29.47, 28.36, 29.133, 0, 0, 0, 0, 0, 0, 0, 1, 0, 0, 0, 0, 0, 0, 0, 0, 0, 0, 0, 0, 0, 0, 0, 0
15:17:57, 1517.00, 29.47, 28.40, 29.133, 0, 0, 0, 0, 0, 0, 0, 0, 0, 0, 0, 0, 0, 0, 0, 0, 0, 0, 0, 0, 0, 0, 0, 0
15:17:58, 1514.60, 29.47, 28.40, 29.125, 0, 0, 0, 0, 0, 0, 0, 1, 0, 0, 0, 0, 0, 0, 0, 0, 0, 0, 0, 0, 0, 0, 0, 0
15:17:59, 1511.10, 29.47, 28.36, 29.133, 0, 0, 0, 0, 0, 0, 0, 0, 0, 0, 0, 0, 0, 0, 0, 0, 0, 0, 0, 0, 0, 0, 0, 0
15:17:59, 1511.40, 29.47, 28.40, 29.133, 0, 0, 0, 0, 0, 0, 0, 1, 0, 0, 0, 0, 0, 0, 0, 0, 0, 0, 0, 0, 0, 0, 0, 0
15:18:00, 1511.00, 29.47, 28.34, 29.125, 0, 0, 0, 0, 0, 0, 0, 1, 0, 0, 0, 0, 0, 0, 0, 0, 0, 0, 0, 0, 0, 0, 0, 0
15:18:01, 1512.90, 29.47, 28.40, 29.125, 0, 0, 0, 0, 0, 0, 0, 0, 0, 0, 0, 0, 0, 0, 0, 0, 0, 0, 0, 0, 0, 0, 0, 0
15:18:01, 1510.00, 29.47, 28.36, 29.125, 0, 0, 0, 0, 0, 0, 0, 1, 0, 0, 0, 0, 0, 0, 0, 0, 0, 0, 0, 0, 0, 0, 0, 0
15:18:02, 1504.40, 29.47, 28.36, 29.125, 0, 0, 0, 0, 0, 0, 0, 1, 0, 0, 0, 0, 0, 0, 0, 0, 0, 0, 0, 0, 0, 0, 0, 0
15:18:03, 1506.00, 29.47, 28.38, 29.133, 0, 0, 0, 0, 0, 0, 0, 1, 0, 0, 0, 0, 0, 0, 0, 0, 0, 0, 0, 0, 0, 0, 0, 0
15:18:03, 1506.50, 29.47, 28.42, 29.133, 0, 0, 0, 0, 0, 0, 0, 0, 0, 0, 0, 0, 0, 0, 0, 0, 0, 0, 0, 0, 0, 0, 0, 0
15:18:04, 1505.30, 29.47, 28.40, 29.125, 0, 0, 0, 0, 0, 0, 0, 1, 0, 0, 0, 0, 0, 0, 0, 0, 0, 0, 0, 0, 0, 0, 0, 0
15:18:05, 1503.00, 29.47, 28.40, 29.125, 0, 0, 0, 0, 0, 0, 0, 1, 0, 0, 0, 0, 0, 0, 0, 0, 0, 0, 0, 0, 0, 0, 0, 0
15:18:05, 1503.10, 29.47, 28.38, 29.125, 0, 0, 0, 0, 0, 0, 0, 1, 0, 0, 0, 0, 0, 0, 0, 0, 0, 0, 0, 0, 0, 0, 0, 0
15:18:06, 1502.20, 29.47, 28.38, 29.133, 0, 0, 0, 0, 0, 0, 0, 1, 0, 0, 0, 0, 0, 0, 0, 0, 0, 0, 0, 0, 0, 0, 0, 0
15:18:07, 1500.50, 29.47, 28.38, 29.141, 0, 0, 0, 0, 0, 0, 0, 1, 0, 0, 0, 0, 0, 0, 0, 0, 0, 0, 0, 0, 0, 0, 0, 0
15:18:07, 1501.80, 29.47, 28.40, 29.141, 0, 0, 0, 0, 0, 0, 0, 0, 0, 0, 0, 0, 0, 0, 0, 0, 0, 0, 0, 0, 0, 0, 0, 0
15:18:08, 1501.90, 29.48, 28.42, 29.125, 0, 0, 0, 0, 0, 0, 0, 1, 0, 0, 0, 0, 0, 0, 0, 0, 0, 0, 0, 0, 0, 0, 0, 0
15:18:09, 1502.70, 29.47, 28.40, 29.125, 0, 0, 0, 0, 0, 0, 0, 1, 0, 0, 0, 0, 0, 0, 0, 0, 0, 0, 0, 0, 0, 0, 0, 0
15:18:09, 1502.10, 29.48, 28.42, 29.125, 0, 0, 0, 0, 0, 0, 0, 1, 0, 0, 0, 0, 0, 0, 0, 0, 0, 0, 0, 0, 0, 0, 0, 0
15:18:10, 1503.40, 29.47, 28.43, 29.133, 0, 0, 0, 0, 0, 0, 0, 1, 0, 0, 0, 0, 0, 0, 0, 0, 0, 0, 0, 0, 0, 0, 0, 0
15:18:10, 1501.80, 29.47, 28.38, 29.133, 0, 0, 0, 0, 0, 0, 0, 1, 0, 0, 0, 0, 0, 0, 0, 0, 0, 0, 0, 0, 0, 0, 0, 0
15:18:11, 1496.60, 29.48, 28.36, 29.125, 0, 0, 0, 0, 0, 0, 0, 1, 0, 0, 0, 0, 0, 0, 0, 0, 0, 0, 0, 0, 0, 0, 0, 0
15:18:12, 1492.20, 29.48, 28.38, 29.133, 0, 0, 0, 0, 0, 0, 0, 1, 0, 0, 0, 0, 0, 0, 0, 0, 0, 0, 0, 0, 0, 0, 0, 0
15:18:12, 1489.10, 29.48, 28.42, 29.133, 0, 0, 0, 0, 0, 0, 0, 0, 0, 0, 0, 0, 0, 0, 0, 0, 0, 0, 0, 0, 0, 0, 0, 0
15:18:13, 1484.50, 29.48, 28.45, 29.125, 0, 0, 0, 0, 0, 0, 0, 1, 0, 0, 0, 0, 0, 0, 0, 0, 0, 0, 0, 0, 0, 0, 0, 0
15:18:14, 1482.30, 29.48, 28.42, 29.125, 0, 0, 0, 0, 0, 0, 0, 1, 0, 0, 0, 0, 0, 0, 0, 0, 0, 0, 0, 0, 0, 0, 0, 0
15:18:14, 1478.30, 29.48, 28.42, 29.125, 0, 0, 0, 0, 0, 0, 0, 1, 0, 0, 0, 0, 0, 0, 0, 0, 0, 0, 0, 0, 0, 0, 0, 0
15:18:15, 1474.80, 29.48, 28.43, 29.125, 0, 0, 0, 0, 0, 0, 0, 1, 0, 0, 0, 0, 0, 0, 0, 0, 0, 0, 0, 0, 0, 0, 0, 0
15:18:16, 1473.40, 29.48, 28.43, 29.125, 0, 0, 0, 0, 0, 0, 0, 1, 0, 0, 0, 0, 0, 0, 0, 0, 0, 0, 0, 0, 0, 0, 0, 0
15:18:16, 1470.10, 29.48, 28.36, 29.125, 0, 0, 0, 0, 0, 0, 0, 0, 0, 0, 0, 0, 0, 0, 0, 0, 0, 0, 0, 0, 0, 0, 0, 0
15:18:17, 1464.20, 29.48, 28.42, 29.125, 0, 0, 0, 0, 0, 0, 0, 1, 0, 0, 0, 0, 0, 0, 0, 0, 0, 0, 0, 0, 0, 0, 0, 0
15:18:18, 1464.40, 29.48, 28.38, 29.125, 0, 0, 0, 0, 0, 0, 0, 0, 0, 0, 0, 0, 0, 0, 0, 0, 0, 0, 0, 0, 0, 0, 0, 0
15:18:18, 1460.20, 29.48, 28.42, 29.125, 0, 0, 0, 0, 0, 0, 0, 1, 0, 0, 0, 0, 0, 0, 0, 0, 0, 0, 0, 0, 0, 0, 0, 0
15:18:19, 1456.00, 29.49, 28.42, 29.125, 0, 0, 0, 0, 0, 0, 0, 1, 0, 0, 0, 0, 0, 0, 0, 0, 0, 0, 0, 0, 0, 0, 0, 0
15:18:20, 1453.70, 29.49, 28.42, 29.133, 0, 0, 0, 0, 0, 0, 0, 1, 0, 0, 0, 0, 0, 0, 0, 0, 0, 0, 0, 0, 0, 0, 0, 0
15:18:20, 1454.80, 29.49, 28.40, 29.133, 0, 0, 0, 0, 0, 0, 0, 0, 0, 0, 0, 0, 0, 0, 0, 0, 0, 0, 0, 0, 0, 0, 0, 0
15:18:21, 1454.20, 29.49, 28.42, 29.125, 0, 0, 0, 0, 0, 0, 0, 1, 0, 0, 0, 0, 0, 0, 0, 0, 0, 0, 0, 0, 0, 0, 0, 0
15:18:22, 1456.30, 29.49, 28.42, 29.133, 0, 0, 0, 0, 0, 0, 0, 0, 0, 0, 0, 0, 0, 0, 0, 0, 0, 0, 0, 0, 0, 0, 0, 0
15:18:22, 1457.80, 29.49, 28.42, 29.133, 0, 0, 0, 0, 0, 0, 0, 1, 1, 0, 0, 0, 0, 0, 0, 0, 0, 0, 0, 0, 0, 0, 0, 0
15:18:23, 1455.00, 29.49, 28.40, 29.125, 0, 0, 0, 0, 0, 0, 0, 0, 1, 0, 0, 0, 0, 0, 0, 0, 0, 0, 0, 0, 0, 0, 0, 0
15:18:24, 1453.90, 29.49, 28.42, 29.133, 0, 0, 0, 0, 0, 0, 0, 1, 1, 0, 0, 0, 0, 0, 0, 0, 0, 0, 0, 0, 0, 0, 0, 0
15:18:24, 1455.90, 29.49, 28.45, 29.133, 0, 0, 0, 0, 0, 0, 0, 1, 1, 0, 0, 0, 0, 0, 0, 0, 0, 0, 0, 0, 0, 0, 0, 0
15:18:25, 1450.50, 29.49, 28.42, 29.125, 0, 0, 0, 0, 0, 0, 0, 1, 0, 0, 0, 0, 0, 0, 0, 0, 0, 0, 0, 0, 0, 0, 0, 0
15:18:26, 1449.60, 29.49, 28.42, 29.125, 0, 0, 0, 0, 0, 0, 0, 0, 1, 0, 0, 0, 0, 0, 0, 0, 0, 0, 0, 0, 0, 0, 0, 0
15:18:26, 1447.60, 29.49, 28.45, 29.125, 0, 0, 0, 0, 0, 0, 0, 1, 1, 0, 0, 0, 0, 0, 0, 0, 0, 0, 0, 0, 0, 0, 0, 0
15:18:27, 1445.00, 29.49, 28.43, 29.125, 0, 0, 0, 0, 0, 0, 0, 1, 1, 0, 0, 0, 0, 0, 0, 0, 0, 0, 0, 0, 0, 0, 0, 0
15:18:28, 1441.70, 29.49, 28.42, 29.125, 0, 0, 0, 0, 0, 0, 0, 1, 1, 0, 0, 0, 0, 0, 0, 0, 0, 0, 0, 0, 0, 0, 0, 0
15:18:28, 1444.30, 29.49, 28.42, 29.133, 0, 0, 0, 0, 0, 0, 0, 1, 1, 0, 0, 0, 0, 0, 0, 0, 0, 0, 0, 0, 0, 0, 0, 0
15:18:29, 1439.00, 29.49, 28.43, 29.125, 0, 0, 0, 0, 0, 0, 0, 1, 1, 0, 0, 0, 0, 0, 0, 0, 0, 0, 0, 0, 0, 0, 0, 0
15:18:30, 1442.60, 29.50, 28.43, 29.125, 0, 0, 0, 0, 0, 0, 0, 1, 1, 0, 0, 0, 0, 0, 0, 0, 0, 0, 0, 0, 0, 0, 0, 0
15:18:30, 1445.50, 29.49, 28.42, 29.133, 0, 0, 0, 0, 0, 0, 0, 1, 1, 0, 0, 0, 0, 0, 0, 0, 0, 0, 0, 0, 0, 0, 0, 0
15:18:31, 1444.50, 29.49, 28.42, 29.133, 0, 0, 0, 0, 0, 0, 0, 1, 1, 0, 0, 0, 0, 0, 0, 0, 0, 0, 0, 0, 0, 0, 0, 0
15:18:32, 1438.40, 29.50, 28.49, 29.133, 0, 0, 0, 0, 0, 0, 0, 1, 1, 0, 0, 0, 0, 0, 0, 0, 0, 0, 0, 0, 0, 0, 0, 0
15:18:32, 1439.80, 29.50, 28.42, 29.125, 0, 0, 0, 0, 0, 0, 0, 1, 1, 0, 0, 0, 0, 0, 0, 0, 0, 0, 0, 0, 0, 0, 0, 0
15:18:33, 1437.60, 29.50, 28.40, 29.125, 0, 0, 0, 0, 0, 0, 0, 1, 1, 0, 0, 0, 0, 0, 0, 0, 0, 0, 0, 0, 0, 0, 0, 0
15:18:34, 1428.30, 29.49, 28.43, 29.125, 0, 0, 0, 0, 0, 0, 1, 1, 1, 0, 0, 0, 0, 0, 0, 0, 0, 0, 0, 0, 0, 0, 0, 0
15:18:34, 1422.80, 29.50, 28.43, 29.133, 0, 0, 0, 0, 0, 0, 1, 2, 1, 0, 0, 0, 0, 0, 0, 0, 0, 0, 0, 0, 0, 0, 0, 0
15:18:35, 1427.50, 29.50, 28.45, 29.133, 0, 0, 0, 0, 0, 0, 1, 2, 1, 0, 0, 0, 0, 0, 0, 0, 0, 0, 0, 0, 0, 0, 0, 0
15:18:36, 1424.60, 29.50, 28.43, 29.133, 0, 0, 0, 0, 0, 0, 0, 1, 1, 0, 0, 0, 0, 0, 0, 0, 0, 0, 0, 0, 0, 0, 0, 0
15:18:36, 1415.80, 29.50, 28.43, 29.125, 0, 0, 0, 0, 0, 0, 1, 2, 1, 0, 0, 0, 0, 0, 0, 0, 0, 0, 0, 0, 0, 0, 0, 0
15:18:37, 1410.20, 29.50, 28.43, 29.133, 0, 0, 0, 0, 0, 0, 1, 2, 1, 0, 0, 0, 0, 0, 0, 0, 0, 0, 0, 0, 0, 0, 0, 0
15:18:38, 1403.30, 29.50, 28.43, 29.133, 0, 0, 0, 0, 0, 0, 1, 2, 1, 0, 0, 0, 0, 0, 0, 0, 0, 0, 0, 0, 0, 0, 0, 0
15:18:38, 1394.60, 29.50, 28.47, 29.125, 0, 0, 0, 0, 0, 0, 1, 2, 1, 0, 0, 0, 0, 0, 0, 0, 0, 0, 0, 0, 0, 0, 0, 0
15:18:39, 1395.30, 29.51, 28.43, 29.133, 0, 0, 0, 0, 0, 0, 1, 3, 2, 0, 0, 0, 0, 0, 0, 0, 0, 0, 0, 0, 0, 0, 0, 0
15:18:40, 1390.30, 29.51, 28.45, 29.133, 0, 0, 0, 0, 0, 0, 1, 2, 1, 0, 0, 0, 0, 0, 0, 0, 0, 0, 0, 0, 0, 0, 0, 0
15:18:40, 1384.00, 29.51, 28.43, 29.133, 0, 0, 0, 0, 0, 0, 1, 3, 2, 0, 0, 0, 0, 0, 0, 0, 0, 0, 0, 0, 0, 0, 0, 0
15:18:41, 1378.40, 29.51, 28.42, 29.133, 0, 0, 0, 0, 0, 0, 1, 2, 2, 0, 0, 0, 0, 0, 0, 0, 0, 0, 0, 0, 0, 0, 0, 0
15:18:42, 1377.20, 29.51, 28.43, 29.133, 0, 0, 0, 0, 0, 0, 1, 4, 2, 0, 0, 0, 0, 0, 0, 0, 0, 0, 0, 0, 0, 0, 0, 0
15:18:42, 1370.10, 29.51, 28.42, 29.117, 0, 0, 0, 0, 0, 0, 1, 4, 2, 0, 0, 0, 0, 0, 0, 0, 0, 0, 0, 0, 0, 0, 0, 0
15:18:43, 1366.60, 29.51, 28.45, 29.125, 0, 0, 0, 0, 0, 0, 1, 3, 3, 0, 0, 0, 0, 0, 0, 0, 0, 0, 0, 0, 0, 0, 0, 0
15:18:44, 1364.80, 29.51, 28.47, 29.125, 0, 0, 0, 0, 0, 0, 2, 5, 3, 0, 0, 0, 0, 0, 0, 0, 0, 0, 0, 0, 0, 0, 0, 0
15:18:44, 1361.80, 29.51, 28.45, 29.125, 0, 0, 0, 0, 0, 0, 2, 5, 3, 0, 0, 0, 0, 0, 0, 0, 0, 0, 0, 0, 0, 0, 0, 0
15:18:45, 1354.90, 29.51, 28.45, 29.125, 0, 0, 0, 0, 0, 0, 2, 5, 3, 0, 0, 0, 0, 0, 0, 0, 0, 0, 0, 0, 0, 0, 0, 0
15:18:46, 1351.90, 29.51, 28.45, 29.125, 0, 0, 0, 0, 0, 0, 2, 6, 3, 0, 0, 0, 0, 0, 0, 0, 0, 0, 0, 0, 0, 0, 0, 0
15:18:46, 1350.10, 29.50, 28.43, 29.125, 0, 0, 0, 0, 0, 0, 2, 6, 4, 0, 0, 0, 0, 0, 0, 0, 0, 0, 0, 0, 0, 0, 0, 0
15:18:47, 1341.30, 29.50, 28.42, 29.125, 0, 0, 0, 0, 0, 0, 2, 7, 4, 0, 0, 0, 0, 0, 0, 0, 0, 0, 0, 1, 0, 0, 0, 0
15:18:48, 1335.80, 29.50, 28.45, 29.133, 0, 0, 0, 0, 0, 0, 3, 8, 5, 1, 0, 0, 0, 0, 0, 0, 0, 0, 0, 1, 0, 0, 0, 0
15:18:48, 1332.90, 29.51, 28.43, 29.133, 0, 0, 0, 1, 0, 0, 3, 9, 6, 1, 0, 0, 0, 0, 0, 0, 0, 0, 0, 1, 0, 0, 0, 0
15:18:49, 1325.50, 29.51, 28.51, 29.133, 0, 0, 0, 0, 0, 0, 4, 11, 7, 1, 0, 0, 0, 0, 0, 0, 0, 0, 0, 1, 0, 0, 0, 0
15:18:50, 1320.50, 29.51, 28.47, 29.133, 0, 0, 1, 1, 0, 0, 4, 12, 8, 1, 0, 0, 0, 0, 0, 0, 0, 0, 0, 1, 1, 0, 0, 0
15:18:50, 1315.30, 29.51, 28.47, 29.133, 0, 0, 1, 1, 0, 0, 4, 13, 7, 1, 0, 0, 0, 0, 0, 0, 0, 0, 0, 1, 1, 0, 0, 0
15:18:51, 1309.50, 29.51, 28.45, 29.133, 0, 0, 1, 1, 0, 1, 6, 16, 10, 1, 0, 0, 0, 0, 0, 0, 0, 0, 0, 1, 1, 0, 0, 0
15:18:52, 1303.90, 29.51, 28.47, 29.125, 0, 0, 1, 1, 0, 1, 6, 17, 12, 1, 0, 0, 0, 0, 0, 0, 0, 0, 0, 2, 1, 0, 0, 0
15:18:52, 1297.60, 29.51, 28.43, 29.125, 0, 0, 1, 1, 0, 1, 7, 19, 13, 1, 0, 0, 0, 0, 0, 0, 0, 0, 0, 2, 1, 0, 0, 0
15:18:53, 1295.10, 29.51, 28.45, 29.125, 0, 0, 1, 1, 1, 2, 8, 22, 15, 1, 0, 0, 0, 0, 0, 0, 0, 0, 0, 2, 1, 0, 0, 0
15:18:54, 1289.30, 29.51, 28.47, 29.133, 0, 0, 1, 1, 1, 2, 9, 25, 14, 1, 0, 0, 0, 0, 0, 0, 0, 0, 0, 3, 2, 0, 0, 0
15:18:54, 1290.70, 29.52, 28.45, 29.133, 0, 0, 1, 1, 1, 2, 10, 27, 18, 2, 0, 0, 0, 0, 0, 0, 0, 0, 0, 3, 2, 0, 0, 0
15:18:55, 1289.00, 29.51, 28.49, 29.133, 0, 0, 1, 1, 1, 2, 10, 28, 19, 2, 0, 0, 0, 0, 0, 0, 0, 0, 0, 3, 2, 0, 0, 0
15:18:56, 1282.40, 29.52, 28.43, 29.133, 0, 0, 1, 1, 1, 2, 10, 26, 18, 2, 0, 0, 0, 0, 0, 0, 0, 0, 1, 3, 2, 0, 0, 0
15:18:56, 1275.50, 29.52, 28.45, 29.141, 0, 0, 1, 1, 1, 2, 11, 30, 21, 2, 0, 0, 0, 0, 0, 0, 0, 0, 1, 3, 2, 0, 0, 0
15:18:57, 1270.40, 29.52, 28.45, 29.141, 0, 0, 1, 1, 1, 3, 14, 36, 25, 2, 0, 0, 0, 0, 0, 0, 0, 0, 1, 4, 3, 0, 0, 0
15:18:58, 1265.40, 29.52, 28.47, 29.133, 0, 1, 1, 1, 1, 3, 15, 38, 26, 2, 0, 0, 0, 0, 0, 0, 0, 0, 1, 4, 3, 0, 0, 0
15:18:58, 1262.40, 29.52, 28.45, 29.141, 1, 1, 1, 1, 2, 4, 17, 44, 32, 3, 0, 0, 0, 0, 0, 0, 0, 0, 1, 5, 3, 0, 0, 0
15:18:59, 1254.30, 29.52, 28.49, 29.141, 1, 1, 1, 1, 2, 4, 17, 43, 32, 3, 0, 0, 0, 0, 0, 0, 0, 0, 2, 6, 4, 0, 0, 0
15:19:00, 1252.30, 29.52, 28.45, 29.133, 1, 1, 2, 2, 2, 6, 22, 53, 39, 3, 0, 0, 0, 0, 0, 0, 0, 0, 2, 6, 5, 0, 0, 0
15:19:00, 1244.50, 29.52, 28.47, 29.133, 1, 1, 2, 1, 2, 5, 20, 49, 32, 3, 0, 0, 0, 0, 0, 0, 0, 0, 2, 7, 5, 0, 0, 0
15:19:01, 1237.50, 29.52, 28.51, 29.133, 1, 1, 2, 2, 3, 8, 28, 66, 47, 4, 0, 0, 0, 0, 0, 0, 0, 0, 3, 8, 6, 0, 0, 0
15:19:02, 1247.10, 29.52, 28.47, 29.133, 1, 2, 2, 2, 4, 10, 35, 81, 68, 6, 0, 0, 0, 0, 0, 0, 0, 0, 3, 9, 8, 0, 0, 0
15:19:02, 1252.40, 29.53, 28.49, 29.141, 1, 1, 2, 2, 2, 5, 20, 49, 38, 3, 0, 0, 0, 0, 0, 0, 0, 0, 2, 6, 4, 0, 0, 0
15:19:03, 1243.70, 29.53, 28.47, 29.141, 1, 1, 2, 2, 3, 6, 22, 54, 50, 5, 0, 0, 0, 0, 0, 0, 0, 0, 2, 8, 6, 0, 0, 0
15:19:04, 1230.20, 29.53, 28.51, 29.141, 1, 1, 2, 1, 4, 8, 29, 69, 65, 6, 0, 0, 0, 0, 0, 0, 0, 0, 4, 10, 8, 0, 0, 0
15:19:04, 1220.10, 29.53, 28.43, 29.141, 2, 2, 3, 2, 6, 13, 43, 96, 90, 8, 0, 0, 0, 0, 0, 0, 0, 1, 5, 13, 9, 0, 0, 0
15:19:05, 1209.70, 29.53, 28.49, 29.133, 2, 3, 3, 4, 8, 17, 52, 114, 107, 10, 0, 0, 0, 0, 0, 0, 1, 1, 7, 17, 13, 1, 0, 0
15:19:06, 1200.40, 29.53, 28.47, 29.141, 3, 4, 4, 5, 9, 20, 60, 129, 118, 11, 0, 0, 0, 0, 0, 0, 1, 2, 7, 18, 14, 1, 0, 0
15:19:06, 1192.10, 29.53, 28.51, 29.141, 4, 4, 5, 5, 13, 28, 80, 164, 156, 14, 0, 0, 0, 0, 0, 0, 1, 2, 9, 23, 18, 1, 0, 0
15:19:07, 1192.90, 29.53, 28.51, 29.133, 5, 6, 6, 6, 16, 35, 97, 198, 186, 17, 0, 0, 0, 0, 0, 0, 1, 2, 9, 22, 17, 1, 0, 0
15:19:08, 1180.80, 29.53, 28.45, 29.141, 5, 5, 5, 6, 13, 28, 76, 157, 150, 14, 0, 0, 0, 0, 0, 0, 1, 3, 12, 27, 22, 1, 0, 0
15:19:08, 1170.50, 29.54, 28.49, 29.141, 7, 7, 7, 8, 21, 45, 116, 228, 242, 22, 0, 0, 1, 0, 0, 0, 2, 5, 16, 35, 29, 2, 0, 0
15:19:09, 1160.60, 29.54, 28.49, 29.133, 9, 9, 10, 12, 30, 62, 153, 289, 329, 31, 0, 0, 1, 1, 1, 1, 3, 6, 20, 43, 37, 3, 0, 0
15:19:10, 1150.70, 29.54, 28.47, 29.141, 12, 12, 13, 16, 37, 76, 177, 329, 371, 35, 0, 0, 1, 1, 1, 1, 3, 7, 23, 48, 42, 3, 0, 0
15:19:10, 1139.60, 29.54, 28.49, 29.141, 13, 13, 14, 19, 57, 111, 249, 443, 531, 51, 0, 0, 1, 1, 1, 1, 5, 10, 31, 61, 54, 5, 0, 0
15:19:11, 1130.00, 29.54, 28.52, 29.141, 19, 20, 21, 30, 89, 169, 355, 607, 784, 76, 0, 0, 2, 2, 2, 2, 7, 15, 41, 79, 74, 6, 0, 0
15:19:12, 1121.60, 29.55, 28.49, 29.141, 26, 26, 28, 40, 114, 211, 430, 718, 966, 94, 0, 0, 3, 2, 2, 3, 9, 19, 52, 96, 90, 8, 0, 0
15:19:12, 1111.70, 29.55, 28.49, 29.141, 32, 32, 35, 55, 139, 248, 481, 781, 1174, 121, 0, 0, 3, 3, 3, 4, 13, 25, 62, 112, 114, 10, 0, 0
15:19:13, 1099.80, 29.55, 28.49, 29.141, 38, 39, 44, 73, 197, 332, 609, 952, 1640, 179, 0, 0, 5, 4, 4, 6, 19, 37, 85, 145, 158, 14, 0, 0
15:19:14, 1096.90, 29.55, 28.49, 29.141, 60, 61, 71, 126, 308, 510, 915, 1384, 2199, 226, 0, 0, 5, 5, 5, 7, 21, 40, 90, 152, 169, 16, 0, 0
15:19:14, 1097.00, 29.55, 28.52, 29.141, 65, 65, 77, 138, 349, 579, 1022, 1537, 2345, 237, 0, 0, 5, 4, 4, 7, 20, 39, 89, 151, 169, 16, 0, 0
15:19:15, 1094.10, 29.55, 28.51, 29.141, 62, 63, 76, 132, 366, 591, 1017, 1530, 2731, 311, 0, 0, 6, 6, 6, 9, 24, 45, 100, 166, 189, 18, 0, 0
15:19:16, 1095.80, 29.55, 28.51, 29.156, 71, 76, 90, 163, 391, 637, 1122, 1676, 2055, 204, 0, 0, 5, 4, 4, 6, 19, 36, 83, 141, 148, 14, 0, 0
15:19:16, 1090.50, 29.55, 28.52, 29.156, 74, 75, 90, 160, 396, 641, 1092, 1630, 1771, 179, 0, 0, 6, 5, 5, 8, 23, 43, 95, 158, 161, 16, 0, 0
15:19:17, 1087.90, 29.55, 28.51, 29.156, 77, 80, 96, 177, 384, 612, 1046, 1541, 1408, 137, 0, 0, 6, 5, 5, 8, 24, 46, 102, 170, 165, 16, 0, 0
15:19:18, 1084.10, 29.56, 28.52, 29.156, 73, 74, 91, 169, 420, 654, 1088, 1585, 2442, 282, 0, 0, 7, 7, 7, 11, 31, 57, 122, 197, 222, 21, 0, 0
15:19:18, 1074.00, 29.56, 28.51, 29.156, 88, 90, 115, 218, 490, 743, 1207, 1746, 3440, 430, 0, 0, 9, 8, 9, 15, 46, 81, 164, 255, 310, 30, 0, 0
15:19:19, 1068.00, 29.56, 28.51, 29.156, 122, 126, 177, 340, 786, 1132, 1749, 2450, 5177, 683, 0, 0, 11, 10, 11, 19, 56, 95, 186, 283, 363, 36, 0, 0
15:19:19, 1061.00, 29.56, 28.54, 29.164, 141, 147, 219, 415, 892, 1258, 1865, 2590, 5831, 843, 0, 0, 13, 12, 14, 24, 67, 112, 210, 314, 419, 42, 0, 0
15:19:20, 1051.30, 29.56, 28.51, 29.164, 194, 215, 339, 637, 1275, 1698, 2408, 3196, 5781, 902, 0, 0, 16, 15, 19, 35, 82, 132, 236, 344, 444, 48, 0, 0
15:19:21, 1037.10, 29.56, 28.51, 29.164, 219, 259, 436, 761, 1412, 1759, 2394, 3057, 2630, 380, 0, 0, 19, 18, 25, 46, 111, 169, 286, 401, 486, 54, 0, 0
15:19:21, 1031.80, 29.57, 28.54, 29.164, 338, 483, 841, 1398, 2120, 2503, 3350, 4042, 8654, 1818, 0, 0, 21, 21, 30, 58, 134, 194, 320, 439, 628, 70, 0, 0
15:19:22, 1025.90, 29.57, 28.49, 29.164, 486, 773, 1318, 1985, 2942, 3340, 4133, 5100, 16439, 4165, 0, 0, 25, 27, 43, 81, 170, 236, 372, 495, 811, 94, 0, 0
15:19:23, 1016.00, 29.57, 28.49, 29.164, 887, 1449, 2333, 3207, 4363, 4876, 5762, 6910, 26005, 7508, 0, 0, 35, 42, 72, 128, 243, 316, 469, 598, 1131, 144, 0, 0
15:19:23, 1012.20, 29.57, 28.51, 29.164, 1823, 2969, 4122, 5112, 6011, 6420, 7736, 8683, 31939, 12475, 0, 0, 69, 100, 163, 243, 1012, 1093, 1356, 1558, 5464, 1743, 0, 0
15:19:24, 1012.20, 29.56, 28.49, 29.156, 1762, 2834, 3951, 4738, 5216, 5509, 6555, 7520, 19576, 7431, 0, 0, 798, 1227, 1785, 2136, 1973, 2186, 2579, 2962, 8275, 2650, 0, 0
15:19:25, 1012.00, 29.56, 28.54, 29.078, 1675, 2659, 3644, 4516, 5669, 5888, 7224, 7997, 29932, 11403, 0, 0, 859, 1383, 1914, 2420, 3387, 3608, 4474, 5016, 14668, 4944, 0, 0
15:19:25, 1012.00, 29.55, 28.51, 29.078, 2035, 3250, 4531, 5496, 5808, 6086, 7355, 8245, 23855, 9594, 0, 0, 1076, 1898, 2473, 3112, 4432, 4448, 6023, 6725, 19007, 8141, 0, 0
15:19:26, 1012.10, 29.54, 28.52, 28.898, 1794, 2809, 3867, 4745, 5762, 6015, 7281, 8056, 32038, 12598, 0, 0, 1663, 3069, 3746, 5291, 7083, 8686, 9717, 12679, 19238, 6328, 0, 0
15:19:27, 1011.90, 29.52, 28.52, 28.633, 2094, 3334, 4679, 5549, 5675, 6004, 7217, 8168, 21501, 8370, 0, 0, 2768, 4660, 6667, 7621, 12254, 11612, 15308, 18289, 36000, 26663, 1, 1
15:19:27, 1011.70, 29.51, 28.52, 28.633, 1833, 2855, 3919, 4758, 5357, 5716, 6748, 7587, 25136, 9367, 0, 0, 3647, 5839, 8483, 9727, 16093, 16792, 21137, 22726, 36000, 36000, 1, 1
15:19:28, 1011.70, 29.49, 28.54, 28.344, 1954, 3045, 4202, 5155, 5578, 6081, 7106, 8022, 27370, 10090, 0, 0, 11131, 18057, 26180, 29555, 36000, 36000, 36000, 36000, 36000, 36000, 1, 1
15:19:29, 1011.80, 29.48, 28.51, 28.195, 1562, 2404, 3325, 4008, 5114, 5528, 6300, 7511, 29676, 12417, 0, 0, 9615, 15938, 22475, 26643, 31498, 32090, 36000, 36000, 36000, 36000, 1, 1
15:19:29, 1011.70, 29.46, 28.54, 28.195, 1578, 2432, 3399, 4003, 3166, 3244, 4209, 4775, 11584, 5427, 0, 0, 7646, 12874, 18057, 21285, 24952, 28767, 31866, 36000, 36000, 36000, 1, 1
15:19:30, 1011.80, 29.43, 28.54, 28.023, 1427, 2142, 3000, 3530, 3799, 4149, 5005, 5832, 15261, 6478, 0, 0, 8449, 13993, 19803, 23058, 27886, 29543, 35902, 36000, 36000, 36000, 1, 1
15:19:31, 1011.80, 29.42, 28.52, 27.859, 1656, 2493, 3448, 4171, 5360, 5776, 6858, 7607, 24239, 8850, 0, 0, 7078, 11678, 16495, 19806, 24119, 27076, 30586, 35999, 36000, 36000, 1, 1
15:19:31, 1011.80, 29.40, 28.58, 27.859, 2108, 3403, 4691, 5652, 4561, 4706, 5890, 6323, 23693, 9268, 0, 0, 6526, 11037, 15297, 18455, 23717, 25757, 31086, 35504, 36000, 36000, 1, 1
15:19:32, 1011.80, 29.38, 28.54, 27.617, 1392, 2044, 2797, 3389, 3322, 3826, 4236, 5114, 19599, 7536, 0, 0, 7730, 12648, 17927, 21089, 25105, 27864, 32639, 36000, 36000, 36000, 1, 1
15:19:33, 1011.90, 29.36, 28.58, 27.422, 714, 991, 1444, 1552, 2111, 2172, 2734, 3132, 14360, 6076, 0, 0, 7191, 11909, 16818, 19795, 23657, 26231, 30808, 35999, 36000, 36000, 1, 1
15:19:33, 1011.90, 29.33, 28.54, 27.422, 883, 1177, 1739, 1963, 2255, 2625, 2994, 3541, 11806, 4603, 0, 0, 6947, 11700, 16290, 19640, 22948, 24862, 30041, 34719, 36000, 36000, 1, 1
15:19:34, 1012.10, 29.30, 28.60, 27.234, 797, 1086, 1555, 1794, 2032, 2406, 2796, 3328, 8092, 3313, 0, 0, 6474, 10863, 15195, 18407, 21830, 24336, 28929, 34369, 36000, 36000, 1, 1
15:19:35, 1012.20, 29.28, 28.56, 27.070, 291, 342, 514, 555, 705, 756, 1041, 1155, 3898, 2607, 0, 0, 6322, 10290, 14823, 17084, 20298, 21611, 26483, 30663, 36000, 36000, 1, 1
15:19:35, 1012.10, 29.25, 28.58, 27.070, 824, 1268, 1801, 2036, 2829, 2864, 3727, 4166, 11201, 5106, 0, 0, 5518, 8908, 12802, 14593, 16900, 18523, 21890, 26558, 36000, 36000, 1, 1
15:19:36, 1012.10, 29.24, 28.56, 26.937, 1253, 2065, 2852, 3414, 4050, 4150, 5227, 5796, 14691, 5720, 0, 0, 4676, 7552, 10263, 11959, 12398, 14252, 18605, 24252, 36000, 35045, 1, 1
15:19:37, 1011.90, 29.24, 28.60, 26.844, 1160, 1911, 2629, 3164, 3346, 3423, 4408, 4923, 12188, 5133, 0, 0, 266, 363, 414, 472, 493, 743, 1086, 1540, 3290, 2002, 0, 0
15:19:37, 1012.20, 29.23, 28.61, 26.844, 1098, 1825, 2474, 3068, 1220, 1393, 1765, 2110, 8059, 3902, 0, 0, 888, 1211, 1314, 1603, 772, 1335, 2107, 3148, 6965, 5085, 0, 0
