Secchi Depth (cm) = 9999
Forel Ule Scale = 99
pH Colour Scale = 99
SensingSecchi S/N = A016
Latitude (degs N) = 33.94765
Longitude (degs E) = -77.97047
Date = 2026-08-14
Time (UTC), Pressure (mbar) MS5803, Temp (deg C) MS5803, Temp (deg C) 10KTHERM, Temp (deg C) TMP117, ED 415nm, ED 445nm, ED 480nm, ED 515nm, ED 555nm, ED 590nm, ED 630nm, ED 680nm, ED Clear, ED NIR, ED D-SAT, ED A-SAT, EU 415nm, EU 445nm, EU 480nm, EU 515nm, EU 555nm, EU 590nm, EU 630nm, EU 680nm, EU Clear, EU NIR, EU D-SAT, EU A-SAT
15:34:30, 1012.70, 30.52, 31.77, 28.773, 968, 1516, 2075, 2375, 2574, 2458, 2914, 2835, 14326, 3896, 0, 0, 6301, 8313, 9665, 11337, 12506, 15890, 21221, 31782, 36000, 36000, 1, 1
15:34:30, 1012.80, 30.53, 31.81, 28.805, 951, 1492, 2041, 2340, 2553, 2438, 2886, 2810, 14207, 3839, 0, 0, 6353, 8357, 9679, 11376, 12557, 16164, 21598, 32533, 36000, 36000, 1, 1
15:34:31, 1013.00, 30.54, 31.77, 28.812, 985, 1541, 2109, 2414, 2632, 2517, 2978, 2898, 14580, 4019, 0, 0, 6311, 8277, 9593, 11243, 12323, 15933, 21243, 32039, 36000, 36000, 1, 1
15:34:32, 1012.70, 30.54, 31.79, 28.812, 976, 1528, 2093, 2397, 2598, 2484, 2938, 2859, 14437, 3950, 0, 0, 6177, 8083, 9427, 11034, 12218, 15676, 20865, 31353, 36000, 36000, 1, 1
15:34:32, 1012.70, 30.54, 31.83, 28.773, 973, 1523, 2085, 2386, 2584, 2467, 2917, 2841, 14352, 3916, 0, 0, 6199, 8132, 9481, 11111, 12345, 15803, 21072, 31641, 36000, 36000, 1, 1
15:34:33, 1012.30, 30.53, 31.83, 28.773, 973, 1524, 2084, 2388, 2652, 2529, 2997, 2919, 14650, 4049, 0, 0, 6639, 8734, 9995, 11818, 12348, 16236, 21606, 33395, 36000, 36000, 1, 1
15:34:34, 1012.80, 30.55, 31.81, 28.773, 3761, 3827, 7467, 5598, 13509, 14205, 11984, 17528, 36000, 36000, 1, 1, 7432, 10415, 12257, 15079, 16823, 22494, 31848, 36000, 36000, 36000, 1, 1
15:34:34, 1013.30, 30.58, 31.83, 28.812, 3906, 5235, 7698, 8461, 4734, 4859, 5625, 6172, 25454, 8290, 0, 0, 5170, 7862, 10246, 12687, 18168, 21903, 26295, 34116, 36000, 36000, 1, 1
15:34:35, 1013.60, 30.59, 31.83, 28.789, 4162, 3887, 6340, 6481, 30189, 30769, 31685, 33918, 29846, 22547, 0, 1, 1787, 3028, 4477, 6106, 9746, 9976, 10113, 10548, 27904, 6387, 0, 0
15:34:36, 1018.60, 30.59, 31.81, 28.789, 2842, 5250, 7274, 9660, 22610, 23850, 28888, 33766, 34165, 25220, 0, 1, 2963, 4440, 7110, 8329, 5751, 5530, 5085, 4678, 15426, 2958, 0, 0
15:34:36, 1022.20, 30.63, 31.81, 28.953, 5997, 9852, 13730, 16048, 13842, 11597, 14664, 15556, 33032, 27229, 0, 1, 701, 1175, 2370, 3987, 6172, 5832, 5027, 4216, 14236, 1109, 0, 0
15:34:37, 1019.30, 30.70, 31.83, 29.859, 3054, 3417, 4413, 8459, 4073, 5679, 5189, 5645, 15665, 3778, 0, 0, 656, 1079, 2209, 3766, 5904, 5623, 4763, 3973, 11539, 897, 0, 0
15:34:38, 1025.50, 30.75, 31.79, 29.859, 2926, 2727, 5525, 3949, 5416, 3487, 6953, 4599, 9210, 2704, 0, 0, 605, 1000, 2068, 3538, 6516, 6212, 5351, 4489, 13998, 1156, 0, 0
15:34:38, 1030.00, 30.79, 31.77, 30.203, 1325, 2225, 2984, 4789, 5417, 5652, 9193, 6210, 13053, 2449, 0, 0, 653, 1075, 2217, 3779, 6147, 5861, 4992, 4185, 14018, 1159, 0, 0
15:34:39, 1024.90, 30.82, 31.79, 30.359, 2101, 3266, 4071, 8356, 6326, 8627, 12027, 8012, 19589, 4499, 0, 0, 743, 1220, 2434, 4054, 6309, 6055, 5235, 4478, 15227, 1283, 0, 0
15:34:40, 1022.30, 30.85, 31.81, 30.359, 4629, 2846, 5358, 5695, 10862, 20248, 9730, 17219, 36000, 34365, 1, 1, 866, 1458, 2733, 4455, 5893, 5645, 4970, 4330, 14968, 1358, 0, 0
15:34:40, 1027.20, 30.87, 31.77, 30.406, 2470, 2776, 5511, 4421, 8163, 5044, 8799, 6627, 35967, 26994, 0, 1, 654, 1094, 2229, 3779, 5916, 5604, 4797, 4021, 14023, 1054, 0, 0
15:34:41, 1026.40, 30.89, 31.79, 30.406, 1475, 2866, 3544, 7519, 3750, 3997, 5335, 4384, 19122, 3094, 0, 0, 620, 1023, 2128, 3631, 5937, 5622, 4747, 3950, 11677, 893, 0, 0
15:34:41, 1027.80, 30.90, 31.79, 30.422, 1341, 1784, 2641, 3211, 4476, 5229, 5096, 5987, 11432, 1755, 0, 0, 613, 1025, 2110, 3601, 5728, 5441, 4611, 3847, 11330, 865, 0, 0
15:34:42, 1027.00, 30.92, 31.73, 30.430, 1254, 1856, 2856, 3192, 3325, 3088, 3842, 3710, 7159, 932, 0, 0, 623, 1038, 2139, 3641, 5823, 5539, 4693, 3914, 11545, 888, 0, 0
15:34:43, 1024.50, 30.93, 31.77, 30.430, 1296, 1868, 2793, 3091, 3768, 3788, 4321, 4776, 7984, 1290, 0, 0, 691, 1159, 2349, 3948, 6083, 5789, 4955, 4160, 12533, 1000, 0, 0
15:34:43, 1024.30, 30.94, 31.75, 30.430, 1195, 1932, 2723, 3442, 5098, 4157, 8980, 5041, 10301, 2222, 0, 0, 716, 1192, 2381, 3956, 6333, 6042, 5204, 4462, 14923, 1290, 0, 0
15:34:44, 1024.90, 30.95, 31.75, 30.445, 8843, 5726, 8481, 17234, 4692, 7450, 5986, 6458, 29876, 6540, 0, 0, 774, 1270, 2498, 4149, 6328, 6045, 5220, 4491, 15821, 1367, 0, 0
15:34:45, 1029.40, 30.96, 31.75, 30.445, 2994, 2489, 4140, 4366, 14897, 21942, 13542, 22735, 36000, 28689, 1, 1, 672, 1102, 2231, 3757, 5881, 5605, 4776, 4063, 14187, 1132, 0, 0
15:34:45, 1023.60, 30.96, 31.71, 30.430, 7556, 6237, 11426, 18304, 7402, 14274, 13790, 13845, 32232, 10506, 0, 0, 714, 1161, 2320, 3878, 6195, 5938, 5113, 4386, 15148, 1312, 0, 0
15:34:46, 1025.20, 30.96, 31.73, 30.437, 4648, 3847, 5492, 10318, 11921, 14484, 15513, 16420, 34015, 14056, 0, 1, 707, 1164, 2326, 3907, 6160, 5886, 5030, 4268, 14572, 1239, 0, 0
15:34:47, 1027.90, 30.97, 31.77, 30.437, 2175, 3277, 3753, 7925, 14852, 17112, 21315, 19912, 29535, 4702, 0, 0, 668, 1105, 2244, 3758, 6106, 5825, 5018, 4297, 14491, 1212, 0, 0
15:34:47, 1019.20, 30.97, 31.73, 30.437, 1594, 2625, 3309, 6002, 6293, 6984, 13187, 6700, 14921, 3322, 0, 0, 750, 1222, 2432, 4019, 6549, 6270, 5419, 4658, 15747, 1457, 0, 0
15:34:48, 1025.90, 30.97, 31.70, 30.453, 2172, 2620, 3416, 5774, 4691, 8990, 7189, 6588, 28403, 5838, 0, 0, 782, 1290, 2549, 4206, 6254, 5960, 5163, 4428, 15087, 1285, 0, 0
15:34:49, 1027.70, 30.98, 31.73, 30.453, 6445, 11789, 16869, 19100, 26838, 27899, 30030, 33104, 35406, 10793, 0, 1, 664, 1090, 2209, 3731, 6613, 6325, 5448, 4665, 15967, 1381, 0, 0
15:34:49, 1025.30, 30.99, 31.73, 30.445, 1655, 2573, 3359, 5245, 5346, 6461, 9145, 6224, 13533, 3202, 0, 0, 817, 1347, 2687, 4454, 6843, 6535, 5663, 4855, 16217, 1392, 0, 0
15:34:50, 1030.10, 30.99, 31.73, 30.453, 4295, 4957, 5485, 15739, 18922, 22156, 27673, 22642, 31871, 5637, 0, 0, 656, 1080, 2188, 3696, 5972, 5707, 4876, 4143, 14231, 1173, 0, 0
15:34:51, 1025.60, 30.99, 31.71, 30.453, 2371, 2604, 3820, 5803, 3582, 4509, 4488, 4567, 18029, 3159, 0, 0, 745, 1214, 2450, 4092, 6615, 6325, 5435, 4652, 16261, 1374, 0, 0
15:34:51, 1029.70, 31.00, 31.71, 30.445, 4222, 2707, 4558, 6155, 7776, 17651, 11730, 16522, 36000, 17750, 1, 1, 682, 1116, 2254, 3760, 5907, 5635, 4815, 4094, 14401, 1159, 0, 0
15:34:52, 1029.10, 31.00, 31.66, 30.445, 2155, 2347, 3587, 5119, 4722, 7305, 6719, 6766, 28674, 4754, 0, 0, 693, 1132, 2306, 3893, 6404, 6123, 5226, 4440, 15405, 1258, 0, 0
15:34:53, 1031.00, 31.00, 31.70, 30.445, 1359, 1986, 2766, 3851, 3656, 4201, 4901, 4507, 14086, 2269, 0, 0, 702, 1146, 2333, 3932, 6228, 5945, 5066, 4276, 14775, 1222, 0, 0
15:34:53, 1029.60, 31.00, 31.66, 30.445, 2082, 2560, 3661, 5281, 6273, 13735, 9614, 10465, 35636, 9153, 0, 1, 721, 1183, 2392, 4004, 6282, 6018, 5148, 4415, 15359, 1222, 0, 0
15:34:54, 1029.60, 31.01, 31.66, 30.445, 8305, 7605, 14311, 15986, 10527, 17300, 12237, 17550, 36000, 25460, 1, 1, 694, 1115, 2261, 3782, 6153, 5994, 5067, 4456, 14692, 1211, 0, 0
15:34:55, 1033.50, 31.01, 31.71, 30.445, 1572, 1808, 2804, 3193, 3236, 3670, 3581, 4034, 22817, 4299, 0, 0, 778, 1270, 2543, 4252, 6224, 5978, 5143, 4391, 15329, 1204, 0, 0
15:34:55, 1034.90, 31.01, 31.68, 30.445, 8423, 14590, 23670, 27836, 27095, 23365, 29240, 30971, 36000, 16500, 1, 1, 578, 941, 1956, 3373, 5978, 5707, 4844, 4072, 14269, 1173, 0, 0
15:34:56, 1031.50, 31.01, 31.68, 30.445, 2157, 3288, 4306, 8090, 9068, 9623, 13445, 12652, 24456, 4045, 0, 0, 734, 1212, 2457, 4118, 6540, 6253, 5365, 4581, 15351, 1270, 0, 0
15:34:57, 1034.70, 31.02, 31.66, 30.453, 8456, 14009, 21543, 23778, 19392, 23793, 24283, 30381, 16679, 2403, 0, 0, 499, 827, 1756, 3074, 4920, 4681, 3886, 3179, 10101, 787, 0, 0
15:34:57, 1032.00, 31.02, 31.66, 30.445, 1203, 1690, 2364, 3695, 3966, 4597, 5968, 5113, 13469, 2629, 0, 0, 743, 1222, 2488, 4181, 6455, 6164, 5272, 4446, 14924, 1221, 0, 0
15:34:58, 1035.90, 31.02, 31.68, 30.445, 2048, 3144, 4149, 7896, 6636, 9435, 13750, 8162, 19063, 2793, 0, 0, 624, 1021, 2111, 3608, 5629, 5367, 4517, 3763, 12845, 1028, 0, 0
15:34:59, 1035.70, 31.02, 31.66, 30.461, 3397, 4774, 6457, 10516, 9293, 12330, 14111, 14394, 34992, 5689, 0, 1, 624, 1026, 2121, 3626, 5845, 5573, 4719, 3960, 13739, 1089, 0, 0
15:34:59, 1036.80, 31.03, 31.66, 30.453, 5133, 8093, 9707, 18869, 18496, 21406, 26408, 24668, 31097, 3628, 0, 0, 574, 942, 1972, 3412, 5451, 5207, 4359, 3605, 12120, 954, 0, 0
15:35:00, 1035.80, 31.03, 31.66, 30.453, 1789, 2648, 3465, 6727, 6626, 8325, 11080, 8865, 20852, 3097, 0, 0, 634, 1038, 2147, 3666, 5810, 5541, 4687, 3923, 13430, 1076, 0, 0
15:35:01, 1036.30, 31.03, 31.66, 30.453, 2864, 3945, 4942, 11321, 7172, 10329, 14440, 9235, 22342, 3084, 0, 0, 640, 1045, 2179, 3727, 5987, 5719, 4837, 4037, 13843, 1105, 0, 0
15:35:01, 1033.20, 31.03, 31.66, 30.461, 2772, 2913, 4427, 7151, 6331, 12248, 9184, 10691, 35245, 7309, 0, 1, 691, 1127, 2269, 3829, 6340, 6100, 5319, 4603, 16094, 1396, 0, 0
15:35:02, 1032.90, 31.03, 31.64, 30.461, 1839, 1928, 2907, 3716, 5466, 12076, 6896, 8643, 31008, 9939, 0, 0, 671, 1090, 2227, 3764, 5911, 5626, 4896, 4069, 14477, 1152, 0, 0
15:35:03, 1035.30, 31.03, 31.64, 30.453, 3521, 4246, 7520, 8829, 10510, 9908, 12180, 15911, 35969, 10228, 0, 1, 568, 928, 1943, 3332, 5236, 4981, 4185, 3489, 12255, 944, 0, 0
15:35:03, 1032.80, 31.04, 31.64, 30.461, 5682, 10343, 16196, 17965, 13824, 14841, 18917, 22810, 21889, 2688, 0, 0, 596, 980, 2037, 3508, 5801, 5541, 4682, 3912, 12967, 1056, 0, 0
15:35:04, 1028.30, 31.04, 31.64, 30.461, 2213, 4257, 5629, 8441, 15812, 14891, 25615, 18727, 21273, 4114, 0, 0, 692, 1143, 2312, 3884, 6053, 5784, 4937, 4194, 14003, 1158, 0, 0
15:35:05, 1030.20, 31.04, 31.64, 30.461, 12383, 23305, 29828, 33768, 32220, 32801, 33942, 35435, 36000, 10023, 1, 1, 603, 992, 2035, 3474, 5639, 5383, 4555, 3842, 13070, 1065, 0, 0
15:35:05, 1027.60, 31.05, 31.64, 30.469, 1980, 3183, 4390, 6125, 5046, 5355, 6862, 6274, 15632, 2486, 0, 0, 674, 1108, 2256, 3803, 6105, 5830, 4980, 4209, 14207, 1174, 0, 0
15:35:06, 1028.90, 31.05, 31.62, 30.469, 3170, 5559, 6773, 13259, 22740, 25675, 30128, 26961, 35050, 8294, 0, 1, 638, 1048, 2133, 3613, 5804, 5539, 4715, 3985, 13651, 1134, 0, 0
15:35:07, 1030.30, 31.05, 31.66, 30.469, 6114, 9358, 12050, 20020, 11795, 12161, 16267, 16532, 27812, 4584, 0, 0, 617, 1015, 2084, 3541, 5722, 5465, 4628, 3901, 13064, 1063, 0, 0
15:35:07, 1028.80, 31.05, 31.66, 30.469, 1858, 3255, 3925, 8103, 9019, 9432, 17042, 10327, 20263, 3857, 0, 0, 633, 1036, 2142, 3652, 5901, 5636, 4788, 4030, 13504, 1104, 0, 0
15:35:08, 1026.20, 31.05, 31.66, 30.469, 4149, 6790, 8771, 13473, 11616, 13629, 17046, 16572, 34025, 6480, 0, 1, 672, 1105, 2221, 3726, 5937, 5683, 4861, 4154, 14206, 1195, 0, 0
15:35:09, 1025.10, 31.06, 31.66, 30.469, 4869, 3759, 5467, 11713, 6120, 12949, 10038, 10915, 30293, 10451, 0, 0, 693, 1130, 2291, 3847, 6023, 5759, 4931, 4210, 14585, 1206, 0, 0
15:35:09, 1027.80, 31.06, 31.62, 30.469, 3458, 6179, 8854, 10072, 9585, 9929, 10526, 13111, 27252, 4090, 0, 0, 546, 901, 1835, 3133, 4883, 4650, 3921, 3286, 10922, 873, 0, 0
15:35:10, 1034.00, 31.06, 31.64, 30.469, 4962, 9669, 13339, 16680, 12860, 13885, 17928, 20844, 17040, 2773, 0, 0, 531, 877, 1835, 3195, 5031, 4797, 3999, 3270, 10317, 805, 0, 0
15:35:11, 1038.60, 31.06, 31.62, 30.461, 3319, 2531, 5233, 4933, 3474, 3997, 3886, 4200, 11112, 1368, 0, 0, 492, 809, 1723, 3021, 4772, 4539, 3764, 3078, 9450, 712, 0, 0
15:35:11, 1038.10, 31.06, 31.66, 30.461, 1671, 2305, 3937, 4144, 5967, 4952, 6840, 6772, 7649, 1369, 0, 0, 556, 910, 1942, 3429, 5557, 5309, 4419, 3587, 10757, 825, 0, 0
15:35:12, 1043.80, 31.06, 31.64, 30.461, 2296, 3439, 5563, 6267, 24065, 25861, 27697, 31451, 23389, 2705, 0, 0, 439, 724, 1549, 2731, 4583, 4341, 3631, 2965, 9213, 683, 0, 0
15:35:13, 1052.30, 31.06, 31.64, 30.461, 3701, 7338, 10349, 13695, 12398, 14308, 15799, 19823, 14584, 1471, 0, 0, 474, 771, 1691, 3045, 5361, 5116, 4214, 3387, 10295, 781, 0, 0
15:35:13, 1055.50, 31.06, 31.62, 30.461, 1707, 2249, 4135, 4386, 5611, 4924, 6311, 6010, 7555, 802, 0, 0, 512, 835, 1827, 3284, 5150, 4915, 4021, 3208, 9934, 754, 0, 0
15:35:14, 1059.00, 31.06, 31.66, 30.453, 3024, 4803, 7741, 9601, 12744, 14637, 15413, 19195, 14593, 1369, 0, 0, 401, 647, 1448, 2662, 4410, 4190, 3384, 2668, 8418, 626, 0, 0
15:35:14, 1062.30, 31.06, 31.64, 30.445, 3704, 5174, 8590, 10951, 12706, 14380, 15101, 18900, 25987, 1825, 0, 0, 377, 606, 1365, 2531, 4376, 4150, 3341, 2637, 8341, 617, 0, 0
15:35:15, 1067.70, 31.07, 31.66, 30.445, 3677, 4246, 8041, 10903, 5997, 9071, 8268, 8691, 17115, 1377, 0, 0, 381, 608, 1376, 2567, 4309, 4076, 3247, 2532, 8189, 612, 0, 0
15:35:16, 1072.30, 31.07, 31.64, 30.437, 2049, 4124, 6473, 9448, 10594, 10698, 13599, 13694, 36000, 4755, 1, 1, 386, 619, 1412, 2605, 4437, 4192, 3390, 2668, 9166, 668, 0, 0
15:35:16, 1076.30, 31.07, 31.66, 30.422, 1753, 3355, 4989, 8850, 8622, 9948, 13681, 9726, 35803, 3197, 0, 1, 380, 602, 1387, 2601, 4601, 4346, 3469, 2682, 8603, 635, 0, 0
15:35:17, 1079.70, 31.06, 31.62, 30.422, 1068, 1420, 2460, 3735, 4099, 4999, 4688, 4905, 9878, 825, 0, 0, 391, 613, 1428, 2713, 4582, 4332, 3423, 2611, 8085, 596, 0, 0
15:35:18, 1084.40, 31.06, 31.66, 30.406, 2136, 2392, 4978, 6474, 8108, 11186, 9340, 12070, 14919, 1064, 0, 0, 356, 557, 1303, 2492, 4389, 4148, 3268, 2492, 7899, 583, 0, 0
15:35:18, 1088.70, 31.06, 31.62, 30.398, 1256, 2390, 3657, 6836, 11206, 11221, 16407, 13616, 36000, 5380, 1, 1, 333, 520, 1222, 2337, 4006, 3780, 2961, 2247, 7870, 575, 0, 0
15:35:19, 1087.20, 31.06, 31.62, 30.398, 1130, 1770, 2959, 5149, 5281, 6939, 6837, 6508, 15327, 1047, 0, 0, 376, 585, 1382, 2655, 4697, 4443, 3513, 2662, 8187, 604, 0, 0
15:35:20, 1087.90, 31.06, 31.60, 30.383, 1467, 1556, 3156, 3978, 4634, 5459, 4879, 5433, 8428, 649, 0, 0, 375, 585, 1374, 2637, 4527, 4285, 3363, 2548, 7897, 583, 0, 0
15:35:20, 1093.40, 31.07, 31.66, 30.391, 1882, 2219, 4321, 6536, 6103, 8360, 7658, 8020, 13650, 933, 0, 0, 355, 553, 1311, 2520, 4241, 4002, 3144, 2388, 7934, 582, 0, 0
15:35:21, 1097.80, 31.06, 31.68, 30.391, 834, 1417, 2477, 4072, 4027, 4493, 5049, 4352, 13092, 1007, 0, 0, 344, 530, 1266, 2459, 4202, 3962, 3079, 2299, 7694, 568, 0, 0
15:35:22, 1100.30, 31.06, 31.66, 30.375, 1094, 1904, 3182, 5751, 7588, 8150, 9486, 8792, 26703, 1830, 0, 0, 309, 473, 1140, 2238, 4331, 4090, 3179, 2367, 7513, 556, 0, 0
15:35:22, 1097.00, 31.07, 31.64, 30.375, 973, 1263, 2490, 3391, 6259, 7335, 6417, 7413, 9825, 755, 0, 0, 350, 539, 1291, 2519, 4501, 4257, 3319, 2484, 7751, 571, 0, 0
15:35:23, 1097.00, 31.06, 31.66, 30.367, 690, 957, 1799, 2568, 2664, 2968, 2905, 2838, 5800, 467, 0, 0, 409, 632, 1498, 2883, 4853, 4584, 3610, 2696, 8273, 614, 0, 0
15:35:24, 1101.10, 31.07, 31.60, 30.359, 1093, 1328, 2565, 3772, 3748, 4429, 4150, 4121, 8368, 620, 0, 0, 364, 559, 1342, 2617, 4438, 4183, 3248, 2414, 7728, 569, 0, 0
15:35:24, 1108.60, 31.06, 31.64, 30.359, 691, 1200, 2108, 3653, 3920, 4015, 4918, 3869, 15396, 1206, 0, 0, 350, 538, 1298, 2543, 4325, 4087, 3208, 2395, 8464, 622, 0, 0
15:35:25, 1112.10, 31.07, 31.64, 30.359, 907, 1801, 3124, 5580, 4149, 4448, 5359, 4199, 15851, 1153, 0, 0, 308, 464, 1136, 2264, 3997, 3768, 2884, 2111, 6914, 510, 0, 0
15:35:26, 1112.10, 31.07, 31.66, 30.344, 737, 994, 1986, 2732, 3889, 4045, 4058, 3970, 6102, 447, 0, 0, 357, 545, 1322, 2609, 4499, 4272, 3288, 2427, 7803, 583, 0, 0
15:35:26, 1115.40, 31.07, 31.60, 30.344, 585, 922, 1831, 2552, 3753, 3690, 3973, 3677, 5707, 415, 0, 0, 324, 487, 1193, 2385, 4280, 4066, 3110, 2278, 7384, 554, 0, 0
15:35:27, 1118.20, 31.06, 31.64, 30.344, 606, 974, 1913, 2639, 5044, 4790, 5399, 5031, 6962, 507, 0, 0, 291, 435, 1072, 2164, 3910, 3709, 2810, 2045, 7046, 532, 0, 0
15:35:28, 1119.50, 31.07, 31.62, 30.352, 884, 1588, 3040, 4419, 6297, 5996, 7544, 6684, 8303, 573, 0, 0, 313, 472, 1155, 2310, 4141, 3939, 3016, 2219, 7967, 612, 0, 0
15:35:28, 1118.30, 31.06, 31.62, 30.352, 811, 1527, 2783, 4578, 5932, 6214, 7777, 6079, 11027, 744, 0, 0, 337, 506, 1233, 2446, 4422, 4209, 3260, 2422, 9131, 700, 0, 0
15:35:29, 1119.40, 31.06, 31.62, 30.344, 1023, 1656, 3004, 5139, 5843, 7311, 7930, 6674, 16988, 1094, 0, 0, 347, 520, 1262, 2497, 4383, 4172, 3220, 2385, 9117, 698, 0, 0
15:35:30, 1119.50, 31.06, 31.62, 30.344, 1004, 1589, 2942, 4772, 5536, 7043, 7393, 6598, 18843, 1189, 0, 0, 351, 525, 1274, 2517, 4416, 4207, 3267, 2435, 9339, 708, 0, 0
15:35:30, 1120.90, 31.06, 31.66, 30.344, 1271, 2086, 3919, 6048, 6396, 7958, 7985, 7672, 22822, 1496, 0, 0, 348, 521, 1263, 2501, 4362, 4150, 3198, 2370, 9157, 696, 0, 0
15:35:31, 1124.20, 31.06, 31.66, 30.344, 1187, 1979, 3634, 5799, 6306, 7452, 7990, 7503, 19740, 1245, 0, 0, 339, 503, 1234, 2465, 4469, 4263, 3295, 2438, 9340, 715, 0, 0
15:35:32, 1125.20, 31.05, 31.64, 30.344, 1083, 1692, 3072, 5617, 6745, 8239, 9264, 7564, 17195, 1108, 0, 0, 308, 454, 1122, 2269, 4169, 3965, 3025, 2208, 8488, 651, 0, 0
15:35:32, 1124.20, 31.05, 31.62, 30.344, 797, 1142, 2162, 3705, 4924, 6733, 6250, 5691, 18710, 1235, 0, 0, 367, 548, 1329, 2633, 4636, 4425, 3429, 2546, 9811, 753, 0, 0
15:35:33, 1126.60, 31.05, 31.66, 30.344, 1052, 1352, 2716, 4271, 6108, 8088, 7241, 7472, 24893, 1719, 0, 0, 308, 454, 1124, 2266, 3915, 3710, 2816, 2053, 7973, 596, 0, 0
15:35:34, 1130.00, 31.05, 31.62, 30.336, 1094, 1787, 3420, 5425, 5848, 7583, 7690, 6902, 20349, 1275, 0, 0, 307, 452, 1118, 2264, 3870, 3685, 2786, 2029, 7614, 579, 0, 0
15:35:34, 1132.90, 31.05, 31.66, 30.336, 872, 1589, 2851, 5234, 5284, 5653, 7028, 5281, 10299, 708, 0, 0, 297, 435, 1084, 2217, 3840, 3650, 2739, 1959, 7285, 560, 0, 0
15:35:35, 1133.30, 31.05, 31.64, 30.336, 706, 1348, 2565, 4207, 6200, 5973, 8330, 5959, 9083, 631, 0, 0, 295, 434, 1081, 2210, 4014, 3825, 2884, 2074, 7576, 584, 0, 0
15:35:36, 1132.00, 31.05, 31.66, 30.336, 612, 1108, 2101, 3541, 4185, 4419, 5165, 4030, 8760, 603, 0, 0, 336, 496, 1227, 2475, 4446, 4239, 3242, 2369, 9032, 698, 0, 0
15:35:36, 1134.80, 31.05, 31.62, 30.344, 731, 1204, 2287, 3865, 4690, 5302, 5691, 4770, 12270, 830, 0, 0, 309, 451, 1125, 2293, 3969, 3779, 2849, 2051, 7887, 604, 0, 0
15:35:37, 1135.80, 31.05, 31.62, 30.344, 762, 1151, 2271, 3805, 4359, 5212, 5128, 4506, 13748, 923, 0, 0, 297, 432, 1077, 2204, 3892, 3700, 2791, 2012, 7851, 597, 0, 0
15:35:38, 1137.70, 31.05, 31.64, 30.344, 941, 1284, 2584, 4179, 5299, 6757, 6151, 5957, 20241, 1344, 0, 0, 302, 439, 1100, 2250, 3915, 3715, 2798, 2017, 7983, 600, 0, 0
15:35:38, 1141.40, 31.05, 31.60, 30.344, 1063, 1714, 3355, 5366, 5823, 7159, 7134, 6424, 18467, 1216, 0, 0, 299, 432, 1083, 2226, 3910, 3720, 2788, 1988, 7816, 599, 0, 0
15:35:39, 1140.80, 31.05, 31.62, 30.336, 490, 819, 1620, 2671, 3427, 3781, 3933, 3251, 8890, 621, 0, 0, 330, 478, 1190, 2429, 4288, 4087, 3104, 2239, 8821, 682, 0, 0
15:35:40, 1140.00, 31.05, 31.62, 30.336, 622, 877, 1807, 2898, 4033, 4499, 4206, 3958, 14807, 1089, 0, 0, 352, 521, 1284, 2595, 4526, 4317, 3309, 2416, 9676, 739, 0, 0
15:35:40, 1146.10, 31.04, 31.64, 30.328, 429, 627, 1332, 2049, 3028, 3331, 3067, 2829, 11352, 876, 0, 0, 343, 495, 1225, 2509, 4313, 4123, 3158, 2268, 9268, 707, 0, 0
15:35:41, 1148.40, 31.04, 31.64, 30.336, 538, 769, 1681, 2504, 3541, 3819, 3491, 3286, 15155, 1225, 0, 0, 307, 439, 1108, 2295, 4142, 3949, 2978, 2145, 8662, 659, 0, 0
15:35:42, 1150.00, 31.04, 31.64, 30.336, 616, 826, 1784, 2822, 4047, 4575, 4334, 3951, 13494, 969, 0, 0, 294, 414, 1050, 2184, 4068, 3910, 2922, 2115, 8274, 638, 0, 0
15:35:42, 1152.70, 31.04, 31.60, 30.320, 680, 984, 2011, 3441, 4211, 4841, 4823, 4169, 11936, 813, 0, 0, 281, 398, 1009, 2109, 3800, 3616, 2685, 1892, 7578, 585, 0, 0
15:35:43, 1154.10, 31.04, 31.60, 30.328, 603, 981, 1962, 3366, 4745, 5368, 5681, 4682, 12177, 808, 0, 0, 262, 368, 942, 1989, 3722, 3550, 2638, 1861, 7393, 566, 0, 0
15:35:44, 1156.50, 31.04, 31.62, 30.328, 836, 1197, 2480, 4225, 6056, 7159, 7125, 6580, 18761, 1231, 0, 0, 247, 346, 887, 1880, 3552, 3382, 2511, 1763, 7089, 546, 0, 0
15:35:44, 1155.60, 31.04, 31.62, 30.320, 552, 857, 1766, 2997, 3817, 4258, 4266, 3624, 10384, 709, 0, 0, 270, 378, 967, 2045, 3921, 3743, 2791, 1970, 7881, 610, 0, 0
15:35:45, 1156.90, 31.04, 31.60, 30.320, 640, 881, 1850, 3129, 4414, 5261, 4811, 4452, 15291, 1057, 0, 0, 275, 386, 985, 2079, 3740, 3555, 2630, 1847, 7606, 578, 0, 0
15:35:45, 1160.90, 31.04, 31.60, 30.320, 874, 1387, 2883, 4737, 7010, 7429, 7729, 7363, 19589, 1356, 0, 0, 220, 303, 790, 1705, 3240, 3073, 2230, 1541, 6224, 471, 0, 0
15:35:46, 1160.40, 31.04, 31.62, 30.320, 797, 1369, 2755, 4755, 6081, 6441, 7232, 6094, 11028, 721, 0, 0, 225, 309, 803, 1741, 3315, 3160, 2291, 1577, 6053, 464, 0, 0
15:35:47, 1159.90, 31.04, 31.64, 30.328, 473, 849, 1705, 3006, 4214, 4330, 5277, 3826, 7422, 509, 0, 0, 250, 347, 894, 1915, 3612, 3447, 2531, 1763, 6878, 533, 0, 0
15:35:47, 1159.50, 31.04, 31.60, 30.328, 638, 1066, 2152, 3826, 4500, 4993, 5274, 4327, 10554, 703, 0, 0, 263, 365, 941, 2009, 3747, 3575, 2633, 1833, 7393, 572, 0, 0
15:35:48, 1159.60, 31.03, 31.62, 30.320, 461, 718, 1477, 2593, 3388, 3913, 3873, 3203, 9204, 652, 0, 0, 293, 407, 1041, 2209, 4033, 3860, 2875, 2009, 8136, 637, 0, 0
15:35:49, 1162.90, 31.04, 31.56, 30.320, 499, 720, 1558, 2556, 3630, 4194, 3746, 3439, 13446, 971, 0, 0, 264, 365, 936, 2001, 3617, 3444, 2530, 1756, 7310, 556, 0, 0
15:35:49, 1162.00, 31.03, 31.62, 30.328, 641, 871, 1953, 3075, 4141, 4678, 4156, 3947, 16913, 1332, 0, 0, 263, 360, 928, 1991, 3713, 3565, 2636, 1849, 7542, 575, 0, 0
15:35:50, 1163.30, 31.04, 31.60, 30.328, 563, 750, 1684, 2620, 3647, 4211, 3650, 3500, 15589, 1216, 0, 0, 269, 369, 947, 2028, 3625, 3473, 2565, 1799, 7352, 563, 0, 0
15:35:51, 1166.10, 31.04, 31.56, 30.328, 771, 1057, 2287, 3851, 4689, 5643, 5331, 4818, 15119, 1026, 0, 0, 236, 321, 838, 1817, 3352, 3201, 2329, 1601, 6375, 489, 0, 0
15:35:51, 1164.50, 31.04, 31.60, 30.328, 519, 894, 1817, 3178, 4197, 4560, 4998, 3940, 8779, 593, 0, 0, 247, 336, 874, 1893, 3558, 3402, 2487, 1708, 6800, 528, 0, 0
15:35:52, 1161.30, 31.04, 31.58, 30.328, 532, 885, 1816, 3197, 4346, 4920, 5059, 4158, 10914, 725, 0, 0, 265, 367, 944, 2015, 3811, 3644, 2712, 1900, 7678, 593, 0, 0
15:35:53, 1160.90, 31.04, 31.60, 30.328, 647, 882, 1883, 3178, 4249, 5047, 4653, 4231, 14397, 1003, 0, 0, 270, 375, 965, 2048, 3877, 3712, 2765, 1942, 7864, 608, 0, 0
15:35:53, 1161.70, 31.04, 31.60, 30.328, 498, 711, 1512, 2535, 3674, 4301, 3913, 3548, 12447, 873, 0, 0, 270, 372, 958, 2047, 3753, 3580, 2678, 1861, 7681, 584, 0, 0
15:35:54, 1160.70, 31.04, 31.62, 30.336, 710, 1033, 2229, 3687, 5018, 5965, 5455, 5110, 17139, 1201, 0, 0, 254, 353, 907, 1941, 3637, 3470, 2580, 1804, 7376, 560, 0, 0
15:35:55, 1162.90, 31.04, 31.60, 30.336, 631, 837, 1811, 2979, 4075, 4713, 4283, 3955, 14678, 1039, 0, 0, 261, 361, 930, 1979, 3606, 3440, 2544, 1780, 7269, 553, 0, 0
15:35:55, 1165.40, 31.04, 31.60, 30.336, 881, 1524, 3161, 5178, 7595, 7960, 8368, 8123, 20287, 1344, 0, 0, 228, 313, 815, 1759, 3342, 3181, 2316, 1593, 6481, 496, 0, 0
15:35:56, 1163.00, 31.04, 31.58, 30.328, 546, 896, 1841, 3329, 3869, 4236, 4577, 3539, 8399, 573, 0, 0, 282, 390, 1004, 2140, 4102, 3941, 2944, 2058, 8017, 632, 0, 0
15:35:57, 1162.40, 31.04, 31.64, 30.328, 302, 484, 1032, 1777, 2424, 2637, 2554, 2088, 6486, 474, 0, 0, 318, 442, 1130, 2384, 4271, 4088, 3076, 2157, 8949, 702, 0, 0
15:35:57, 1166.10, 31.04, 31.60, 30.336, 394, 567, 1266, 2023, 3087, 3402, 3039, 2777, 12200, 946, 0, 0, 303, 419, 1068, 2267, 4093, 3942, 2974, 2096, 8597, 662, 0, 0
15:35:58, 1173.50, 31.04, 31.60, 30.336, 459, 654, 1484, 2371, 3843, 4285, 3814, 3540, 15407, 1190, 0, 0, 254, 354, 904, 1926, 3327, 3190, 2361, 1626, 6637, 501, 0, 0
15:35:59, 1176.30, 31.04, 31.64, 30.336, 650, 868, 1935, 3194, 3765, 4258, 3957, 3522, 11761, 836, 0, 0, 234, 315, 825, 1801, 3397, 3245, 2366, 1622, 6669, 515, 0, 0
15:35:59, 1172.90, 31.04, 31.62, 30.320, 408, 624, 1350, 2387, 3002, 3308, 3198, 2613, 7881, 557, 0, 0, 267, 362, 943, 2040, 3918, 3747, 2767, 1905, 8011, 630, 0, 0
15:36:00, 1175.20, 31.03, 31.60, 30.312, 428, 582, 1321, 2184, 3384, 3892, 3425, 3113, 12619, 927, 0, 0, 275, 382, 967, 2070, 4174, 4026, 3029, 2176, 8527, 634, 0, 0
15:36:01, 1177.60, 31.03, 31.58, 30.312, 486, 660, 1493, 2463, 3727, 4272, 3835, 3448, 13038, 957, 0, 0, 231, 308, 808, 1777, 3329, 3174, 2290, 1553, 6586, 508, 0, 0
15:36:01, 1178.20, 31.03, 31.60, 30.305, 460, 686, 1494, 2587, 4398, 5181, 5054, 4439, 13199, 866, 0, 0, 207, 277, 731, 1615, 3133, 2983, 2140, 1451, 6009, 461, 0, 0
15:36:02, 1177.20, 31.03, 31.60, 30.312, 476, 699, 1534, 2644, 3424, 3851, 3603, 3069, 10262, 724, 0, 0, 245, 329, 862, 1886, 3747, 3584, 2622, 1797, 7642, 598, 0, 0
15:36:03, 1179.50, 31.03, 31.60, 30.312, 370, 512, 1175, 1953, 2917, 3247, 2862, 2550, 11143, 861, 0, 0, 268, 360, 937, 2046, 3770, 3609, 2673, 1817, 7819, 602, 0, 0
15:36:03, 1182.00, 31.03, 31.60, 30.312, 431, 608, 1406, 2318, 3749, 4155, 3684, 3355, 13983, 1099, 0, 0, 223, 295, 778, 1725, 3341, 3191, 2295, 1557, 6654, 510, 0, 0
15:36:04, 1187.20, 31.03, 31.64, 30.312, 577, 733, 1686, 2826, 4120, 4894, 4368, 3953, 13994, 981, 0, 0, 205, 271, 718, 1599, 2906, 2767, 1960, 1309, 5415, 414, 0, 0
15:36:05, 1185.80, 31.04, 31.62, 30.328, 669, 1169, 2531, 4286, 6510, 6960, 7353, 6970, 10949, 700, 0, 0, 173, 226, 609, 1376, 2739, 2603, 1828, 1210, 4825, 367, 0, 0
15:36:05, 1185.70, 31.04, 31.58, 30.328, 494, 876, 1856, 3321, 4871, 5002, 5833, 4340, 7969, 534, 0, 0, 190, 251, 669, 1501, 2910, 2773, 1956, 1300, 5149, 396, 0, 0
15:36:06, 1189.00, 31.03, 31.64, 30.328, 412, 732, 1572, 2751, 4118, 4129, 4740, 3573, 6583, 442, 0, 0, 189, 249, 664, 1495, 2916, 2780, 1964, 1308, 5181, 399, 0, 0
15:36:07, 1192.00, 31.03, 31.60, 30.320, 396, 690, 1485, 2698, 3647, 3815, 4116, 3096, 6695, 454, 0, 0, 207, 272, 727, 1630, 3138, 2995, 2127, 1414, 5876, 457, 0, 0
15:36:07, 1192.10, 31.02, 31.58, 30.305, 387, 605, 1338, 2436, 3680, 4099, 3974, 3251, 9424, 641, 0, 0, 200, 261, 699, 1572, 3183, 3036, 2166, 1451, 6229, 483, 0, 0
15:36:08, 1193.10, 31.02, 31.58, 30.305, 448, 589, 1374, 2364, 3488, 3953, 3461, 3112, 12364, 942, 0, 0, 221, 289, 767, 1718, 3211, 3075, 2210, 1482, 6389, 492, 0, 0
15:36:09, 1198.40, 31.03, 31.62, 30.297, 556, 739, 1752, 2933, 5782, 6484, 5988, 5817, 19475, 1527, 0, 0, 165, 213, 573, 1312, 2671, 2524, 1779, 1162, 4877, 358, 0, 0
15:36:09, 1199.90, 31.03, 31.56, 30.312, 577, 976, 2207, 3818, 6200, 6506, 6594, 5834, 15382, 1047, 0, 0, 162, 207, 562, 1298, 2616, 2489, 1724, 1124, 4689, 357, 0, 0
15:36:10, 1198.80, 31.03, 31.58, 30.312, 407, 708, 1539, 2836, 3584, 3663, 4124, 2954, 6200, 424, 0, 0, 183, 235, 632, 1447, 2864, 2736, 1907, 1248, 5070, 394, 0, 0
15:36:11, 1196.90, 31.03, 31.62, 30.320, 309, 522, 1149, 2094, 3041, 3203, 3322, 2497, 6144, 422, 0, 0, 199, 257, 687, 1558, 3080, 2945, 2080, 1378, 5790, 451, 0, 0
15:36:11, 1196.50, 31.03, 31.62, 30.320, 393, 567, 1280, 2282, 3310, 3729, 3425, 2888, 9740, 689, 0, 0, 197, 252, 679, 1543, 2912, 2771, 1939, 1275, 5586, 429, 0, 0
15:36:12, 1192.60, 31.03, 31.62, 30.320, 415, 574, 1339, 2277, 3323, 3795, 3267, 2918, 12424, 940, 0, 0, 207, 267, 713, 1608, 3130, 2991, 2127, 1420, 6154, 474, 0, 0
15:36:13, 1193.50, 31.03, 31.56, 30.320, 354, 511, 1184, 1971, 3069, 3315, 2962, 2579, 10962, 848, 0, 0, 198, 256, 683, 1542, 3007, 2875, 2039, 1366, 5835, 444, 0, 0
15:36:13, 1193.80, 31.03, 31.60, 30.328, 609, 846, 1956, 3262, 5075, 5586, 5158, 4762, 17444, 1338, 0, 0, 190, 245, 655, 1488, 2904, 2766, 1947, 1289, 5577, 424, 0, 0
15:36:14, 1193.60, 31.03, 31.58, 30.328, 484, 740, 1662, 2854, 3868, 4401, 4020, 3607, 11797, 845, 0, 0, 192, 247, 664, 1504, 3004, 2868, 2026, 1343, 5722, 442, 0, 0
15:36:15, 1189.30, 31.03, 31.60, 30.336, 390, 581, 1291, 2303, 3110, 3441, 3240, 2676, 8520, 606, 0, 0, 211, 274, 731, 1639, 3239, 3094, 2204, 1469, 6324, 491, 0, 0
15:36:15, 1190.30, 31.04, 31.62, 30.336, 407, 546, 1263, 2123, 3269, 3737, 3231, 2920, 12030, 913, 0, 0, 217, 286, 758, 1684, 3263, 3120, 2251, 1517, 6460, 497, 0, 0
15:36:16, 1194.90, 31.04, 31.58, 30.336, 455, 656, 1500, 2528, 4027, 4621, 4083, 3663, 13861, 997, 0, 0, 185, 240, 646, 1460, 2770, 2634, 1847, 1220, 5198, 393, 0, 0
15:36:16, 1197.00, 31.04, 31.58, 30.336, 535, 803, 1784, 3147, 5394, 5955, 5992, 5416, 14648, 985, 0, 0, 179, 232, 625, 1418, 2799, 2669, 1871, 1236, 5185, 397, 0, 0
15:36:17, 1198.00, 31.04, 31.60, 30.336, 464, 754, 1631, 3053, 3979, 4338, 4704, 3455, 7881, 532, 0, 0, 195, 251, 674, 1533, 3167, 3031, 2138, 1405, 5867, 460, 0, 0
15:36:18, 1195.90, 31.03, 31.60, 30.320, 261, 432, 963, 1761, 2692, 2846, 2874, 2164, 5663, 394, 0, 0, 223, 290, 774, 1741, 3403, 3260, 2334, 1558, 6636, 522, 0, 0
15:36:18, 1198.20, 31.03, 31.62, 30.312, 408, 550, 1271, 2262, 3142, 3531, 3148, 2684, 9946, 728, 0, 0, 212, 273, 729, 1645, 3094, 2949, 2074, 1370, 6085, 470, 0, 0
15:36:19, 1202.60, 31.03, 31.64, 30.312, 408, 567, 1344, 2266, 3469, 3806, 3366, 2972, 12128, 937, 0, 0, 181, 229, 619, 1425, 2877, 2751, 1924, 1266, 5551, 423, 0, 0
15:36:20, 1206.00, 31.03, 31.56, 30.320, 520, 653, 1595, 2656, 4475, 4951, 4414, 4089, 16330, 1315, 0, 0, 182, 235, 620, 1453, 2751, 2640, 1842, 1220, 4927, 370, 0, 0
15:36:20, 1211.70, 31.03, 31.60, 30.328, 371, 494, 1212, 2077, 3403, 3717, 3237, 2824, 12300, 984, 0, 0, 170, 213, 580, 1350, 2697, 2569, 1768, 1142, 5128, 392, 0, 0
15:36:21, 1216.30, 31.03, 31.58, 30.328, 431, 629, 1447, 2648, 3915, 4414, 4251, 3497, 10035, 671, 0, 0, 159, 196, 535, 1259, 2580, 2466, 1682, 1076, 4730, 366, 0, 0
15:36:22, 1217.60, 31.03, 31.56, 30.336, 394, 589, 1357, 2548, 3656, 4083, 3938, 3124, 9002, 602, 0, 0, 158, 194, 530, 1253, 2509, 2394, 1629, 1041, 4582, 352, 0, 0
15:36:22, 1218.50, 31.03, 31.56, 30.344, 473, 734, 1692, 3123, 4531, 5080, 4904, 4089, 11503, 771, 0, 0, 156, 192, 525, 1244, 2623, 2502, 1706, 1087, 4880, 378, 0, 0
15:36:23, 1219.40, 31.04, 31.58, 30.344, 332, 492, 1145, 2141, 3225, 3637, 3439, 2706, 8104, 548, 0, 0, 165, 202, 552, 1304, 2658, 2540, 1739, 1113, 4967, 386, 0, 0
15:36:24, 1222.10, 31.04, 31.58, 30.336, 383, 546, 1294, 2376, 4076, 4551, 4093, 3498, 12270, 892, 0, 0, 154, 189, 515, 1226, 2428, 2311, 1575, 1001, 4523, 344, 0, 0
15:36:24, 1225.20, 31.04, 31.56, 30.336, 456, 712, 1651, 3054, 5047, 5313, 5258, 4472, 12336, 854, 0, 0, 129, 154, 427, 1039, 2141, 2031, 1347, 838, 3724, 282, 0, 0
15:36:25, 1227.00, 31.04, 31.56, 30.336, 389, 652, 1519, 2813, 4358, 4600, 4721, 3751, 7427, 489, 0, 0, 133, 159, 438, 1066, 2222, 2120, 1410, 881, 3742, 287, 0, 0
15:36:26, 1226.60, 31.03, 31.62, 30.336, 259, 425, 996, 1884, 2830, 2871, 3008, 2127, 4556, 312, 0, 0, 144, 173, 476, 1155, 2400, 2295, 1533, 960, 4046, 313, 0, 0
15:36:26, 1227.10, 31.04, 31.58, 30.352, 283, 464, 1069, 2085, 3396, 3581, 3726, 2751, 6008, 404, 0, 0, 154, 185, 509, 1229, 2529, 2412, 1623, 1016, 4613, 359, 0, 0
15:36:27, 1229.70, 31.04, 31.56, 30.352, 308, 458, 1080, 2090, 3091, 3447, 3219, 2476, 7460, 516, 0, 0, 175, 218, 592, 1390, 2968, 2818, 1997, 1290, 5579, 423, 0, 0
15:36:28, 1231.50, 31.04, 31.58, 30.352, 281, 392, 955, 1802, 2652, 2909, 2560, 2030, 7399, 534, 0, 0, 152, 181, 498, 1207, 2495, 2379, 1602, 1006, 4676, 360, 0, 0
15:36:28, 1234.70, 31.04, 31.56, 30.359, 373, 480, 1203, 2182, 3372, 3744, 3206, 2770, 11759, 930, 0, 0, 155, 183, 509, 1231, 2518, 2399, 1617, 1013, 4729, 362, 0, 0
15:36:29, 1239.40, 31.04, 31.58, 30.359, 282, 371, 944, 1754, 2843, 3104, 2656, 2157, 9143, 706, 0, 0, 150, 176, 488, 1179, 2636, 2565, 1758, 1144, 4517, 345, 0, 0
15:36:30, 1243.50, 31.04, 31.58, 30.352, 326, 445, 1094, 2086, 3519, 3865, 3555, 2850, 9182, 643, 0, 0, 122, 141, 395, 984, 2063, 1966, 1293, 790, 3604, 275, 0, 0
15:36:30, 1244.20, 31.04, 31.58, 30.352, 325, 491, 1184, 2293, 3501, 3826, 3644, 2837, 7754, 521, 0, 0, 130, 150, 420, 1043, 2232, 2131, 1412, 867, 3995, 308, 0, 0
15:36:31, 1243.60, 31.04, 31.62, 30.344, 278, 394, 962, 1906, 2872, 3182, 2886, 2202, 7013, 488, 0, 0, 146, 170, 472, 1163, 2461, 2359, 1582, 981, 4532, 354, 0, 0
15:36:32, 1240.80, 31.04, 31.58, 30.352, 279, 377, 930, 1824, 2522, 2786, 2440, 1888, 6873, 499, 0, 0, 152, 177, 492, 1207, 2551, 2446, 1651, 1026, 4804, 376, 0, 0
15:36:32, 1241.90, 31.04, 31.58, 30.352, 256, 331, 836, 1582, 2755, 3028, 2593, 2099, 8651, 657, 0, 0, 149, 173, 479, 1175, 2413, 2321, 1570, 983, 4506, 345, 0, 0
15:36:33, 1241.00, 31.04, 31.62, 30.344, 333, 444, 1109, 2091, 3432, 3781, 3326, 2767, 10172, 765, 0, 0, 140, 160, 448, 1089, 2318, 2222, 1486, 929, 4203, 323, 0, 0
15:36:34, 1237.90, 31.04, 31.58, 30.352, 284, 386, 946, 1805, 2635, 2929, 2587, 2035, 7178, 510, 0, 0, 155, 181, 500, 1210, 2534, 2441, 1655, 1039, 4716, 368, 0, 0
15:36:34, 1234.40, 31.04, 31.60, 30.352, 269, 383, 913, 1770, 2643, 2956, 2739, 2074, 6380, 445, 0, 0, 162, 193, 530, 1277, 2640, 2539, 1736, 1093, 4903, 386, 0, 0
15:36:35, 1230.90, 31.04, 31.62, 30.305, 251, 364, 881, 1665, 2537, 2785, 2473, 1933, 6860, 492, 0, 0, 168, 203, 555, 1321, 2624, 2517, 1730, 1102, 5007, 388, 0, 0
15:36:36, 1229.60, 31.03, 31.55, 30.281, 322, 418, 1031, 1868, 2747, 3060, 2649, 2194, 8529, 634, 0, 0, 163, 197, 538, 1282, 2570, 2467, 1684, 1065, 4827, 376, 0, 0
15:36:36, 1229.40, 31.02, 31.58, 30.281, 301, 416, 1010, 1853, 2883, 3255, 2862, 2319, 8304, 590, 0, 0, 158, 192, 525, 1250, 2584, 2478, 1698, 1080, 4838, 376, 0, 0
15:36:37, 1227.90, 31.02, 31.58, 30.266, 321, 446, 1073, 1983, 2763, 3057, 2704, 2183, 7935, 569, 0, 0, 171, 208, 567, 1342, 2789, 2689, 1852, 1188, 5331, 418, 0, 0
15:36:38, 1226.50, 31.02, 31.60, 30.281, 273, 368, 901, 1649, 2555, 2832, 2447, 1996, 7891, 587, 0, 0, 184, 225, 613, 1440, 2920, 2808, 1952, 1256, 5707, 450, 0, 0
15:36:38, 1228.80, 31.02, 31.58, 30.281, 282, 386, 950, 1716, 2723, 2993, 2575, 2133, 9044, 695, 0, 0, 188, 236, 634, 1462, 2556, 2445, 1657, 1051, 4745, 367, 0, 0
15:36:39, 1229.60, 31.02, 31.56, 30.281, 323, 457, 1115, 2017, 3053, 3269, 2912, 2378, 9206, 689, 0, 0, 150, 179, 495, 1188, 2522, 2410, 1631, 1032, 4715, 362, 0, 0
15:36:40, 1229.10, 31.02, 31.56, 30.305, 343, 435, 1090, 1949, 2854, 3142, 2685, 2243, 9534, 743, 0, 0, 174, 210, 577, 1364, 2773, 2651, 1815, 1152, 5358, 417, 0, 0
15:36:40, 1232.90, 31.03, 31.56, 30.305, 242, 330, 820, 1492, 2276, 2466, 2122, 1697, 7153, 541, 0, 0, 174, 210, 575, 1367, 2639, 2530, 1724, 1092, 5002, 389, 0, 0
15:36:41, 1235.40, 31.03, 31.56, 30.312, 361, 498, 1182, 2250, 3664, 4070, 3851, 3077, 8995, 613, 0, 0, 138, 165, 457, 1104, 2236, 2136, 1424, 886, 3913, 301, 0, 0
15:36:42, 1238.60, 31.03, 31.60, 30.305, 301, 495, 1150, 2198, 3626, 3809, 3869, 2980, 6409, 426, 0, 0, 127, 150, 416, 1019, 2197, 2097, 1391, 860, 3841, 296, 0, 0
15:36:42, 1242.90, 31.03, 31.60, 30.305, 251, 390, 920, 1810, 2683, 2868, 2849, 2023, 5253, 365, 0, 0, 143, 168, 464, 1138, 2325, 2227, 1473, 902, 4109, 321, 0, 0
15:36:43, 1243.50, 31.03, 31.60, 30.320, 228, 343, 825, 1629, 2570, 2788, 2632, 1930, 5469, 378, 0, 0, 138, 162, 449, 1103, 2297, 2197, 1462, 905, 4140, 322, 0, 0
15:36:44, 1243.50, 31.03, 31.58, 30.352, 281, 369, 910, 1768, 2473, 2753, 2375, 1860, 7068, 518, 0, 0, 156, 183, 508, 1237, 2580, 2470, 1663, 1031, 4917, 387, 0, 0
15:36:44, 1247.00, 31.04, 31.60, 30.352, 203, 270, 693, 1305, 2054, 2190, 1854, 1437, 6539, 511, 0, 0, 156, 182, 505, 1227, 2468, 2375, 1601, 1005, 4669, 360, 0, 0
15:36:45, 1252.00, 31.04, 31.60, 30.344, 320, 411, 1048, 1941, 3140, 3424, 2955, 2433, 10313, 806, 0, 0, 145, 176, 484, 1184, 2214, 2119, 1421, 867, 4039, 307, 0, 0
15:36:46, 1252.00, 31.04, 31.60, 30.344, 295, 432, 1057, 2039, 3270, 3511, 3248, 2544, 7795, 538, 0, 0, 120, 140, 390, 969, 2077, 1983, 1304, 798, 3654, 281, 0, 0
15:36:46, 1248.00, 31.04, 31.56, 30.328, 300, 470, 1113, 2182, 3269, 3484, 3380, 2536, 6380, 425, 0, 0, 127, 149, 415, 1026, 2231, 2133, 1412, 866, 3950, 307, 0, 0
15:36:47, 1244.70, 31.03, 31.56, 30.297, 264, 378, 914, 1801, 2974, 3360, 3044, 2361, 7652, 528, 0, 0, 138, 164, 456, 1107, 2323, 2217, 1488, 926, 4289, 332, 0, 0
15:36:48, 1243.20, 31.02, 31.56, 30.297, 284, 396, 976, 1844, 2790, 3053, 2688, 2128, 7658, 551, 0, 0, 138, 163, 453, 1103, 2304, 2197, 1468, 908, 4260, 329, 0, 0
15:36:48, 1245.80, 31.02, 31.56, 30.281, 325, 460, 1139, 2123, 3589, 3878, 3438, 2865, 11169, 854, 0, 0, 135, 160, 443, 1080, 2189, 2084, 1410, 872, 4042, 313, 0, 0
15:36:49, 1250.40, 31.02, 31.58, 30.273, 352, 528, 1297, 2474, 3714, 3983, 3640, 2928, 9989, 715, 0, 0, 122, 143, 401, 989, 2067, 1965, 1292, 790, 3680, 281, 0, 0
15:36:50, 1253.10, 31.02, 31.55, 30.273, 325, 523, 1249, 2401, 3980, 4226, 4209, 3284, 6644, 442, 0, 0, 115, 133, 374, 931, 2065, 1971, 1291, 786, 3485, 268, 0, 0
15:36:50, 1255.40, 31.01, 31.58, 30.266, 221, 350, 851, 1687, 2469, 2531, 2507, 1730, 4043, 277, 0, 0, 142, 165, 461, 1138, 2445, 2347, 1561, 954, 4237, 333, 0, 0
15:36:51, 1257.90, 31.01, 31.56, 30.281, 203, 296, 724, 1480, 2620, 2861, 2665, 1942, 5604, 388, 0, 0, 135, 157, 439, 1087, 2362, 2260, 1506, 923, 4341, 340, 0, 0
15:36:52, 1259.70, 31.01, 31.56, 30.281, 208, 275, 706, 1390, 2211, 2402, 2028, 1542, 6316, 472, 0, 0, 150, 173, 485, 1194, 2499, 2398, 1606, 989, 4761, 376, 0, 0
15:36:52, 1266.30, 31.01, 31.56, 30.266, 212, 272, 706, 1350, 2355, 2541, 2137, 1676, 7481, 585, 0, 0, 129, 146, 413, 1027, 2084, 1988, 1305, 788, 3810, 292, 0, 0
15:36:53, 1270.00, 31.00, 31.56, 30.273, 263, 362, 921, 1800, 3103, 3360, 3002, 2370, 8020, 579, 0, 0, 110, 127, 349, 903, 1888, 1812, 1176, 706, 3291, 253, 0, 0
15:36:53, 1269.20, 31.00, 31.58, 30.273, 253, 376, 929, 1871, 3094, 3325, 3159, 2329, 5969, 398, 0, 0, 104, 117, 330, 841, 1838, 1758, 1136, 677, 3121, 240, 0, 0
15:36:54, 1266.40, 31.00, 31.58, 30.266, 221, 329, 810, 1629, 2689, 2918, 2718, 1996, 5695, 388, 0, 0, 120, 136, 383, 960, 2099, 2018, 1326, 809, 3761, 293, 0, 0
15:36:55, 1265.20, 31.00, 31.62, 30.250, 253, 347, 866, 1712, 2620, 2877, 2497, 1929, 6991, 501, 0, 0, 132, 149, 419, 1037, 2161, 2066, 1365, 832, 3965, 308, 0, 0
15:36:55, 1268.60, 30.99, 31.58, 30.250, 265, 348, 886, 1719, 2957, 3257, 2858, 2285, 8078, 589, 0, 0, 105, 119, 337, 852, 1793, 1708, 1103, 659, 3105, 237, 0, 0
15:36:56, 1264.60, 30.99, 31.56, 30.242, 250, 348, 879, 1711, 2537, 2795, 2394, 1863, 6989, 505, 0, 0, 119, 134, 378, 943, 2071, 1988, 1302, 794, 3775, 292, 0, 0
15:36:57, 1265.30, 30.99, 31.56, 30.242, 223, 292, 755, 1435, 2467, 2687, 2267, 1799, 7608, 580, 0, 0, 125, 143, 402, 1001, 2036, 1942, 1273, 769, 3702, 285, 0, 0
15:36:57, 1268.10, 31.00, 31.56, 30.242, 242, 348, 873, 1689, 2993, 3193, 2886, 2233, 7278, 508, 0, 0, 103, 117, 329, 831, 1826, 1739, 1126, 675, 3162, 241, 0, 0
15:36:58, 1267.20, 31.00, 31.56, 30.242, 239, 343, 840, 1671, 2636, 2868, 2636, 1958, 5962, 407, 0, 0, 111, 127, 357, 895, 1879, 1791, 1159, 694, 3286, 253, 0, 0
15:36:59, 1265.80, 30.99, 31.58, 30.242, 224, 321, 800, 1553, 2435, 2686, 2334, 1779, 6375, 449, 0, 0, 116, 134, 376, 935, 1990, 1898, 1240, 752, 3596, 277, 0, 0
15:36:59, 1265.90, 30.99, 31.60, 30.242, 253, 365, 916, 1742, 2747, 2930, 2561, 2005, 7641, 560, 0, 0, 112, 128, 362, 905, 1949, 1853, 1206, 726, 3523, 269, 0, 0
15:37:00, 1266.60, 30.99, 31.58, 30.242, 234, 317, 810, 1512, 2689, 2913, 2484, 2006, 8117, 622, 0, 0, 112, 128, 361, 895, 1842, 1760, 1140, 692, 3226, 244, 0, 0
15:37:01, 1264.90, 30.99, 31.58, 30.242, 300, 447, 1108, 2102, 3312, 3517, 3179, 2525, 8516, 609, 0, 0, 106, 122, 345, 858, 1847, 1755, 1137, 685, 3255, 249, 0, 0
15:37:01, 1260.60, 30.99, 31.58, 30.242, 278, 403, 986, 1870, 2901, 3213, 2859, 2262, 7777, 545, 0, 0, 118, 139, 388, 953, 2015, 1918, 1256, 763, 3619, 279, 0, 0
15:37:02, 1259.10, 31.00, 31.58, 30.242, 245, 370, 906, 1721, 2639, 2821, 2549, 1925, 6283, 433, 0, 0, 114, 133, 374, 920, 1931, 1834, 1198, 726, 3423, 261, 0, 0
15:37:03, 1257.60, 31.00, 31.62, 30.242, 297, 430, 1044, 1971, 3369, 3602, 3313, 2667, 8710, 611, 0, 0, 114, 134, 376, 919, 1916, 1819, 1192, 727, 3395, 258, 0, 0
15:37:03, 1255.10, 31.00, 31.58, 30.250, 304, 418, 1029, 1935, 3181, 3501, 3115, 2570, 8709, 629, 0, 0, 113, 133, 374, 914, 1915, 1816, 1187, 720, 3406, 259, 0, 0
15:37:04, 1253.80, 31.00, 31.58, 30.250, 296, 452, 1091, 2028, 3117, 3352, 3046, 2460, 8385, 593, 0, 0, 117, 139, 388, 945, 1920, 1822, 1197, 731, 3387, 256, 0, 0
15:37:05, 1254.60, 31.00, 31.58, 30.250, 335, 529, 1280, 2406, 3497, 3709, 3476, 2728, 7998, 542, 0, 0, 110, 131, 368, 896, 1899, 1802, 1181, 716, 3328, 253, 0, 0
15:37:05, 1254.40, 31.00, 31.58, 30.258, 286, 464, 1104, 2042, 3119, 3312, 3171, 2556, 6468, 424, 0, 0, 114, 135, 379, 921, 1944, 1849, 1218, 745, 3399, 259, 0, 0
15:37:06, 1250.50, 31.00, 31.56, 30.258, 284, 455, 1070, 2057, 3054, 3253, 3207, 2411, 5941, 397, 0, 0, 125, 150, 418, 1009, 2088, 1989, 1317, 806, 3704, 286, 0, 0
15:37:07, 1248.30, 31.00, 31.58, 30.258, 221, 337, 810, 1557, 2332, 2520, 2331, 1726, 5394, 373, 0, 0, 135, 163, 453, 1080, 2133, 2032, 1361, 844, 3893, 300, 0, 0
15:37:07, 1250.00, 30.99, 31.56, 30.242, 331, 507, 1197, 2256, 3533, 3836, 3657, 2917, 8374, 556, 0, 0, 119, 143, 399, 959, 1998, 1900, 1262, 777, 3590, 274, 0, 0
15:37:08, 1251.80, 30.99, 31.60, 30.242, 324, 518, 1241, 2269, 3802, 4014, 3811, 3103, 8561, 576, 0, 0, 108, 129, 362, 880, 1837, 1740, 1141, 695, 3181, 240, 0, 0
15:37:09, 1253.70, 30.99, 31.58, 30.242, 292, 473, 1129, 2122, 3305, 3480, 3359, 2594, 6274, 413, 0, 0, 109, 130, 364, 887, 1903, 1811, 1189, 725, 3258, 250, 0, 0
15:37:09, 1253.40, 30.99, 31.56, 30.234, 200, 322, 772, 1480, 2406, 2488, 2477, 1739, 4414, 301, 0, 0, 126, 152, 423, 1017, 2070, 1974, 1309, 804, 3589, 277, 0, 0
15:37:10, 1253.10, 30.99, 31.56, 30.234, 230, 367, 878, 1683, 2841, 3025, 2893, 2143, 5840, 393, 0, 0, 124, 149, 418, 1004, 2086, 1983, 1319, 811, 3791, 293, 0, 0
15:37:11, 1255.10, 30.98, 31.56, 30.234, 276, 390, 947, 1799, 2915, 3199, 2874, 2299, 7784, 546, 0, 0, 119, 143, 401, 966, 1935, 1833, 1210, 743, 3480, 265, 0, 0
15:37:11, 1256.90, 30.98, 31.58, 30.234, 299, 431, 1056, 1981, 2814, 3094, 2701, 2146, 7849, 555, 0, 0, 117, 139, 391, 945, 1923, 1826, 1205, 738, 3467, 265, 0, 0
15:37:12, 1259.70, 30.98, 31.56, 30.242, 275, 395, 974, 1816, 2975, 3267, 2846, 2328, 8525, 621, 0, 0, 109, 130, 366, 891, 1766, 1667, 1085, 658, 3061, 230, 0, 0
15:37:13, 1262.00, 30.98, 31.56, 30.242, 333, 536, 1309, 2442, 3711, 3907, 3647, 2913, 8180, 545, 0, 0, 103, 122, 345, 845, 1785, 1693, 1099, 665, 3056, 233, 0, 0
15:37:13, 1263.70, 30.98, 31.58, 30.242, 278, 458, 1085, 2097, 3068, 3154, 3234, 2315, 4962, 332, 0, 0, 102, 121, 341, 840, 1805, 1713, 1109, 667, 3008, 231, 0, 0
15:37:14, 1260.50, 30.99, 31.56, 30.258, 212, 345, 832, 1608, 2553, 2613, 2612, 1819, 4308, 293, 0, 0, 119, 142, 399, 968, 2005, 1906, 1254, 766, 3464, 267, 0, 0
15:37:15, 1259.50, 30.99, 31.56, 30.258, 253, 404, 964, 1878, 2911, 3056, 2936, 2169, 5582, 374, 0, 0, 117, 140, 392, 953, 1984, 1880, 1231, 748, 3524, 272, 0, 0
15:37:15, 1259.90, 30.99, 31.58, 30.258, 223, 338, 819, 1583, 2447, 2641, 2409, 1786, 5637, 387, 0, 0, 122, 146, 409, 990, 2047, 1946, 1287, 788, 3715, 287, 0, 0
15:37:16, 1263.80, 30.99, 31.58, 30.258, 287, 419, 1019, 1943, 3453, 3694, 3375, 2710, 8539, 590, 0, 0, 101, 119, 337, 826, 1732, 1634, 1056, 635, 3013, 227, 0, 0
15:37:17, 1268.00, 30.99, 31.58, 30.266, 283, 431, 1054, 1983, 3216, 3411, 3138, 2487, 7946, 551, 0, 0, 100, 117, 333, 823, 1761, 1667, 1080, 649, 3080, 234, 0, 0
15:37:17, 1269.60, 30.99, 31.56, 30.258, 241, 375, 908, 1769, 2884, 3051, 2925, 2139, 5503, 369, 0, 0, 100, 117, 332, 822, 1744, 1655, 1068, 639, 2953, 226, 0, 0
15:37:18, 1268.50, 30.99, 31.56, 30.258, 223, 357, 867, 1688, 2795, 2902, 2828, 2063, 4858, 325, 0, 0, 103, 121, 341, 843, 1808, 1715, 1111, 667, 3083, 237, 0, 0
15:37:19, 1267.10, 30.99, 31.60, 30.250, 247, 397, 957, 1853, 2878, 3034, 2899, 2143, 5383, 358, 0, 0, 111, 130, 368, 902, 1885, 1787, 1166, 705, 3324, 257, 0, 0
15:37:19, 1267.10, 30.98, 31.56, 30.258, 253, 377, 916, 1797, 2891, 3144, 2875, 2200, 6732, 454, 0, 0, 113, 133, 374, 917, 1877, 1777, 1157, 699, 3377, 259, 0, 0
15:37:20, 1269.00, 30.98, 31.58, 30.258, 270, 403, 991, 1895, 3090, 3299, 2989, 2351, 7598, 526, 0, 0, 101, 118, 334, 826, 1703, 1610, 1036, 621, 2973, 226, 0, 0
15:37:21, 1269.90, 30.98, 31.60, 30.250, 304, 482, 1175, 2223, 3401, 3589, 3345, 2633, 7363, 488, 0, 0, 96, 112, 317, 788, 1655, 1564, 1000, 596, 2826, 215, 0, 0
15:37:21, 1270.20, 30.98, 31.60, 30.266, 250, 400, 974, 1876, 2918, 3077, 2925, 2171, 5637, 375, 0, 0, 97, 112, 317, 791, 1716, 1627, 1044, 622, 2890, 222, 0, 0
15:37:22, 1269.80, 30.99, 31.58, 30.266, 204, 328, 799, 1555, 2498, 2571, 2478, 1762, 4320, 290, 0, 0, 101, 118, 333, 828, 1772, 1682, 1080, 645, 2985, 230, 0, 0
15:37:23, 1269.90, 30.99, 31.58, 30.258, 217, 345, 829, 1632, 2667, 2833, 2713, 1996, 5100, 342, 0, 0, 104, 121, 342, 846, 1771, 1676, 1080, 648, 3081, 237, 0, 0
15:37:23, 1271.30, 30.99, 31.58, 30.266, 257, 388, 952, 1867, 2913, 3126, 2881, 2166, 6335, 425, 0, 0, 100, 117, 330, 821, 1724, 1631, 1045, 622, 2986, 228, 0, 0
15:37:24, 1272.30, 30.99, 31.62, 30.266, 236, 369, 892, 1741, 2633, 2811, 2650, 1958, 5366, 357, 0, 0, 102, 118, 334, 831, 1773, 1681, 1082, 647, 3087, 238, 0, 0
15:37:25, 1272.70, 30.99, 31.58, 30.266, 253, 382, 939, 1834, 3096, 3303, 3022, 2314, 6990, 472, 0, 0, 101, 117, 331, 824, 1769, 1673, 1077, 644, 3152, 241, 0, 0
15:37:25, 1274.50, 30.99, 31.55, 30.273, 253, 391, 972, 1875, 2943, 3102, 2856, 2175, 6441, 431, 0, 0, 96, 110, 313, 782, 1695, 1602, 1024, 612, 2946, 225, 0, 0
15:37:26, 1275.30, 30.99, 31.55, 30.273, 221, 338, 834, 1617, 2600, 2766, 2546, 1872, 5458, 369, 0, 0, 97, 112, 318, 796, 1712, 1622, 1035, 613, 2967, 229, 0, 0
15:37:27, 1273.80, 30.99, 31.56, 30.273, 211, 313, 787, 1528, 2397, 2541, 2245, 1685, 5783, 404, 0, 0, 107, 123, 348, 867, 1830, 1728, 1109, 661, 3304, 254, 0, 0
15:37:27, 1272.70, 30.99, 31.58, 30.281, 210, 290, 737, 1417, 2185, 2347, 1994, 1532, 6030, 442, 0, 0, 112, 130, 367, 910, 1871, 1771, 1141, 681, 3400, 263, 0, 0
15:37:28, 1275.50, 30.99, 31.56, 30.281, 205, 296, 750, 1441, 2333, 2479, 2160, 1633, 5980, 427, 0, 0, 100, 115, 324, 813, 1681, 1591, 1010, 595, 2939, 225, 0, 0
15:37:29, 1276.60, 30.99, 31.56, 30.281, 227, 337, 843, 1622, 2773, 2941, 2637, 2039, 6902, 487, 0, 0, 94, 108, 305, 769, 1647, 1558, 990, 585, 2848, 218, 0, 0
15:37:29, 1276.30, 30.99, 31.56, 30.281, 235, 355, 880, 1711, 2693, 2859, 2606, 1958, 6045, 408, 0, 0, 94, 107, 303, 767, 1645, 1555, 983, 579, 2823, 216, 0, 0
15:37:30, 1274.20, 31.00, 31.60, 30.281, 225, 338, 841, 1635, 2608, 2788, 2495, 1872, 6065, 415, 0, 0, 100, 116, 328, 819, 1751, 1656, 1059, 632, 3098, 237, 0, 0
15:37:31, 1274.90, 31.00, 31.58, 30.273, 239, 344, 856, 1662, 2645, 2824, 2509, 1922, 6606, 465, 0, 0, 102, 117, 332, 830, 1744, 1647, 1050, 623, 3090, 236, 0, 0
15:37:31, 1274.90, 31.00, 31.58, 30.273, 236, 358, 892, 1735, 2828, 2995, 2731, 2045, 6154, 415, 0, 0, 93, 107, 304, 765, 1661, 1571, 1000, 594, 2861, 219, 0, 0
15:37:32, 1274.10, 31.00, 31.60, 30.281, 262, 404, 1002, 1946, 3182, 3366, 3111, 2391, 6841, 455, 0, 0, 96, 111, 313, 786, 1683, 1592, 1015, 604, 2924, 223, 0, 0
15:37:33, 1276.90, 31.00, 31.58, 30.281, 272, 429, 1071, 2055, 3226, 3364, 3101, 2372, 7196, 487, 0, 0, 113, 133, 392, 930, 1868, 1771, 1166, 702, 3405, 259, 0, 0
15:37:33, 1279.60, 31.00, 31.58, 30.281, 195, 292, 724, 1460, 2299, 2431, 2282, 1603, 4427, 302, 0, 0, 104, 119, 338, 847, 1756, 1666, 1061, 625, 3035, 235, 0, 0
15:37:34, 1283.60, 30.99, 31.58, 30.281, 206, 298, 752, 1506, 2514, 2695, 2403, 1800, 5868, 405, 0, 0, 105, 121, 344, 857, 1730, 1635, 1040, 611, 3092, 239, 0, 0
15:37:35, 1285.40, 30.99, 31.60, 30.273, 190, 268, 685, 1364, 2133, 2301, 1984, 1486, 5452, 390, 0, 0, 102, 115, 327, 825, 1739, 1652, 1055, 625, 3117, 241, 0, 0
15:37:35, 1287.80, 30.99, 31.58, 30.273, 208, 288, 743, 1477, 2460, 2620, 2267, 1703, 6506, 472, 0, 0, 107, 125, 355, 877, 1742, 1662, 1065, 641, 2989, 225, 0, 0
15:37:36, 1290.10, 30.99, 31.60, 30.273, 217, 321, 821, 1631, 2791, 2926, 2641, 2019, 7257, 521, 0, 0, 87, 96, 275, 700, 1473, 1396, 881, 518, 2547, 193, 0, 0
15:37:37, 1291.30, 30.99, 31.53, 30.273, 255, 384, 978, 1941, 3428, 3601, 3331, 2515, 6917, 463, 0, 0, 75, 83, 239, 619, 1366, 1293, 811, 470, 2237, 169, 0, 0
15:37:37, 1289.40, 30.99, 31.56, 30.273, 202, 316, 801, 1592, 2410, 2488, 2340, 1673, 3990, 268, 0, 0, 82, 92, 261, 673, 1480, 1409, 889, 520, 2426, 186, 0, 0
15:37:38, 1288.90, 30.99, 31.56, 30.258, 178, 277, 693, 1380, 2327, 2394, 2306, 1629, 3577, 242, 0, 0, 87, 98, 279, 714, 1570, 1499, 954, 560, 2610, 202, 0, 0
15:37:39, 1287.10, 30.99, 31.58, 30.250, 186, 283, 715, 1448, 2422, 2555, 2369, 1696, 4601, 310, 0, 0, 91, 102, 292, 740, 1602, 1525, 977, 578, 2811, 217, 0, 0
15:37:39, 1285.30, 30.98, 31.58, 30.250, 205, 289, 737, 1472, 2416, 2598, 2287, 1734, 6084, 432, 0, 0, 96, 107, 306, 771, 1667, 1591, 1026, 611, 2987, 230, 0, 0
15:37:40, 1288.70, 30.98, 31.56, 30.242, 218, 301, 771, 1520, 2678, 2865, 2549, 1975, 6813, 490, 0, 0, 85, 95, 270, 688, 1466, 1402, 897, 529, 2533, 193, 0, 0
15:37:40, 1292.20, 30.98, 31.62, 30.242, 226, 337, 865, 1717, 2852, 3001, 2710, 2047, 6917, 486, 0, 0, 80, 88, 253, 649, 1419, 1353, 860, 503, 2427, 184, 0, 0
15:37:41, 1291.90, 30.98, 31.56, 30.242, 207, 306, 775, 1558, 2423, 2574, 2376, 1732, 4794, 323, 0, 0, 87, 96, 274, 702, 1543, 1480, 947, 556, 2623, 203, 0, 0
15:37:42, 1292.00, 30.97, 31.56, 30.234, 165, 253, 638, 1292, 2188, 2274, 2133, 1494, 3737, 252, 0, 0, 86, 95, 272, 697, 1547, 1485, 952, 559, 2637, 204, 0, 0
15:37:42, 1290.50, 30.97, 31.58, 30.219, 198, 293, 734, 1502, 2618, 2814, 2602, 1928, 5270, 354, 0, 0, 88, 98, 280, 713, 1559, 1492, 956, 562, 2741, 212, 0, 0
15:37:43, 1293.50, 30.97, 31.58, 30.219, 183, 258, 663, 1333, 2130, 2296, 1998, 1474, 5164, 363, 0, 0, 91, 101, 288, 731, 1503, 1440, 925, 545, 2624, 202, 0, 0
15:37:44, 1296.40, 30.97, 31.60, 30.211, 178, 261, 670, 1350, 2398, 2475, 2298, 1664, 3288, 222, 0, 0, 73, 80, 229, 595, 1543, 1479, 948, 555, 2736, 212, 0, 0
15:37:44, 1293.70, 30.96, 31.56, 30.211, 145, 199, 524, 1070, 1669, 1780, 1497, 1058, 4033, 289, 0, 0, 107, 119, 338, 851, 1803, 1736, 1138, 677, 3309, 261, 0, 0
15:37:45, 1292.60, 30.96, 31.56, 30.211, 157, 206, 534, 1097, 1855, 2028, 1725, 1260, 4653, 335, 0, 0, 100, 111, 315, 797, 1724, 1659, 1084, 643, 3148, 246, 0, 0
15:37:46, 1291.20, 30.96, 31.58, 30.211, 152, 202, 535, 1067, 1792, 1902, 1572, 1155, 5153, 389, 0, 0, 105, 117, 333, 839, 1803, 1739, 1145, 684, 3355, 261, 0, 0
15:37:46, 1294.40, 30.96, 31.56, 30.211, 159, 210, 565, 1102, 1985, 2064, 1743, 1300, 6239, 496, 0, 0, 96, 107, 301, 765, 1641, 1583, 1025, 617, 2899, 223, 0, 0
15:37:47, 1298.60, 30.97, 31.58, 30.219, 186, 246, 653, 1286, 2144, 2268, 1913, 1433, 6159, 469, 0, 0, 89, 101, 283, 736, 1545, 1484, 975, 571, 2671, 201, 0, 0
15:37:48, 1299.10, 30.97, 31.58, 30.211, 183, 248, 652, 1304, 2076, 2239, 1884, 1421, 5666, 421, 0, 0, 89, 98, 279, 713, 1555, 1498, 969, 571, 2782, 215, 0, 0
15:37:48, 1300.10, 30.97, 31.60, 30.211, 190, 260, 669, 1362, 2294, 2473, 2190, 1606, 5306, 368, 0, 0, 84, 93, 267, 683, 1452, 1394, 889, 516, 2495, 193, 0, 0
15:37:49, 1298.00, 30.97, 31.56, 30.219, 167, 246, 630, 1283, 2104, 2224, 2009, 1429, 4204, 286, 0, 0, 84, 92, 263, 676, 1497, 1442, 929, 543, 2586, 200, 0, 0
15:37:50, 1294.80, 30.97, 31.56, 30.219, 187, 264, 673, 1377, 2220, 2399, 2124, 1555, 5055, 351, 0, 0, 88, 97, 278, 709, 1549, 1485, 960, 560, 2739, 212, 0, 0
15:37:50, 1294.80, 30.97, 31.60, 30.219, 182, 252, 658, 1319, 2242, 2393, 2081, 1552, 5525, 393, 0, 0, 84, 93, 265, 678, 1461, 1401, 897, 525, 2540, 195, 0, 0
15:37:51, 1293.70, 30.97, 31.55, 30.227, 205, 297, 760, 1516, 2636, 2806, 2536, 1927, 6088, 421, 0, 0, 90, 102, 291, 727, 1567, 1511, 980, 590, 2600, 200, 0, 0
15:37:52, 1292.50, 30.97, 31.58, 30.219, 210, 311, 794, 1589, 2747, 2897, 2626, 1969, 5907, 401, 0, 0, 82, 90, 259, 661, 1515, 1436, 954, 550, 2683, 203, 0, 0
15:37:52, 1290.60, 30.97, 31.56, 30.219, 203, 290, 738, 1480, 2386, 2564, 2279, 1700, 5577, 387, 0, 0, 93, 103, 296, 746, 1612, 1544, 1003, 592, 2840, 220, 0, 0
15:37:53, 1291.50, 30.97, 31.56, 30.219, 198, 292, 739, 1485, 2420, 2575, 2337, 1696, 5102, 347, 0, 0, 87, 96, 275, 703, 1534, 1472, 948, 558, 2640, 204, 0, 0
15:37:54, 1290.30, 30.97, 31.56, 30.234, 205, 306, 776, 1557, 2667, 2817, 2577, 1889, 5518, 373, 0, 0, 84, 94, 269, 686, 1527, 1464, 944, 558, 2644, 203, 0, 0
15:37:54, 1286.30, 30.97, 31.56, 30.234, 200, 284, 721, 1447, 2312, 2495, 2201, 1642, 5544, 387, 0, 0, 99, 112, 317, 796, 1716, 1648, 1078, 643, 3093, 240, 0, 0
15:37:55, 1285.60, 30.97, 31.60, 30.227, 182, 250, 641, 1277, 2073, 2257, 1924, 1434, 5380, 386, 0, 0, 102, 116, 328, 822, 1690, 1620, 1057, 629, 3024, 234, 0, 0
15:37:56, 1287.70, 30.97, 31.56, 30.234, 206, 287, 738, 1468, 2342, 2520, 2173, 1629, 5902, 420, 0, 0, 94, 105, 300, 759, 1591, 1521, 983, 580, 2800, 214, 0, 0
15:37:56, 1288.70, 30.97, 31.56, 30.234, 220, 322, 818, 1617, 2674, 2861, 2574, 1958, 6305, 435, 0, 0, 91, 102, 289, 733, 1616, 1549, 1005, 595, 2832, 218, 0, 0
15:37:57, 1288.30, 30.97, 31.55, 30.227, 192, 278, 701, 1407, 2208, 2355, 2109, 1515, 4758, 329, 0, 0, 97, 108, 308, 778, 1667, 1602, 1040, 616, 2912, 225, 0, 0
15:37:58, 1288.00, 30.97, 31.56, 30.234, 192, 269, 682, 1378, 2185, 2366, 2064, 1516, 5247, 369, 0, 0, 98, 110, 312, 787, 1654, 1584, 1027, 608, 2943, 227, 0, 0
15:37:58, 1289.00, 30.97, 31.62, 30.234, 214, 303, 774, 1543, 2400, 2599, 2266, 1700, 5954, 418, 0, 0, 105, 121, 337, 853, 1682, 1612, 1047, 622, 2960, 230, 0, 0
15:37:59, 1287.10, 30.97, 31.58, 30.227, 204, 288, 729, 1459, 2361, 2562, 2255, 1684, 5701, 395, 0, 0, 94, 105, 300, 760, 1692, 1620, 1050, 621, 3021, 233, 0, 0
15:38:00, 1287.50, 30.97, 31.56, 30.234, 200, 270, 701, 1383, 2351, 2530, 2155, 1643, 6490, 479, 0, 0, 100, 112, 318, 802, 1750, 1682, 1129, 675, 3263, 263, 0, 0
15:38:00, 1287.50, 30.97, 31.55, 30.234, 189, 258, 671, 1336, 2130, 2277, 1953, 1445, 5468, 393, 0, 0, 99, 111, 315, 797, 1754, 1679, 1088, 643, 3174, 248, 0, 0
15:38:01, 1287.80, 30.97, 31.56, 30.234, 171, 238, 616, 1216, 2013, 2138, 1815, 1351, 5359, 390, 0, 0, 101, 112, 321, 809, 1729, 1654, 1072, 638, 3113, 239, 0, 0
15:38:02, 1288.60, 30.97, 31.55, 30.234, 210, 283, 734, 1449, 2376, 2543, 2173, 1666, 6798, 512, 0, 0, 103, 113, 322, 805, 1778, 1715, 1120, 685, 3071, 233, 0, 0
15:38:02, 1290.10, 30.97, 31.58, 30.234, 213, 293, 759, 1493, 2473, 2633, 2293, 1761, 6506, 475, 0, 0, 87, 97, 277, 711, 1542, 1471, 942, 551, 2680, 204, 0, 0
15:38:03, 1289.10, 30.97, 31.58, 30.234, 239, 356, 902, 1783, 2866, 3061, 2763, 2119, 6797, 470, 0, 0, 89, 99, 282, 721, 1562, 1492, 954, 560, 2675, 205, 0, 0
15:38:04, 1287.00, 30.97, 31.56, 30.234, 196, 290, 733, 1481, 2183, 2319, 2101, 1481, 4483, 307, 0, 0, 98, 109, 311, 793, 1717, 1645, 1057, 620, 2985, 232, 0, 0
15:38:04, 1285.70, 30.97, 31.58, 30.234, 185, 269, 677, 1358, 2285, 2463, 2210, 1621, 5239, 360, 0, 0, 101, 113, 322, 811, 1753, 1687, 1093, 656, 3100, 240, 0, 0
15:38:05, 1286.40, 30.97, 31.58, 30.234, 222, 307, 784, 1565, 2594, 2790, 2456, 1843, 6272, 439, 0, 0, 97, 107, 305, 770, 1656, 1584, 1015, 598, 2900, 224, 0, 0
15:38:06, 1283.80, 30.97, 31.56, 30.234, 193, 272, 695, 1381, 2169, 2348, 2026, 1508, 5476, 387, 0, 0, 103, 115, 327, 823, 1778, 1702, 1104, 657, 3193, 246, 0, 0
15:38:06, 1283.70, 30.97, 31.62, 30.234, 228, 318, 815, 1601, 2723, 2913, 2541, 1971, 7355, 539, 0, 0, 104, 115, 328, 819, 1773, 1689, 1092, 650, 3173, 244, 0, 0
15:38:07, 1283.20, 30.97, 31.58, 30.242, 210, 283, 736, 1440, 2220, 2410, 2029, 1545, 6119, 448, 0, 0, 106, 118, 336, 839, 1812, 1729, 1120, 669, 3190, 247, 0, 0
15:38:08, 1284.20, 30.97, 31.56, 30.242, 210, 291, 742, 1455, 2372, 2555, 2212, 1693, 6190, 443, 0, 0, 103, 113, 323, 807, 1747, 1674, 1076, 643, 3027, 233, 0, 0
15:38:08, 1284.30, 30.97, 31.58, 30.234, 246, 348, 882, 1745, 3162, 3375, 3073, 2374, 7401, 513, 0, 0, 91, 101, 289, 740, 1634, 1556, 992, 580, 2803, 214, 0, 0
15:38:09, 1284.50, 30.98, 31.58, 30.242, 198, 292, 738, 1470, 2310, 2450, 2212, 1599, 4980, 341, 0, 0, 94, 105, 297, 759, 1647, 1576, 1005, 592, 2791, 215, 0, 0
15:38:10, 1281.70, 30.97, 31.60, 30.242, 186, 274, 683, 1369, 2207, 2394, 2174, 1559, 4861, 335, 0, 0, 105, 119, 336, 846, 1832, 1753, 1138, 678, 3228, 250, 0, 0
15:38:10, 1280.30, 30.97, 31.64, 30.234, 178, 250, 640, 1271, 1975, 2108, 1792, 1311, 5043, 363, 0, 0, 115, 131, 370, 926, 1891, 1804, 1173, 699, 3438, 266, 0, 0
15:38:11, 1282.70, 30.97, 31.56, 30.250, 216, 292, 747, 1460, 2503, 2711, 2337, 1821, 6881, 503, 0, 0, 105, 121, 343, 858, 1716, 1634, 1050, 620, 3013, 230, 0, 0
15:38:12, 1283.00, 30.98, 31.55, 30.250, 233, 334, 852, 1665, 2739, 2915, 2558, 1952, 6995, 502, 0, 0, 94, 105, 300, 764, 1675, 1594, 1024, 603, 2917, 220, 0, 0
15:38:12, 1284.30, 30.97, 31.58, 30.242, 249, 342, 869, 1702, 2990, 3185, 2863, 2243, 7512, 535, 0, 0, 91, 102, 290, 740, 1618, 1538, 980, 576, 2772, 211, 0, 0
15:38:13, 1284.40, 30.97, 31.56, 30.242, 213, 319, 802, 1581, 2605, 2747, 2502, 1848, 5523, 373, 0, 0, 91, 102, 291, 743, 1628, 1551, 991, 583, 2756, 211, 0, 0
15:38:14, 1284.10, 30.97, 31.55, 30.242, 217, 335, 827, 1664, 2705, 2824, 2680, 1924, 4801, 323, 0, 0, 90, 100, 285, 733, 1622, 1544, 981, 572, 2728, 209, 0, 0
15:38:14, 1281.50, 30.97, 31.58, 30.242, 193, 295, 739, 1473, 2347, 2478, 2250, 1630, 4883, 332, 0, 0, 103, 117, 331, 836, 1838, 1752, 1137, 677, 3257, 252, 0, 0
15:38:15, 1279.00, 30.97, 31.55, 30.250, 194, 266, 674, 1340, 2047, 2215, 1897, 1416, 5308, 383, 0, 0, 118, 134, 380, 949, 2002, 1908, 1246, 743, 3707, 290, 0, 0
15:38:16, 1278.80, 30.97, 31.56, 30.250, 173, 240, 620, 1195, 2017, 2150, 1806, 1372, 5709, 427, 0, 0, 109, 123, 346, 871, 1912, 1834, 1211, 731, 3527, 273, 0, 0
15:38:16, 1280.00, 30.97, 31.58, 30.242, 241, 330, 849, 1641, 3011, 3183, 2797, 2179, 8730, 654, 0, 0, 100, 111, 317, 800, 1807, 1727, 1110, 665, 3210, 246, 0, 0
15:38:17, 1280.40, 30.97, 31.56, 30.242, 207, 279, 729, 1385, 2255, 2405, 2024, 1587, 6859, 533, 0, 0, 111, 124, 353, 874, 1897, 1804, 1174, 705, 3430, 264, 0, 0
15:38:18, 1280.30, 30.97, 31.58, 30.242, 232, 320, 815, 1575, 2529, 2766, 2361, 1856, 7424, 551, 0, 0, 111, 126, 356, 888, 1835, 1745, 1132, 673, 3308, 254, 0, 0
15:38:18, 1280.00, 30.97, 31.56, 30.242, 189, 268, 685, 1356, 2011, 2158, 1859, 1354, 4892, 347, 0, 0, 108, 123, 348, 876, 1815, 1731, 1120, 663, 3206, 249, 0, 0
15:38:19, 1278.80, 30.98, 31.60, 30.242, 189, 264, 665, 1327, 2099, 2284, 1989, 1476, 5173, 366, 0, 0, 109, 124, 351, 878, 1855, 1768, 1154, 692, 3305, 255, 0, 0
15:38:20, 1278.00, 30.97, 31.55, 30.250, 203, 273, 700, 1364, 2137, 2308, 1946, 1479, 6051, 446, 0, 0, 118, 134, 379, 939, 1967, 1878, 1226, 739, 3603, 280, 0, 0
15:38:20, 1281.70, 30.97, 31.56, 30.250, 179, 240, 627, 1205, 2035, 2162, 1815, 1376, 5871, 443, 0, 0, 103, 116, 331, 835, 1711, 1628, 1048, 621, 3024, 230, 0, 0
15:38:21, 1283.30, 30.98, 31.58, 30.250, 259, 354, 905, 1767, 3204, 3432, 3057, 2421, 8670, 634, 0, 0, 90, 100, 287, 734, 1580, 1497, 951, 557, 2689, 203, 0, 0
15:38:22, 1283.40, 30.98, 31.58, 30.250, 218, 316, 800, 1577, 2443, 2612, 2324, 1732, 5745, 397, 0, 0, 97, 109, 310, 789, 1737, 1655, 1065, 629, 3019, 233, 0, 0
15:38:22, 1282.20, 30.98, 31.56, 30.250, 180, 262, 655, 1321, 2068, 2227, 2017, 1429, 4457, 309, 0, 0, 107, 121, 343, 865, 1864, 1779, 1153, 684, 3285, 255, 0, 0
15:38:23, 1282.80, 30.98, 31.60, 30.250, 184, 258, 658, 1313, 2097, 2254, 1932, 1424, 5278, 375, 0, 0, 107, 121, 343, 865, 1850, 1762, 1137, 677, 3337, 258, 0, 0
15:38:24, 1284.10, 30.97, 31.60, 30.258, 198, 264, 688, 1350, 2232, 2430, 2034, 1558, 6334, 471, 0, 0, 103, 116, 329, 834, 1788, 1701, 1095, 648, 3197, 247, 0, 0
15:38:24, 1285.90, 30.98, 31.56, 30.258, 221, 307, 789, 1546, 2550, 2738, 2356, 1802, 6813, 492, 0, 0, 95, 106, 302, 772, 1659, 1576, 1005, 591, 2894, 221, 0, 0
15:38:25, 1287.00, 30.98, 31.58, 30.258, 220, 317, 806, 1583, 2672, 2820, 2500, 1903, 6771, 486, 0, 0, 96, 107, 306, 771, 1657, 1572, 1003, 588, 2876, 219, 0, 0
15:38:26, 1287.80, 30.98, 31.56, 30.250, 215, 317, 796, 1605, 2535, 2677, 2464, 1771, 4998, 336, 0, 0, 93, 104, 295, 759, 1645, 1566, 992, 578, 2736, 211, 0, 0
15:38:26, 1287.70, 30.98, 31.58, 30.258, 190, 297, 740, 1479, 2349, 2454, 2309, 1624, 4312, 292, 0, 0, 98, 109, 308, 791, 1751, 1669, 1065, 626, 3027, 234, 0, 0
15:38:27, 1286.00, 30.98, 31.58, 30.258, 189, 259, 654, 1331, 2205, 2438, 2107, 1567, 5625, 397, 0, 0, 113, 128, 362, 914, 1959, 1864, 1208, 718, 3570, 278, 0, 0
15:38:27, 1288.70, 30.97, 31.60, 30.258, 179, 245, 636, 1274, 1984, 2135, 1803, 1314, 5042, 363, 0, 0, 107, 120, 340, 866, 1783, 1697, 1086, 638, 3171, 245, 0, 0
15:38:28, 1291.40, 30.98, 31.58, 30.258, 226, 317, 808, 1601, 2642, 2822, 2453, 1888, 6935, 502, 0, 0, 94, 103, 295, 760, 1697, 1613, 1025, 602, 2923, 223, 0, 0
15:38:29, 1294.70, 30.98, 31.58, 30.258, 223, 318, 817, 1624, 2619, 2784, 2434, 1846, 6677, 482, 0, 0, 91, 100, 285, 741, 1631, 1550, 979, 567, 2814, 214, 0, 0
15:38:29, 1295.90, 30.98, 31.56, 30.258, 205, 295, 749, 1519, 2355, 2520, 2253, 1614, 5113, 350, 0, 0, 94, 103, 295, 762, 1687, 1609, 1022, 594, 2888, 223, 0, 0
15:38:30, 1293.70, 30.98, 31.58, 30.266, 173, 247, 628, 1286, 1990, 2135, 1854, 1326, 4553, 319, 0, 0, 104, 114, 326, 828, 1833, 1743, 1116, 654, 3250, 253, 0, 0
15:38:31, 1294.30, 30.98, 31.58, 30.266, 186, 243, 638, 1274, 2050, 2221, 1837, 1377, 5774, 430, 0, 0, 103, 114, 325, 835, 1798, 1710, 1091, 637, 3226, 249, 0, 0
15:38:31, 1296.00, 30.98, 31.58, 30.266, 180, 238, 625, 1250, 1958, 2091, 1735, 1272, 5267, 387, 0, 0, 102, 111, 316, 807, 1794, 1725, 1092, 647, 3136, 243, 0, 0
15:38:32, 1299.30, 30.98, 31.58, 30.266, 183, 243, 639, 1264, 2254, 2405, 2032, 1543, 6282, 470, 0, 0, 91, 99, 283, 737, 1595, 1515, 956, 554, 2757, 209, 0, 0
15:38:33, 1299.80, 30.98, 31.60, 30.266, 203, 282, 732, 1483, 2575, 2736, 2393, 1761, 5990, 418, 0, 0, 83, 89, 256, 676, 1501, 1428, 890, 508, 2478, 188, 0, 0
15:38:33, 1297.60, 30.98, 31.60, 30.266, 161, 235, 601, 1231, 1982, 2093, 1868, 1293, 4056, 280, 0, 0, 95, 103, 294, 759, 1802, 1727, 1106, 654, 2962, 230, 0, 0
15:38:34, 1296.80, 30.98, 31.56, 30.266, 170, 228, 585, 1198, 1806, 1963, 1640, 1190, 4622, 335, 0, 0, 111, 123, 351, 896, 1911, 1820, 1165, 684, 3439, 269, 0, 0
15:38:35, 1302.00, 30.98, 31.60, 30.266, 172, 227, 598, 1207, 2004, 2157, 1795, 1311, 5209, 379, 0, 0, 94, 102, 292, 763, 1647, 1568, 987, 568, 2869, 220, 0, 0
15:38:35, 1304.60, 30.98, 31.60, 30.266, 204, 291, 752, 1526, 2557, 2713, 2383, 1780, 6182, 436, 0, 0, 87, 94, 268, 704, 1612, 1535, 977, 561, 2782, 212, 0, 0
15:38:36, 1305.50, 30.98, 31.58, 30.266, 196, 275, 714, 1454, 2300, 2455, 2109, 1540, 5578, 396, 0, 0, 87, 94, 270, 712, 1567, 1491, 934, 533, 2660, 204, 0, 0
15:38:37, 1305.60, 30.98, 31.55, 30.266, 173, 247, 636, 1312, 2065, 2201, 1931, 1358, 4406, 304, 0, 0, 90, 97, 277, 731, 1605, 1529, 961, 549, 2702, 207, 0, 0
15:38:37, 1304.70, 30.98, 31.56, 30.273, 173, 244, 626, 1298, 2192, 2360, 2074, 1479, 4839, 333, 0, 0, 90, 97, 277, 730, 1636, 1560, 981, 562, 2810, 216, 0, 0
15:38:38, 1304.30, 30.98, 31.58, 30.273, 164, 220, 578, 1186, 2009, 2152, 1801, 1302, 5060, 365, 0, 0, 94, 102, 291, 764, 1661, 1582, 997, 572, 2890, 222, 0, 0
15:38:39, 1305.80, 30.98, 31.58, 30.273, 189, 252, 662, 1340, 2472, 2620, 2266, 1693, 6219, 448, 0, 0, 85, 91, 260, 689, 1554, 1480, 931, 532, 2645, 201, 0, 0
15:38:39, 1307.30, 30.98, 31.58, 30.281, 185, 257, 672, 1366, 2416, 2565, 2206, 1615, 5839, 413, 0, 0, 85, 91, 260, 690, 1590, 1516, 954, 546, 2725, 208, 0, 0
15:38:40, 1305.80, 30.99, 31.58, 30.281, 175, 233, 613, 1263, 2138, 2292, 1944, 1411, 5183, 368, 0, 0, 89, 95, 272, 721, 1642, 1565, 983, 561, 2833, 218, 0, 0
15:38:41, 1303.90, 30.99, 31.60, 30.273, 152, 200, 531, 1083, 1809, 1928, 1581, 1142, 4836, 357, 0, 0, 102, 112, 317, 827, 1814, 1733, 1108, 643, 3239, 251, 0, 0
15:38:41, 1308.70, 30.99, 31.55, 30.273, 163, 207, 553, 1122, 1929, 2068, 1700, 1242, 5207, 386, 0, 0, 94, 101, 287, 757, 1631, 1556, 982, 561, 2816, 215, 0, 0
15:38:42, 1309.10, 30.99, 31.58, 30.273, 172, 229, 611, 1249, 2068, 2217, 1830, 1342, 5417, 398, 0, 0, 89, 95, 273, 724, 1642, 1566, 987, 563, 2847, 218, 0, 0
15:38:43, 1305.00, 30.99, 31.56, 30.273, 170, 218, 580, 1185, 1904, 2046, 1672, 1228, 5196, 387, 0, 0, 102, 111, 316, 826, 1855, 1770, 1127, 651, 3329, 258, 0, 0
15:38:43, 1302.70, 30.99, 31.60, 30.281, 129, 165, 447, 913, 1518, 1601, 1287, 910, 4224, 321, 0, 0, 121, 132, 373, 960, 2069, 1975, 1275, 748, 3820, 303, 0, 0
15:38:44, 1304.40, 30.99, 31.62, 30.281, 105, 134, 366, 756, 1324, 1379, 1095, 758, 3715, 287, 0, 0, 129, 142, 401, 1027, 2097, 2017, 1313, 772, 3900, 307, 0, 0
15:38:45, 1309.50, 30.99, 31.58, 30.273, 135, 171, 462, 949, 1867, 1987, 1629, 1175, 4956, 368, 0, 0, 99, 105, 302, 784, 1686, 1609, 1014, 581, 2875, 221, 0, 0
15:38:45, 1307.20, 30.99, 31.56, 30.289, 163, 220, 574, 1197, 1877, 2022, 1710, 1195, 4341, 306, 0, 0, 98, 107, 302, 798, 1819, 1738, 1103, 632, 3192, 248, 0, 0
15:38:46, 1306.00, 30.99, 31.62, 30.289, 135, 177, 469, 976, 1670, 1779, 1455, 1025, 4213, 308, 0, 0, 107, 117, 331, 865, 1883, 1801, 1144, 664, 3403, 266, 0, 0
15:38:47, 1307.00, 30.99, 31.58, 30.289, 126, 162, 436, 900, 1544, 1634, 1309, 925, 4224, 318, 0, 0, 106, 115, 327, 854, 1831, 1746, 1112, 641, 3317, 258, 0, 0
15:38:47, 1306.80, 30.99, 31.56, 30.289, 144, 179, 484, 992, 1674, 1792, 1445, 1035, 4553, 342, 0, 0, 107, 117, 331, 858, 1891, 1820, 1150, 674, 3378, 265, 0, 0
15:38:48, 1306.40, 30.99, 31.56, 30.289, 126, 166, 443, 924, 1577, 1679, 1380, 955, 3774, 271, 0, 0, 104, 113, 321, 838, 1741, 1657, 1043, 599, 3041, 238, 0, 0
15:38:49, 1304.50, 30.99, 31.58, 30.289, 122, 163, 429, 903, 1500, 1600, 1330, 906, 3434, 248, 0, 0, 107, 117, 333, 869, 1920, 1824, 1151, 662, 3465, 274, 0, 0
15:38:49, 1302.10, 30.99, 31.62, 30.297, 130, 168, 454, 933, 1542, 1613, 1294, 910, 4346, 332, 0, 0, 128, 144, 414, 1042, 2127, 2024, 1285, 763, 3864, 306, 0, 0
15:38:50, 1302.60, 31.00, 31.56, 30.297, 122, 158, 432, 874, 1608, 1658, 1349, 958, 4756, 375, 0, 0, 120, 135, 387, 959, 2186, 2079, 1352, 813, 4101, 307, 0, 0
15:38:51, 1300.20, 31.00, 31.58, 30.305, 132, 169, 460, 918, 1462, 1489, 1220, 851, 4505, 366, 0, 0, 123, 139, 390, 1008, 2255, 2117, 1369, 819, 4128, 318, 0, 0
15:38:51, 1300.80, 31.00, 31.58, 30.305, 114, 149, 407, 832, 1495, 1525, 1244, 866, 4457, 354, 0, 0, 116, 135, 368, 971, 2006, 1894, 1203, 702, 3617, 284, 0, 0
15:38:52, 1302.70, 31.00, 31.56, 30.312, 110, 143, 390, 787, 1348, 1379, 1116, 773, 4032, 324, 0, 0, 127, 145, 415, 1043, 2167, 2061, 1333, 796, 3786, 297, 0, 0
15:38:53, 1302.40, 31.00, 31.56, 30.305, 116, 148, 406, 833, 1498, 1549, 1244, 873, 4444, 350, 0, 0, 116, 127, 363, 933, 2008, 1893, 1203, 700, 3677, 289, 0, 0
15:38:53, 1302.80, 31.00, 31.58, 30.305, 114, 147, 401, 818, 1421, 1467, 1180, 824, 4118, 323, 0, 0, 115, 125, 358, 919, 1979, 1869, 1184, 689, 3587, 281, 0, 0
15:38:54, 1303.10, 31.00, 31.55, 30.305, 152, 195, 526, 1052, 1788, 1875, 1524, 1113, 5397, 423, 0, 0, 113, 123, 350, 904, 1931, 1831, 1155, 677, 3454, 269, 0, 0
15:38:55, 1300.10, 31.00, 31.58, 30.305, 124, 160, 435, 887, 1460, 1516, 1216, 849, 4190, 325, 0, 0, 122, 133, 380, 970, 2039, 1940, 1234, 735, 3570, 279, 0, 0
15:38:55, 1302.20, 31.00, 31.60, 30.305, 126, 163, 444, 897, 1597, 1657, 1343, 957, 4633, 360, 0, 0, 106, 116, 328, 856, 1872, 1791, 1129, 666, 3329, 257, 0, 0
15:38:56, 1301.70, 31.00, 31.58, 30.305, 152, 191, 516, 1028, 1787, 1895, 1527, 1127, 5424, 425, 0, 0, 114, 128, 352, 926, 1987, 1911, 1234, 754, 3363, 259, 0, 0
15:38:57, 1299.50, 31.00, 31.58, 30.305, 139, 180, 484, 983, 1632, 1722, 1392, 992, 4420, 332, 0, 0, 120, 133, 374, 965, 2049, 1951, 1253, 729, 3752, 295, 0, 0
15:38:57, 1299.90, 31.00, 31.58, 30.305, 141, 185, 490, 1007, 1754, 1888, 1560, 1109, 4382, 317, 0, 0, 105, 115, 327, 851, 1850, 1755, 1113, 643, 3246, 253, 0, 0
15:38:58, 1295.60, 31.00, 31.58, 30.305, 157, 212, 554, 1134, 1830, 1954, 1627, 1160, 4563, 330, 0, 0, 114, 126, 357, 920, 2053, 1950, 1254, 735, 3722, 292, 0, 0
15:38:59, 1295.40, 31.00, 31.56, 30.305, 125, 161, 431, 878, 1520, 1604, 1292, 917, 4157, 313, 0, 0, 123, 138, 389, 997, 2061, 1959, 1262, 735, 3773, 296, 0, 0
15:38:59, 1297.10, 31.00, 31.58, 30.305, 142, 186, 493, 1000, 1663, 1774, 1452, 1035, 4316, 317, 0, 0, 110, 121, 343, 889, 1966, 1868, 1196, 696, 3529, 275, 0, 0
15:39:00, 1293.20, 31.00, 31.60, 30.305, 152, 204, 532, 1090, 1763, 1895, 1572, 1123, 4389, 317, 0, 0, 120, 134, 379, 973, 2130, 2023, 1302, 764, 3888, 306, 0, 0
15:39:01, 1295.10, 31.01, 31.56, 30.312, 141, 184, 489, 983, 1826, 1939, 1585, 1156, 5076, 381, 0, 0, 113, 126, 357, 919, 2033, 1929, 1254, 729, 3709, 287, 0, 0
15:39:01, 1293.60, 31.01, 31.58, 30.312, 159, 211, 556, 1117, 1695, 1805, 1471, 1054, 4452, 327, 0, 0, 121, 135, 381, 978, 2146, 2045, 1311, 770, 3894, 308, 0, 0
15:39:02, 1291.90, 31.01, 31.60, 30.305, 126, 167, 439, 900, 1467, 1561, 1278, 890, 3628, 265, 0, 0, 136, 154, 433, 1100, 2295, 2183, 1421, 834, 4241, 336, 0, 0
15:39:03, 1293.20, 31.01, 31.58, 30.320, 129, 171, 452, 922, 1639, 1737, 1423, 1009, 4189, 307, 0, 0, 121, 136, 383, 980, 2093, 1990, 1282, 752, 3798, 296, 0, 0
15:39:03, 1292.40, 31.01, 31.56, 30.320, 148, 191, 507, 1022, 1649, 1759, 1419, 1024, 4549, 340, 0, 0, 124, 140, 393, 1006, 2205, 2100, 1356, 798, 4085, 321, 0, 0
15:39:04, 1292.90, 31.01, 31.60, 30.320, 138, 179, 480, 957, 1628, 1703, 1377, 992, 4718, 365, 0, 0, 128, 144, 407, 1036, 2124, 2020, 1307, 767, 3919, 305, 0, 0
15:39:05, 1295.90, 31.01, 31.58, 30.320, 162, 216, 571, 1140, 1976, 2115, 1746, 1277, 5294, 388, 0, 0, 108, 119, 338, 873, 1853, 1754, 1109, 643, 3274, 252, 0, 0
15:39:05, 1291.00, 31.01, 31.62, 30.320, 177, 243, 625, 1271, 1948, 2087, 1776, 1269, 4692, 336, 0, 0, 113, 126, 356, 913, 2019, 1916, 1227, 716, 3630, 284, 0, 0
15:39:06, 1289.50, 31.01, 31.58, 30.328, 144, 195, 508, 1037, 1750, 1862, 1560, 1108, 4309, 310, 0, 0, 116, 130, 368, 939, 2011, 1906, 1224, 718, 3617, 282, 0, 0
15:39:07, 1287.10, 31.01, 31.58, 30.328, 177, 235, 605, 1228, 1995, 2174, 1834, 1340, 5039, 361, 0, 0, 113, 127, 359, 915, 1985, 1877, 1199, 705, 3576, 278, 0, 0
15:39:07, 1286.00, 31.01, 31.56, 30.328, 173, 238, 616, 1234, 1927, 2049, 1723, 1250, 4904, 352, 0, 0, 115, 130, 365, 932, 2018, 1912, 1223, 719, 3654, 285, 0, 0
15:39:08, 1286.00, 31.01, 31.58, 30.320, 154, 204, 537, 1070, 1825, 1942, 1591, 1171, 5100, 381, 0, 0, 129, 147, 409, 1033, 2198, 2080, 1373, 828, 4059, 317, 0, 0
15:39:09, 1285.10, 31.01, 31.56, 30.320, 195, 260, 672, 1341, 2009, 2153, 1816, 1334, 5225, 378, 0, 0, 116, 130, 366, 934, 2073, 1967, 1260, 742, 3730, 293, 0, 0
15:39:09, 1281.80, 31.01, 31.58, 30.312, 141, 198, 511, 1031, 1607, 1701, 1422, 1004, 3892, 280, 0, 0, 129, 146, 413, 1037, 2235, 2139, 1393, 850, 4093, 320, 0, 0
15:39:10, 1277.70, 31.01, 31.53, 30.320, 140, 182, 484, 957, 1596, 1683, 1366, 1001, 4813, 374, 0, 0, 150, 174, 486, 1200, 2474, 2336, 1561, 947, 4751, 371, 0, 0
15:39:11, 1279.20, 31.01, 31.56, 30.320, 157, 212, 558, 1089, 1839, 1900, 1589, 1170, 5563, 433, 0, 0, 126, 141, 397, 999, 2153, 2048, 1315, 797, 3902, 302, 0, 0
15:39:11, 1279.70, 31.01, 31.58, 30.312, 153, 206, 550, 1061, 1963, 2013, 1701, 1271, 6425, 526, 0, 0, 122, 138, 390, 983, 2163, 2034, 1323, 789, 3956, 305, 0, 0
15:39:12, 1276.90, 31.01, 31.60, 30.320, 161, 211, 564, 1084, 1761, 1792, 1515, 1104, 5728, 468, 0, 0, 162, 193, 543, 1309, 2803, 2612, 1792, 1082, 5413, 411, 0, 0
15:39:13, 1278.20, 31.01, 31.58, 30.320, 128, 178, 474, 930, 1580, 1568, 1359, 946, 4918, 400, 0, 0, 133, 159, 440, 1108, 2100, 1976, 1280, 757, 3695, 281, 0, 0
15:39:13, 1277.70, 31.01, 31.60, 30.312, 112, 169, 435, 908, 1515, 1510, 1406, 889, 4149, 315, 0, 0, 112, 128, 363, 926, 1947, 1813, 1171, 675, 2910, 217, 0, 0
15:39:14, 1278.40, 31.01, 31.58, 30.320, 123, 163, 424, 885, 1381, 1461, 1192, 835, 2283, 158, 0, 0, 116, 131, 372, 951, 2020, 1887, 1210, 699, 2765, 206, 0, 0
15:39:15, 1278.60, 31.01, 31.58, 30.320, 117, 159, 414, 856, 1396, 1465, 1207, 833, 2446, 170, 0, 0, 109, 124, 352, 903, 1929, 1798, 1160, 666, 2790, 207, 0, 0
15:39:15, 1277.90, 31.01, 31.56, 30.312, 122, 179, 451, 960, 1561, 1598, 1467, 947, 3908, 285, 0, 0, 105, 118, 336, 862, 1848, 1731, 1116, 644, 2920, 218, 0, 0
15:39:16, 1283.60, 31.01, 31.58, 30.305, 127, 194, 494, 1026, 2169, 2159, 2088, 1383, 6265, 481, 0, 0, 89, 98, 279, 729, 1592, 1506, 957, 552, 2611, 194, 0, 0
15:39:16, 1282.20, 31.01, 31.56, 30.305, 166, 249, 619, 1292, 1696, 1806, 1566, 1082, 3516, 244, 0, 0, 99, 110, 313, 813, 1819, 1705, 1090, 624, 2599, 194, 0, 0
15:39:17, 1281.80, 31.01, 31.55, 30.297, 110, 147, 386, 787, 1233, 1276, 1039, 720, 1875, 130, 0, 0, 115, 130, 367, 941, 2044, 1918, 1233, 714, 2782, 207, 0, 0
15:39:18, 1277.70, 31.01, 31.62, 30.297, 98, 130, 343, 709, 1154, 1196, 964, 657, 1804, 125, 0, 0, 125, 142, 404, 1026, 2185, 2036, 1331, 767, 2983, 222, 0, 0
15:39:18, 1279.00, 31.01, 31.58, 30.297, 101, 141, 365, 782, 1336, 1371, 1202, 777, 3038, 219, 0, 0, 113, 128, 363, 931, 1996, 1870, 1215, 698, 3142, 236, 0, 0
15:39:19, 1277.60, 31.01, 31.56, 30.297, 111, 168, 428, 898, 1475, 1483, 1348, 869, 3783, 281, 0, 0, 112, 126, 359, 919, 2021, 1893, 1237, 712, 3118, 234, 0, 0
15:39:20, 1274.00, 31.01, 31.60, 30.297, 106, 146, 377, 796, 1297, 1369, 1124, 770, 2309, 162, 0, 0, 122, 140, 396, 1005, 2244, 2099, 1370, 796, 3026, 225, 0, 0
15:39:20, 1275.10, 31.01, 31.60, 30.297, 104, 137, 363, 745, 1399, 1453, 1195, 840, 2151, 148, 0, 0, 118, 134, 381, 967, 2139, 2000, 1309, 756, 2982, 222, 0, 0
15:39:21, 1274.10, 31.01, 31.56, 30.297, 113, 161, 409, 851, 1297, 1350, 1154, 774, 2709, 194, 0, 0, 119, 135, 384, 976, 2111, 1973, 1294, 746, 3038, 226, 0, 0
15:39:22, 1275.60, 31.01, 31.56, 30.297, 100, 134, 348, 740, 1283, 1351, 1121, 755, 2404, 169, 0, 0, 122, 140, 399, 1010, 2105, 1968, 1289, 741, 3105, 232, 0, 0
15:39:22, 1277.40, 31.01, 31.56, 30.297, 119, 180, 457, 958, 1651, 1659, 1553, 1004, 4430, 331, 0, 0, 102, 114, 325, 840, 1911, 1800, 1171, 677, 3030, 227, 0, 0
15:39:23, 1271.70, 31.01, 31.62, 30.305, 95, 137, 351, 749, 1178, 1218, 1050, 689, 2561, 186, 0, 0, 131, 151, 427, 1073, 2258, 2113, 1400, 815, 3191, 237, 0, 0
15:39:24, 1273.60, 31.01, 31.64, 30.305, 137, 183, 476, 969, 1512, 1591, 1319, 935, 2456, 169, 0, 0, 118, 134, 379, 964, 2113, 1984, 1300, 755, 2966, 221, 0, 0
15:39:24, 1276.90, 31.01, 31.58, 30.305, 91, 126, 329, 700, 1211, 1252, 1080, 707, 2661, 193, 0, 0, 119, 134, 380, 969, 2145, 2013, 1333, 772, 3186, 238, 0, 0
15:39:25, 1272.30, 31.01, 31.60, 30.289, 100, 137, 353, 756, 1127, 1179, 993, 660, 2255, 161, 0, 0, 134, 154, 435, 1094, 2315, 2170, 1450, 842, 3329, 247, 0, 0
15:39:26, 1274.50, 31.01, 31.58, 30.289, 106, 151, 387, 814, 1435, 1494, 1310, 881, 3121, 223, 0, 0, 112, 127, 359, 916, 1946, 1835, 1206, 700, 2981, 222, 0, 0
15:39:26, 1264.30, 31.01, 31.60, 30.281, 134, 196, 492, 1031, 1389, 1453, 1278, 856, 3065, 220, 0, 0, 122, 140, 396, 999, 2204, 2068, 1380, 807, 3226, 240, 0, 0
15:39:27, 1263.80, 31.01, 31.60, 30.281, 102, 142, 366, 764, 1185, 1228, 1050, 708, 2440, 175, 0, 0, 131, 152, 428, 1067, 2177, 2046, 1368, 804, 3216, 241, 0, 0
15:39:28, 1260.80, 31.01, 31.58, 30.281, 117, 167, 421, 873, 1379, 1455, 1259, 865, 2851, 203, 0, 0, 125, 145, 409, 1022, 2283, 2144, 1443, 851, 3333, 248, 0, 0
15:39:28, 1260.20, 31.01, 31.62, 30.281, 116, 164, 415, 864, 1392, 1454, 1284, 872, 3088, 223, 0, 0, 127, 148, 416, 1034, 2092, 1971, 1316, 780, 3254, 244, 0, 0
15:39:29, 1257.60, 31.01, 31.56, 30.289, 135, 207, 514, 1055, 1610, 1644, 1536, 1025, 4101, 302, 0, 0, 121, 140, 395, 984, 2195, 2068, 1391, 827, 3447, 259, 0, 0
15:39:30, 1256.20, 31.01, 31.60, 30.289, 121, 179, 445, 916, 1411, 1474, 1312, 899, 3172, 229, 0, 0, 131, 153, 430, 1062, 2192, 2063, 1390, 829, 3276, 245, 0, 0
15:39:30, 1257.50, 31.01, 31.60, 30.281, 157, 232, 575, 1173, 1695, 1774, 1609, 1110, 3859, 274, 0, 0, 119, 138, 388, 965, 1945, 1835, 1219, 725, 3051, 229, 0, 0
15:39:31, 1251.30, 31.01, 31.60, 30.281, 121, 178, 446, 908, 1399, 1466, 1284, 894, 2953, 210, 0, 0, 137, 161, 453, 1111, 2484, 2337, 1599, 961, 3524, 262, 0, 0
15:39:32, 1251.20, 31.01, 31.56, 30.281, 129, 178, 451, 900, 1527, 1620, 1382, 1002, 2775, 194, 0, 0, 133, 157, 441, 1084, 2307, 2170, 1471, 882, 3325, 247, 0, 0
15:39:32, 1249.00, 31.01, 31.56, 30.281, 127, 186, 465, 955, 1420, 1470, 1318, 895, 3249, 234, 0, 0, 144, 173, 483, 1174, 2364, 2227, 1519, 918, 3803, 285, 0, 0
15:39:33, 1249.30, 31.01, 31.56, 30.281, 119, 182, 456, 926, 1568, 1572, 1493, 998, 4338, 328, 0, 0, 139, 165, 462, 1125, 2318, 2189, 1494, 908, 3809, 286, 0, 0
15:39:34, 1251.30, 31.01, 31.58, 30.281, 163, 239, 585, 1197, 1791, 1922, 1713, 1225, 3747, 262, 0, 0, 121, 142, 400, 991, 2183, 2055, 1378, 824, 3138, 234, 0, 0
15:39:34, 1249.10, 31.01, 31.56, 30.273, 122, 169, 431, 866, 1335, 1407, 1181, 848, 2294, 161, 0, 0, 155, 186, 521, 1257, 2503, 2360, 1609, 979, 3480, 258, 0, 0
15:39:35, 1247.80, 31.01, 31.58, 30.281, 139, 187, 478, 954, 1529, 1633, 1381, 1010, 2661, 187, 0, 0, 140, 167, 469, 1141, 2278, 2142, 1445, 870, 3280, 243, 0, 0
15:39:36, 1242.40, 31.01, 31.60, 30.281, 101, 147, 371, 768, 1164, 1187, 1057, 703, 2747, 203, 0, 0, 174, 212, 588, 1404, 2712, 2550, 1775, 1081, 4182, 313, 0, 0
15:39:36, 1244.40, 31.01, 31.60, 30.273, 128, 177, 449, 907, 1480, 1568, 1325, 961, 2544, 177, 0, 0, 154, 186, 519, 1248, 2624, 2473, 1696, 1036, 3628, 269, 0, 0
15:39:37, 1240.50, 31.01, 31.62, 30.273, 118, 161, 412, 816, 1249, 1311, 1103, 796, 2070, 146, 0, 0, 177, 217, 602, 1426, 2768, 2608, 1807, 1109, 3831, 284, 0, 0
15:39:38, 1241.80, 31.01, 31.60, 30.273, 145, 204, 509, 1001, 1779, 1905, 1663, 1228, 3394, 236, 0, 0, 137, 164, 460, 1112, 2266, 2135, 1455, 886, 3404, 253, 0, 0
15:39:38, 1234.90, 31.01, 31.56, 30.273, 131, 201, 494, 1005, 1424, 1417, 1345, 897, 4057, 312, 0, 0, 185, 226, 623, 1472, 3062, 2906, 2051, 1299, 5700, 439, 0, 0
15:39:39, 1234.90, 31.01, 31.58, 30.273, 125, 193, 482, 934, 1505, 1480, 1422, 967, 4580, 364, 0, 0, 166, 204, 565, 1338, 2655, 2508, 1754, 1088, 4455, 334, 0, 0
15:39:40, 1239.80, 31.01, 31.60, 30.273, 161, 229, 564, 1119, 1669, 1790, 1546, 1159, 3024, 212, 0, 0, 149, 180, 503, 1207, 2473, 2345, 1608, 990, 3536, 263, 0, 0
15:39:40, 1234.20, 31.01, 31.58, 30.266, 144, 199, 500, 962, 1476, 1563, 1334, 1000, 2435, 170, 0, 0, 165, 200, 556, 1316, 2662, 2520, 1752, 1085, 3784, 281, 0, 0
15:39:41, 1231.90, 31.01, 31.58, 30.266, 160, 234, 574, 1126, 1842, 1955, 1785, 1291, 4151, 296, 0, 0, 146, 178, 493, 1177, 2412, 2287, 1590, 984, 3990, 298, 0, 0
15:39:42, 1228.00, 31.01, 31.58, 30.258, 192, 320, 763, 1460, 2357, 2306, 2429, 1675, 7724, 615, 0, 0, 147, 179, 495, 1179, 2529, 2404, 1679, 1051, 4428, 332, 0, 0
15:39:42, 1223.50, 31.01, 31.60, 30.258, 146, 235, 566, 1097, 1737, 1740, 1718, 1181, 5008, 380, 0, 0, 166, 205, 567, 1330, 2619, 2477, 1742, 1084, 4150, 310, 0, 0
15:39:43, 1225.60, 31.01, 31.60, 30.258, 175, 254, 618, 1177, 1805, 1920, 1682, 1289, 3251, 227, 0, 0, 163, 202, 557, 1307, 2662, 2527, 1771, 1112, 3883, 288, 0, 0
15:39:44, 1224.80, 31.01, 31.58, 30.250, 187, 264, 644, 1224, 1946, 2112, 1886, 1434, 3919, 275, 0, 0, 152, 188, 520, 1225, 2490, 2359, 1654, 1029, 3903, 291, 0, 0
15:39:44, 1222.30, 31.01, 31.56, 30.258, 189, 306, 719, 1399, 2065, 2111, 2077, 1471, 5702, 418, 0, 0, 155, 193, 532, 1250, 2511, 2385, 1681, 1055, 4196, 313, 0, 0
15:39:45, 1222.60, 31.01, 31.60, 30.258, 203, 331, 770, 1503, 2295, 2411, 2407, 1708, 6174, 440, 0, 0, 145, 180, 495, 1164, 2363, 2247, 1577, 991, 3812, 285, 0, 0
15:39:46, 1218.50, 31.01, 31.60, 30.250, 235, 337, 803, 1512, 2069, 2242, 1978, 1548, 3881, 271, 0, 0, 163, 203, 558, 1302, 2736, 2599, 1838, 1159, 4023, 299, 0, 0
15:39:46, 1215.80, 31.01, 31.62, 30.258, 156, 228, 554, 1059, 1603, 1689, 1521, 1120, 3371, 239, 0, 0, 186, 236, 645, 1484, 2915, 2764, 1997, 1268, 4710, 352, 0, 0
15:39:47, 1216.70, 31.01, 31.60, 30.258, 172, 281, 659, 1261, 2063, 2110, 2102, 1492, 5785, 425, 0, 0, 163, 206, 564, 1306, 2591, 2461, 1754, 1111, 4269, 318, 0, 0
15:39:48, 1215.80, 31.01, 31.64, 30.258, 200, 315, 739, 1432, 2121, 2228, 2120, 1566, 5141, 364, 0, 0, 156, 196, 538, 1253, 2499, 2372, 1678, 1057, 3965, 295, 0, 0
15:39:48, 1212.20, 31.01, 31.62, 30.266, 176, 273, 640, 1220, 1851, 1966, 1830, 1366, 4260, 303, 0, 0, 172, 218, 597, 1370, 2749, 2612, 1881, 1206, 4268, 317, 0, 0
15:39:49, 1211.90, 31.01, 31.62, 30.266, 216, 320, 744, 1426, 2187, 2377, 2260, 1687, 5181, 363, 0, 0, 166, 212, 579, 1332, 2626, 2495, 1786, 1139, 4285, 319, 0, 0
15:39:50, 1205.90, 31.01, 31.62, 30.258, 194, 319, 744, 1411, 1984, 2015, 1993, 1424, 5542, 409, 0, 0, 186, 240, 651, 1479, 2943, 2796, 2040, 1320, 4976, 373, 0, 0
15:39:50, 1205.90, 31.01, 31.58, 30.258, 175, 278, 642, 1222, 1929, 2052, 1940, 1450, 4628, 329, 0, 0, 180, 232, 630, 1429, 2926, 2781, 2028, 1317, 4524, 337, 0, 0
15:39:51, 1204.60, 31.01, 31.62, 30.258, 215, 310, 727, 1342, 2061, 2234, 2006, 1589, 3890, 271, 0, 0, 194, 252, 683, 1537, 3004, 2853, 2074, 1341, 4529, 336, 0, 0
15:39:52, 1199.00, 31.02, 31.56, 30.258, 185, 290, 680, 1274, 1877, 1949, 1850, 1359, 4615, 332, 0, 0, 194, 253, 686, 1542, 3095, 2941, 2168, 1416, 5238, 392, 0, 0
15:39:52, 1197.00, 31.02, 31.58, 30.258, 177, 293, 668, 1257, 1867, 1901, 1913, 1364, 5299, 395, 0, 0, 215, 287, 767, 1692, 3094, 2938, 2171, 1426, 5119, 382, 0, 0
15:39:53, 1197.50, 31.02, 31.60, 30.258, 218, 343, 789, 1457, 2144, 2264, 2104, 1627, 4633, 325, 0, 0, 202, 266, 716, 1594, 3161, 3001, 2210, 1445, 4843, 359, 0, 0
15:39:54, 1196.00, 31.02, 31.56, 30.266, 213, 320, 741, 1345, 1917, 2060, 1867, 1468, 3957, 281, 0, 0, 215, 285, 766, 1694, 3256, 3096, 2297, 1518, 5108, 380, 0, 0
15:39:54, 1196.70, 31.02, 31.56, 30.266, 263, 408, 918, 1717, 2959, 3149, 3111, 2403, 7536, 525, 0, 0, 180, 235, 636, 1429, 2832, 2697, 1970, 1289, 4846, 361, 0, 0
15:39:55, 1190.80, 31.02, 31.58, 30.273, 212, 357, 807, 1497, 1989, 1998, 2015, 1445, 5749, 428, 0, 0, 237, 320, 847, 1853, 3673, 3493, 2634, 1755, 6488, 488, 0, 0
15:39:56, 1196.10, 31.02, 31.60, 30.266, 197, 322, 724, 1346, 1960, 2050, 1991, 1480, 4999, 363, 0, 0, 220, 293, 785, 1736, 3257, 3097, 2294, 1507, 5203, 388, 0, 0
15:39:56, 1194.10, 31.02, 31.60, 30.266, 217, 332, 760, 1383, 1949, 2073, 1893, 1479, 4005, 282, 0, 0, 221, 294, 787, 1743, 3395, 3223, 2382, 1564, 5180, 384, 0, 0
15:39:57, 1190.60, 31.02, 31.62, 30.266, 217, 326, 759, 1380, 2105, 2264, 2055, 1610, 4366, 309, 0, 0, 217, 289, 773, 1709, 3342, 3164, 2334, 1531, 5245, 389, 0, 0
15:39:58, 1191.00, 31.02, 31.58, 30.273, 220, 366, 816, 1508, 1891, 1889, 1905, 1375, 5551, 414, 0, 0, 243, 326, 862, 1894, 3574, 3401, 2527, 1682, 6654, 504, 0, 0
15:39:58, 1191.70, 31.02, 31.58, 30.273, 204, 348, 783, 1413, 2071, 2083, 2117, 1526, 6096, 455, 0, 0, 225, 300, 803, 1775, 3359, 3178, 2338, 1530, 5301, 394, 0, 0
15:39:59, 1191.90, 31.03, 31.60, 30.273, 203, 303, 715, 1263, 1839, 1912, 1706, 1358, 3036, 211, 0, 0, 248, 334, 885, 1937, 3736, 3559, 2620, 1749, 5488, 406, 0, 0
15:40:00, 1191.80, 31.03, 31.62, 30.281, 168, 248, 588, 1045, 1664, 1743, 1540, 1217, 2851, 200, 0, 0, 234, 313, 834, 1838, 3409, 3222, 2357, 1541, 5158, 381, 0, 0
15:40:00, 1190.00, 31.03, 31.60, 30.281, 210, 339, 765, 1409, 2098, 2159, 2125, 1567, 5603, 404, 0, 0, 230, 307, 821, 1814, 3621, 3429, 2548, 1687, 6442, 484, 0, 0
15:40:01, 1190.00, 31.03, 31.58, 30.281, 194, 328, 742, 1356, 2032, 2019, 2072, 1475, 6227, 469, 0, 0, 226, 304, 806, 1778, 3354, 3166, 2327, 1529, 5715, 428, 0, 0
15:40:02, 1193.10, 31.03, 31.60, 30.289, 238, 376, 845, 1533, 2168, 2312, 2128, 1677, 4590, 322, 0, 0, 208, 276, 741, 1648, 3209, 3028, 2188, 1426, 4874, 360, 0, 0
15:40:02, 1191.40, 31.03, 31.60, 30.289, 245, 374, 850, 1515, 2134, 2285, 2100, 1655, 4620, 327, 0, 0, 209, 278, 745, 1658, 3179, 2995, 2178, 1424, 5131, 381, 0, 0
15:40:03, 1189.90, 31.03, 31.62, 30.289, 288, 470, 1023, 1914, 2534, 2681, 2682, 1998, 6764, 479, 0, 0, 205, 275, 735, 1630, 3085, 2903, 2098, 1368, 5065, 376, 0, 0
15:40:03, 1187.60, 31.03, 31.58, 30.289, 239, 403, 892, 1621, 2117, 2158, 2147, 1585, 5886, 430, 0, 0, 213, 285, 762, 1691, 3390, 3189, 2332, 1522, 5649, 420, 0, 0
15:40:04, 1187.20, 31.03, 31.60, 30.289, 193, 312, 703, 1275, 1887, 1982, 1856, 1418, 4390, 315, 0, 0, 233, 315, 837, 1835, 3430, 3228, 2364, 1556, 5385, 401, 0, 0
15:40:05, 1184.90, 31.04, 31.58, 30.289, 219, 342, 767, 1390, 1939, 2047, 1915, 1470, 4444, 313, 0, 0, 231, 313, 831, 1823, 3508, 3293, 2419, 1588, 5546, 411, 0, 0
15:40:05, 1185.00, 31.04, 31.62, 30.297, 200, 325, 730, 1317, 1997, 2071, 1973, 1496, 4866, 349, 0, 0, 223, 303, 803, 1760, 3343, 3137, 2290, 1507, 5437, 404, 0, 0
15:40:06, 1183.40, 31.04, 31.62, 30.297, 256, 424, 924, 1673, 2375, 2487, 2515, 1883, 6540, 476, 0, 0, 216, 292, 776, 1712, 3345, 3139, 2285, 1499, 5567, 415, 0, 0
15:40:07, 1182.80, 31.04, 31.64, 30.297, 249, 422, 916, 1646, 2561, 2635, 2697, 2023, 7274, 525, 0, 0, 214, 291, 772, 1695, 3282, 3085, 2252, 1492, 5560, 413, 0, 0
15:40:07, 1182.10, 31.04, 31.62, 30.297, 247, 412, 901, 1627, 2266, 2368, 2323, 1763, 5929, 425, 0, 0, 220, 300, 793, 1735, 3224, 3021, 2181, 1432, 5195, 385, 0, 0
15:40:08, 1179.40, 31.04, 31.64, 30.297, 310, 483, 1048, 1866, 2533, 2761, 2605, 2100, 5835, 409, 0, 0, 219, 297, 788, 1735, 3428, 3214, 2337, 1537, 5432, 402, 0, 0
15:40:09, 1174.70, 31.05, 31.60, 30.297, 261, 428, 925, 1653, 2307, 2401, 2398, 1812, 6165, 443, 0, 0, 246, 339, 890, 1928, 3641, 3415, 2517, 1674, 6233, 465, 0, 0
15:40:09, 1176.10, 31.05, 31.56, 30.297, 241, 413, 897, 1591, 2318, 2369, 2383, 1798, 6454, 469, 0, 0, 223, 307, 808, 1759, 3281, 3075, 2227, 1477, 5334, 394, 0, 0
15:40:10, 1173.80, 31.05, 31.60, 30.305, 288, 440, 968, 1672, 2017, 2140, 1966, 1585, 4191, 296, 0, 0, 268, 372, 974, 2089, 3966, 3714, 2760, 1843, 6206, 459, 0, 0
15:40:11, 1169.50, 31.05, 31.66, 30.305, 253, 416, 898, 1584, 2374, 2483, 2453, 1891, 6230, 449, 0, 0, 252, 351, 919, 1979, 3804, 3563, 2641, 1765, 6368, 473, 0, 0
15:40:11, 1171.10, 31.05, 31.62, 30.305, 248, 424, 916, 1633, 2171, 2168, 2228, 1641, 6486, 478, 0, 0, 279, 393, 1016, 2164, 4040, 3799, 2833, 1919, 7454, 560, 0, 0
15:40:12, 1170.00, 31.05, 31.60, 30.305, 206, 359, 779, 1360, 1878, 1871, 1883, 1394, 5525, 410, 0, 0, 271, 380, 990, 2113, 3996, 3741, 2794, 1875, 6449, 476, 0, 0
15:40:13, 1174.70, 31.05, 31.64, 30.305, 216, 332, 747, 1257, 1823, 1880, 1704, 1385, 3085, 215, 0, 0, 292, 410, 1065, 2259, 4019, 3781, 2772, 1871, 6009, 442, 0, 0
15:40:13, 1175.00, 31.06, 31.64, 30.305, 290, 440, 981, 1663, 2367, 2525, 2308, 1883, 4697, 327, 0, 0, 241, 332, 876, 1901, 3492, 3266, 2373, 1569, 5661, 418, 0, 0
15:40:14, 1177.00, 31.06, 31.62, 30.305, 232, 396, 859, 1517, 2429, 2448, 2558, 1889, 7347, 540, 0, 0, 219, 302, 793, 1729, 3254, 3048, 2203, 1463, 5524, 406, 0, 0
15:40:15, 1174.70, 31.06, 31.62, 30.312, 357, 597, 1257, 2260, 2553, 2705, 2642, 2072, 6377, 445, 0, 0, 254, 352, 924, 1992, 3831, 3578, 2632, 1745, 6079, 451, 0, 0
15:40:15, 1172.60, 31.06, 31.64, 30.312, 251, 405, 888, 1557, 2342, 2488, 2344, 1856, 5427, 383, 0, 0, 233, 320, 845, 1837, 3504, 3277, 2377, 1574, 5584, 412, 0, 0
15:40:16, 1171.50, 31.06, 31.62, 30.312, 233, 380, 827, 1454, 2030, 2109, 2045, 1572, 5139, 370, 0, 0, 273, 384, 999, 2124, 3787, 3543, 2618, 1758, 6412, 475, 0, 0
15:40:17, 1165.30, 31.06, 31.64, 30.312, 257, 446, 951, 1675, 2225, 2237, 2309, 1706, 6660, 492, 0, 0, 273, 386, 1001, 2129, 4136, 3871, 2898, 1964, 7329, 546, 0, 0
15:40:17, 1168.30, 31.06, 31.60, 30.312, 203, 349, 757, 1328, 2000, 2004, 2024, 1512, 5810, 426, 0, 0, 270, 382, 990, 2108, 3961, 3707, 2759, 1859, 6837, 509, 0, 0
15:40:18, 1168.30, 31.06, 31.60, 30.312, 234, 396, 840, 1465, 1988, 2066, 2021, 1565, 5111, 369, 0, 0, 280, 396, 1026, 2176, 3927, 3673, 2727, 1837, 6297, 466, 0, 0
15:40:19, 1166.70, 31.06, 31.58, 30.320, 271, 426, 929, 1609, 2129, 2251, 2092, 1679, 4618, 324, 0, 0, 272, 382, 996, 2122, 3944, 3682, 2722, 1825, 6209, 459, 0, 0
15:40:19, 1168.50, 31.07, 31.60, 30.320, 311, 523, 1099, 1930, 2769, 2828, 3036, 2257, 8641, 630, 0, 0, 245, 343, 892, 1913, 3810, 3569, 2643, 1785, 6857, 510, 0, 0
15:40:20, 1167.90, 31.07, 31.66, 30.312, 261, 460, 969, 1670, 2245, 2207, 2371, 1734, 7362, 562, 0, 0, 272, 384, 994, 2113, 3705, 3470, 2560, 1723, 6503, 483, 0, 0
15:40:21, 1164.30, 31.07, 31.64, 30.320, 268, 444, 955, 1659, 2116, 2214, 2078, 1654, 4658, 327, 0, 0, 276, 391, 1014, 2149, 4081, 3815, 2819, 1904, 6204, 456, 0, 0
15:40:21, 1171.90, 31.07, 31.64, 30.320, 221, 350, 773, 1291, 1944, 2040, 1869, 1528, 3943, 277, 0, 0, 259, 363, 946, 2023, 3510, 3285, 2394, 1595, 5687, 420, 0, 0
15:40:22, 1168.90, 31.07, 31.60, 30.320, 401, 715, 1479, 2647, 2902, 2963, 3186, 2362, 8968, 656, 0, 0, 249, 346, 905, 1949, 3763, 3525, 2607, 1745, 6409, 477, 0, 0
15:40:23, 1169.50, 31.07, 31.64, 30.320, 198, 327, 717, 1258, 1847, 1915, 1802, 1405, 4348, 309, 0, 0, 283, 400, 1038, 2199, 3862, 3619, 2679, 1802, 6088, 448, 0, 0
15:40:23, 1171.90, 31.07, 31.62, 30.320, 311, 480, 1030, 1782, 2584, 2833, 2695, 2186, 6106, 431, 0, 0, 235, 325, 852, 1846, 3618, 3390, 2489, 1661, 6035, 448, 0, 0
15:40:24, 1180.90, 31.07, 31.66, 30.320, 260, 454, 972, 1706, 3019, 2993, 3251, 2397, 9976, 746, 0, 0, 196, 266, 705, 1559, 2904, 2739, 1951, 1287, 5266, 385, 0, 0
15:40:25, 1183.10, 31.07, 31.62, 30.320, 513, 960, 2011, 3435, 4536, 4811, 5247, 4117, 13889, 946, 0, 0, 202, 273, 724, 1599, 3251, 3051, 2198, 1447, 5175, 384, 0, 0
15:40:25, 1182.00, 31.07, 31.66, 30.328, 281, 427, 954, 1617, 2321, 2453, 2227, 1858, 4204, 292, 0, 0, 237, 323, 853, 1868, 3674, 3457, 2497, 1654, 5517, 407, 0, 0
15:40:26, 1187.10, 31.08, 31.60, 30.328, 292, 437, 984, 1624, 2659, 2868, 2558, 2230, 4601, 321, 0, 0, 222, 298, 794, 1755, 3374, 3174, 2276, 1491, 5175, 383, 0, 0
15:40:27, 1186.20, 31.08, 31.62, 30.328, 376, 592, 1296, 2285, 3410, 3720, 3749, 2860, 8902, 613, 0, 0, 199, 267, 712, 1591, 3217, 3021, 2173, 1416, 5526, 410, 0, 0
15:40:27, 1184.90, 31.08, 31.62, 30.328, 297, 531, 1146, 1993, 2674, 2629, 2809, 2063, 8812, 665, 0, 0, 216, 292, 775, 1712, 3350, 3154, 2292, 1513, 5899, 436, 0, 0
15:40:28, 1189.30, 31.08, 31.64, 30.328, 430, 792, 1659, 3018, 6889, 7241, 7710, 6770, 22372, 1654, 0, 0, 184, 245, 656, 1469, 2935, 2773, 1988, 1302, 4962, 367, 0, 0
15:40:29, 1192.00, 31.08, 31.60, 30.328, 352, 551, 1225, 2128, 2808, 3017, 2763, 2287, 5771, 394, 0, 0, 196, 259, 695, 1563, 2968, 2805, 2001, 1303, 4750, 352, 0, 0
15:40:29, 1186.20, 31.08, 31.64, 30.320, 398, 587, 1283, 2283, 2974, 3324, 3180, 2534, 7054, 483, 0, 0, 205, 273, 731, 1632, 3272, 3087, 2247, 1477, 5469, 406, 0, 0
15:40:30, 1177.60, 31.08, 31.62, 30.320, 252, 435, 947, 1703, 2265, 2268, 2326, 1711, 6741, 503, 0, 0, 243, 333, 876, 1906, 3653, 3439, 2543, 1691, 6314, 471, 0, 0
15:40:31, 1175.50, 31.08, 31.62, 30.320, 237, 389, 850, 1504, 1996, 2098, 1976, 1548, 4685, 335, 0, 0, 256, 352, 923, 1999, 3794, 3573, 2652, 1770, 5996, 444, 0, 0
15:40:31, 1169.30, 31.08, 31.62, 30.312, 235, 364, 799, 1399, 2046, 2188, 2032, 1637, 4472, 318, 0, 0, 274, 382, 997, 2135, 4057, 3818, 2871, 1932, 6547, 486, 0, 0
15:40:32, 1169.90, 31.08, 31.64, 30.312, 245, 407, 877, 1537, 2320, 2420, 2386, 1855, 6076, 436, 0, 0, 253, 352, 916, 1964, 3514, 3313, 2454, 1650, 6016, 446, 0, 0
15:40:33, 1164.20, 31.08, 31.62, 30.312, 302, 517, 1083, 1912, 2429, 2496, 2587, 1955, 7063, 516, 0, 0, 262, 365, 949, 2031, 3942, 3713, 2793, 1890, 6768, 503, 0, 0
15:40:33, 1163.40, 31.08, 31.66, 30.312, 228, 385, 814, 1419, 2026, 2097, 2078, 1619, 5368, 388, 0, 0, 274, 384, 994, 2112, 3790, 3571, 2672, 1812, 6256, 465, 0, 0
15:40:34, 1164.20, 31.08, 31.62, 30.312, 403, 639, 1332, 2317, 2958, 3214, 3140, 2560, 7342, 514, 0, 0, 242, 337, 877, 1883, 3493, 3292, 2434, 1637, 5892, 437, 0, 0
15:40:35, 1159.90, 31.08, 31.66, 30.312, 304, 529, 1093, 1902, 2435, 2463, 2592, 1969, 7388, 544, 0, 0, 267, 375, 969, 2061, 3884, 3659, 2752, 1871, 6731, 500, 0, 0
15:40:35, 1158.80, 31.08, 31.66, 30.320, 281, 469, 975, 1680, 2308, 2444, 2406, 1921, 5895, 425, 0, 0, 282, 400, 1028, 2163, 4034, 3797, 2869, 1961, 6678, 498, 0, 0
15:40:36, 1158.60, 31.08, 31.56, 30.320, 331, 552, 1148, 1971, 2680, 2816, 2843, 2263, 7324, 526, 0, 0, 254, 357, 923, 1965, 3694, 3478, 2594, 1757, 6298, 468, 0, 0
15:40:37, 1153.50, 31.09, 31.64, 30.320, 312, 526, 1078, 1855, 2431, 2560, 2588, 2041, 6603, 477, 0, 0, 278, 395, 1015, 2139, 4121, 3875, 2938, 2014, 6845, 508, 0, 0
15:40:37, 1155.20, 31.09, 31.58, 30.328, 268, 435, 913, 1544, 2353, 2510, 2419, 1984, 5641, 401, 0, 0, 266, 378, 968, 2041, 3688, 3470, 2583, 1757, 6207, 462, 0, 0
15:40:38, 1154.80, 31.09, 31.62, 30.328, 310, 532, 1091, 1857, 2228, 2299, 2293, 1813, 6041, 432, 0, 0, 289, 414, 1057, 2213, 3872, 3639, 2732, 1867, 6522, 483, 0, 0
15:40:39, 1147.50, 31.09, 31.64, 30.328, 277, 455, 946, 1607, 2178, 2305, 2235, 1814, 5296, 378, 0, 0, 319, 462, 1171, 2415, 4574, 4293, 3299, 2292, 7516, 558, 0, 0
15:40:39, 1151.40, 31.09, 31.66, 30.328, 290, 497, 1016, 1726, 2633, 2693, 2826, 2202, 7951, 579, 0, 0, 282, 405, 1033, 2158, 3992, 3754, 2828, 1937, 7087, 529, 0, 0
15:40:40, 1148.00, 31.09, 31.66, 30.336, 279, 479, 984, 1657, 2149, 2236, 2203, 1766, 5571, 398, 0, 0, 309, 446, 1136, 2350, 4345, 4081, 3109, 2153, 7078, 522, 0, 0
15:40:41, 1147.20, 31.10, 31.64, 30.336, 263, 418, 879, 1456, 2128, 2270, 2137, 1784, 4651, 331, 0, 0, 333, 486, 1226, 2510, 4479, 4211, 3223, 2246, 7275, 538, 0, 0
15:40:41, 1148.90, 31.10, 31.62, 30.328, 342, 570, 1168, 1952, 2606, 2722, 2756, 2212, 7146, 515, 0, 0, 278, 401, 1020, 2130, 3912, 3673, 2759, 1893, 6913, 512, 0, 0
15:40:42, 1144.10, 31.10, 31.66, 30.328, 294, 520, 1050, 1768, 2335, 2328, 2492, 1905, 7527, 561, 0, 0, 329, 482, 1210, 2482, 4578, 4307, 3322, 2328, 8206, 612, 0, 0
15:40:43, 1145.40, 31.10, 31.66, 30.336, 340, 558, 1125, 1880, 2308, 2468, 2354, 1989, 5294, 374, 0, 0, 311, 452, 1141, 2353, 4421, 4163, 3163, 2208, 6991, 515, 0, 0
15:40:43, 1144.20, 31.10, 31.62, 30.336, 290, 460, 973, 1546, 2210, 2312, 2161, 1854, 4195, 293, 0, 0, 332, 484, 1217, 2493, 4484, 4219, 3208, 2242, 7109, 523, 0, 0
15:40:44, 1142.20, 31.10, 31.66, 30.336, 343, 571, 1154, 1923, 2889, 3000, 3209, 2515, 8796, 636, 0, 0, 290, 421, 1063, 2204, 4334, 4082, 3124, 2193, 8192, 609, 0, 0
15:40:45, 1139.60, 31.10, 31.64, 30.344, 274, 487, 981, 1580, 2089, 2025, 2181, 1684, 7241, 561, 0, 0, 365, 541, 1338, 2705, 4413, 4150, 3184, 2239, 8182, 607, 0, 0
15:40:45, 1136.50, 31.10, 31.64, 30.336, 315, 538, 1086, 1810, 2473, 2618, 2572, 2135, 6202, 441, 0, 0, 326, 480, 1202, 2450, 4613, 4330, 3323, 2330, 7493, 552, 0, 0
15:40:46, 1134.90, 31.10, 31.66, 30.336, 251, 417, 850, 1390, 1934, 2004, 1984, 1621, 4997, 364, 0, 0, 379, 568, 1402, 2808, 4896, 4594, 3579, 2530, 8402, 625, 0, 0
15:40:47, 1134.80, 31.11, 31.62, 30.328, 364, 606, 1201, 1979, 2850, 3082, 3057, 2580, 7367, 521, 0, 0, 319, 470, 1175, 2400, 4389, 4113, 3135, 2187, 7363, 544, 0, 0
15:40:47, 1134.10, 31.10, 31.64, 30.336, 286, 490, 986, 1623, 1873, 1888, 1903, 1510, 5273, 382, 0, 0, 418, 629, 1543, 3068, 5287, 4964, 3889, 2755, 9831, 740, 0, 0
15:40:48, 1131.60, 31.11, 31.64, 30.336, 292, 511, 1011, 1672, 2211, 2267, 2351, 1861, 6480, 474, 0, 0, 363, 542, 1339, 2683, 4915, 4603, 3577, 2525, 8470, 629, 0, 0
15:40:48, 1129.00, 31.11, 31.64, 30.344, 239, 406, 818, 1346, 1987, 2031, 2054, 1651, 5525, 402, 0, 0, 384, 579, 1423, 2839, 5159, 4826, 3768, 2654, 9085, 677, 0, 0
15:40:49, 1133.30, 31.11, 31.62, 30.352, 258, 440, 886, 1418, 1938, 1998, 1919, 1602, 4392, 310, 0, 0, 386, 580, 1431, 2853, 4911, 4604, 3540, 2496, 7820, 573, 0, 0
15:40:50, 1130.70, 31.11, 31.64, 30.352, 295, 465, 955, 1496, 2017, 2139, 2009, 1736, 4252, 309, 0, 0, 391, 591, 1452, 2882, 5001, 4678, 3603, 2534, 8074, 595, 0, 0
15:40:50, 1124.30, 31.12, 31.64, 30.352, 374, 640, 1262, 2036, 2495, 2556, 2619, 2139, 6976, 497, 0, 0, 366, 551, 1355, 2706, 4983, 4657, 3606, 2544, 8967, 665, 0, 0
15:40:51, 1119.60, 31.12, 31.66, 30.359, 277, 486, 947, 1502, 2073, 2111, 2167, 1773, 6037, 437, 0, 0, 402, 616, 1499, 2947, 5436, 5085, 4007, 2879, 9434, 698, 0, 0
15:40:52, 1116.90, 31.12, 31.64, 30.359, 339, 553, 1063, 1704, 2214, 2342, 2366, 1984, 6029, 442, 0, 0, 423, 651, 1577, 3081, 5295, 4948, 3876, 2771, 9268, 688, 0, 0
15:40:52, 1113.70, 31.12, 31.66, 30.359, 303, 531, 1023, 1593, 1902, 1935, 1925, 1622, 4729, 337, 0, 0, 494, 773, 1836, 3499, 6048, 5677, 4531, 3328, 9718, 708, 0, 0
15:40:53, 1110.90, 31.12, 31.68, 30.359, 272, 438, 878, 1334, 1744, 1796, 1718, 1499, 3574, 254, 0, 0, 536, 837, 1977, 3734, 6255, 5891, 4720, 3495, 10035, 735, 0, 0
15:40:54, 1105.10, 31.13, 31.66, 30.359, 313, 504, 976, 1495, 2078, 2169, 2153, 1866, 5060, 361, 0, 0, 470, 731, 1744, 3343, 5715, 5342, 4282, 3137, 10036, 742, 0, 0
15:40:54, 1102.40, 31.13, 31.66, 30.352, 318, 549, 1039, 1572, 1861, 1898, 1884, 1619, 4435, 315, 0, 0, 562, 894, 2083, 3877, 6432, 6045, 4902, 3676, 10611, 772, 0, 0
15:40:55, 1103.30, 31.13, 31.66, 30.352, 298, 476, 926, 1422, 1874, 1959, 1923, 1672, 4571, 334, 0, 0, 531, 839, 1959, 3674, 6046, 5672, 4596, 3425, 10695, 796, 0, 0
15:40:56, 1103.70, 31.13, 31.62, 30.359, 346, 598, 1112, 1720, 2286, 2331, 2468, 2072, 6903, 513, 0, 0, 489, 765, 1808, 3433, 6052, 5675, 4575, 3374, 10571, 781, 0, 0
15:40:56, 1104.90, 31.13, 31.68, 30.359, 321, 548, 1044, 1591, 2026, 2076, 2089, 1790, 5331, 383, 0, 0, 452, 703, 1679, 3218, 5792, 5451, 4420, 3281, 10612, 787, 0, 0
15:40:57, 1101.90, 31.13, 31.66, 30.359, 323, 565, 1044, 1626, 2142, 2145, 2354, 1926, 7155, 549, 0, 0, 519, 820, 1913, 3596, 5978, 5631, 4592, 3437, 11101, 829, 0, 0
15:40:58, 1108.40, 31.13, 31.64, 30.352, 390, 663, 1238, 1889, 2315, 2407, 2426, 2116, 5903, 422, 0, 0, 452, 701, 1667, 3190, 5343, 5031, 4005, 2935, 9071, 669, 0, 0
15:40:58, 1108.30, 31.13, 31.66, 30.352, 345, 559, 1076, 1610, 2027, 2118, 2061, 1839, 4569, 330, 0, 0, 477, 741, 1765, 3374, 5860, 5535, 4464, 3310, 9779, 718, 0, 0
15:40:59, 1103.70, 31.13, 31.66, 30.352, 438, 712, 1319, 2059, 2527, 2664, 2792, 2378, 7359, 545, 0, 0, 480, 751, 1777, 3378, 5789, 5467, 4446, 3321, 11058, 824, 0, 0
15:41:00, 1102.90, 31.13, 31.68, 30.344, 375, 673, 1250, 1897, 2484, 2452, 2702, 2223, 8679, 662, 0, 0, 443, 691, 1633, 3119, 5254, 4954, 3971, 2937, 9899, 736, 0, 0
15:41:00, 1103.00, 31.14, 31.66, 30.344, 444, 736, 1338, 2070, 2748, 2989, 3040, 2736, 7466, 570, 0, 0, 438, 684, 1619, 3084, 5341, 5048, 4048, 3017, 9300, 684, 0, 0
15:41:01, 1101.50, 31.14, 31.64, 30.344, 553, 887, 1626, 2451, 2737, 2917, 2971, 2639, 7352, 532, 0, 0, 461, 718, 1701, 3234, 5626, 5307, 4290, 3185, 10218, 759, 0, 0
15:41:02, 1097.70, 31.14, 31.68, 30.344, 366, 647, 1193, 1821, 2420, 2431, 2643, 2199, 7996, 604, 0, 0, 501, 790, 1847, 3474, 5865, 5546, 4552, 3439, 11082, 824, 0, 0
15:41:02, 1097.20, 31.14, 31.66, 30.352, 421, 696, 1277, 1947, 2165, 2262, 2285, 2019, 5674, 416, 0, 0, 532, 842, 1953, 3634, 6147, 5818, 4786, 3631, 10801, 799, 0, 0
15:41:03, 1098.60, 31.14, 31.66, 30.352, 335, 564, 1043, 1581, 2093, 2146, 2246, 1924, 6167, 456, 0, 0, 512, 806, 1876, 3511, 5778, 5470, 4481, 3380, 11048, 825, 0, 0
15:41:04, 1093.80, 31.14, 31.66, 30.344, 497, 874, 1561, 2393, 2815, 2838, 3196, 2671, 9850, 765, 0, 0, 467, 730, 1715, 3247, 5856, 5536, 4527, 3401, 11086, 826, 0, 0
15:41:04, 1095.60, 31.14, 31.64, 30.352, 391, 669, 1197, 1819, 2249, 2310, 2490, 2119, 7080, 543, 0, 0, 508, 802, 1865, 3490, 5769, 5457, 4466, 3365, 10870, 811, 0, 0
15:41:05, 1093.40, 31.14, 31.71, 30.352, 385, 664, 1203, 1827, 2140, 2186, 2307, 1976, 6494, 484, 0, 0, 531, 841, 1945, 3614, 6153, 5816, 4800, 3631, 11235, 837, 0, 0
15:41:06, 1091.00, 31.15, 31.66, 30.344, 309, 523, 966, 1450, 1833, 1879, 1928, 1682, 5093, 376, 0, 0, 577, 919, 2107, 3871, 6480, 6128, 5091, 3873, 11782, 876, 0, 0
15:41:06, 1089.00, 31.15, 31.68, 30.352, 432, 711, 1270, 1885, 2714, 2929, 2998, 2716, 7588, 568, 0, 0, 475, 746, 1746, 3288, 5471, 5171, 4176, 3134, 9852, 728, 0, 0
15:41:07, 1084.90, 31.15, 31.68, 30.352, 524, 868, 1539, 2279, 2163, 2240, 2327, 2047, 6205, 462, 0, 0, 636, 1028, 2327, 4213, 7216, 6819, 5759, 4430, 13281, 991, 0, 0
15:41:08, 1085.40, 31.15, 31.66, 30.336, 304, 507, 934, 1384, 1793, 1852, 1863, 1666, 4521, 333, 0, 0, 616, 991, 2241, 4069, 6895, 6535, 5452, 4198, 11882, 874, 0, 0
15:41:08, 1082.70, 31.15, 31.66, 30.352, 301, 493, 904, 1316, 1757, 1819, 1830, 1662, 4332, 322, 0, 0, 625, 1007, 2292, 4166, 6651, 6285, 5229, 4001, 11859, 879, 0, 0
15:41:09, 1082.20, 31.16, 31.68, 30.352, 529, 885, 1530, 2267, 3446, 3681, 4131, 3618, 11669, 943, 0, 0, 471, 751, 1730, 3203, 5462, 5185, 4261, 3282, 10700, 790, 0, 0
15:41:10, 1075.40, 31.15, 31.70, 30.344, 653, 1119, 1867, 2848, 2457, 2477, 2775, 2391, 8734, 698, 0, 0, 623, 1010, 2250, 4048, 6968, 6607, 5615, 4402, 13767, 1038, 0, 0
15:41:10, 1075.60, 31.16, 31.71, 30.344, 305, 516, 910, 1332, 1676, 1716, 1791, 1607, 4916, 379, 0, 0, 685, 1113, 2480, 4419, 6990, 6648, 5637, 4409, 12661, 939, 0, 0
15:41:11, 1075.00, 31.16, 31.68, 30.344, 437, 697, 1221, 1699, 2197, 2312, 2337, 2228, 5304, 399, 0, 0, 616, 997, 2230, 4004, 6395, 6088, 5098, 3986, 11488, 848, 0, 0
15:41:12, 1071.20, 31.16, 31.68, 30.336, 606, 995, 1681, 2434, 2749, 2851, 3178, 2824, 9460, 766, 0, 0, 574, 928, 2079, 3753, 6293, 5976, 5037, 3964, 12728, 952, 0, 0
15:41:12, 1069.40, 31.16, 31.68, 30.336, 474, 827, 1381, 1991, 2151, 2131, 2449, 2122, 8294, 711, 0, 0, 632, 1027, 2266, 4041, 6516, 6187, 5242, 4132, 13159, 992, 0, 0
15:41:13, 1067.30, 31.17, 31.71, 30.344, 514, 858, 1428, 2032, 2472, 2616, 2771, 2600, 7417, 590, 0, 0, 625, 1012, 2252, 4017, 6771, 6445, 5462, 4314, 12256, 906, 0, 0
15:41:14, 1068.30, 31.17, 31.70, 30.336, 415, 674, 1158, 1607, 2002, 2096, 2168, 2058, 5325, 413, 0, 0, 656, 1065, 2352, 4167, 6558, 6242, 5283, 4187, 12268, 914, 0, 0
15:41:14, 1064.90, 31.17, 31.70, 30.336, 500, 830, 1382, 1976, 2400, 2488, 2754, 2489, 8103, 665, 0, 0, 614, 998, 2200, 3913, 6437, 6113, 5188, 4117, 13070, 985, 0, 0
15:41:15, 1062.40, 31.17, 31.66, 30.336, 503, 876, 1432, 2028, 2426, 2413, 2808, 2483, 9615, 836, 0, 0, 638, 1043, 2286, 4049, 6565, 6230, 5280, 4170, 13143, 993, 0, 0
15:41:16, 1061.70, 31.17, 31.70, 30.336, 486, 794, 1298, 1808, 2519, 2707, 2875, 2732, 7836, 664, 0, 0, 573, 931, 2062, 3679, 6077, 5784, 4854, 3840, 11495, 848, 0, 0
15:41:16, 1054.20, 31.17, 31.70, 30.336, 640, 1030, 1680, 2311, 2281, 2399, 2566, 2443, 7170, 604, 0, 0, 719, 1181, 2540, 4406, 7392, 7025, 6073, 4899, 14307, 1084, 0, 0
15:41:17, 1054.60, 31.18, 31.68, 30.328, 536, 867, 1387, 1920, 2854, 3124, 3350, 3211, 9457, 924, 0, 0, 651, 1068, 2316, 4045, 6765, 6428, 5492, 4406, 12948, 968, 0, 0
15:41:18, 1049.70, 31.17, 31.70, 30.336, 501, 831, 1339, 1854, 2135, 2213, 2426, 2269, 7291, 634, 0, 0, 740, 1221, 2604, 4479, 7372, 6997, 6068, 4933, 15282, 1169, 0, 0
15:41:18, 1049.80, 31.18, 31.66, 30.336, 471, 792, 1241, 1694, 2222, 2219, 2627, 2351, 9312, 955, 0, 0, 711, 1182, 2510, 4319, 6791, 6448, 5559, 4514, 13999, 1057, 0, 0
15:41:19, 1047.30, 31.18, 31.68, 30.336, 680, 1076, 1680, 2323, 2244, 2371, 2556, 2477, 7343, 670, 0, 0, 727, 1199, 2548, 4374, 7042, 6706, 5771, 4692, 13457, 1010, 0, 0
15:41:20, 1044.90, 31.19, 31.70, 30.344, 589, 899, 1449, 1900, 2476, 2668, 2752, 2811, 6685, 634, 0, 0, 716, 1184, 2505, 4294, 6716, 6394, 5475, 4450, 12801, 956, 0, 0
15:41:20, 1039.00, 31.19, 31.68, 30.344, 552, 894, 1372, 1870, 2198, 2241, 2579, 2414, 8820, 970, 0, 0, 749, 1247, 2610, 4420, 6942, 6579, 5720, 4695, 15180, 1159, 0, 0
15:41:21, 1036.00, 31.19, 31.70, 30.344, 1161, 1922, 2745, 4119, 3292, 3459, 4137, 3809, 13862, 1741, 0, 0, 806, 1349, 2787, 4660, 7413, 7047, 6168, 5121, 15098, 1153, 0, 0
15:41:22, 1026.20, 31.20, 31.73, 30.344, 509, 785, 1204, 1573, 1799, 1905, 2022, 2060, 5375, 592, 0, 0, 844, 1399, 2853, 4738, 7479, 7151, 6257, 5257, 14601, 1122, 0, 0
15:41:22, 1028.20, 31.20, 31.70, 30.344, 560, 819, 1238, 1539, 1935, 2083, 2198, 2335, 5564, 758, 0, 0, 877, 1465, 2970, 4913, 7784, 7430, 6543, 5524, 15177, 1156, 0, 0
15:41:23, 1031.70, 31.21, 31.68, 30.344, 1031, 1430, 2138, 2790, 3526, 4075, 4191, 4400, 11798, 1618, 0, 0, 706, 1176, 2434, 4102, 6232, 5927, 5115, 4251, 12462, 947, 0, 0
15:41:24, 1022.90, 31.21, 31.73, 30.352, 4002, 6832, 8125, 14528, 9533, 12806, 17884, 11425, 33591, 8419, 0, 1, 698, 1165, 2373, 3948, 6579, 6242, 5465, 4611, 13734, 1073, 0, 0
15:41:24, 1023.40, 31.21, 31.75, 30.352, 3895, 4434, 5063, 13903, 11275, 15188, 20717, 13537, 35652, 11480, 0, 1, 637, 1070, 2192, 3641, 5461, 5167, 4459, 3722, 12361, 951, 0, 0
15:41:25, 1024.20, 31.21, 31.68, 30.352, 6655, 12318, 15916, 19679, 16099, 8961, 19389, 15056, 36000, 33533, 1, 1, 671, 1125, 2288, 3811, 5996, 5673, 4938, 4128, 13279, 1034, 0, 0
15:41:26, 1022.80, 31.22, 31.71, 30.352, 3439, 7659, 7005, 23962, 11024, 11407, 21442, 9824, 35992, 19355, 0, 1, 693, 1166, 2364, 3921, 6089, 5765, 4996, 4165, 13368, 1040, 0, 0
15:41:26, 1013.60, 31.22, 31.71, 30.352, 1688, 2150, 2845, 5018, 4413, 6145, 8669, 5581, 23248, 4227, 0, 0, 655, 1099, 2244, 3744, 5916, 5616, 4836, 4040, 12844, 1006, 0, 0
15:41:27, 1013.20, 31.19, 31.68, 30.352, 7043, 7237, 9373, 16710, 10676, 20440, 25089, 19396, 36000, 10960, 1, 1, 4972, 7691, 11613, 14046, 26109, 26278, 30585, 33037, 36000, 36000, 1, 1
15:41:28, 1013.60, 31.19, 31.70, 30.352, 8260, 16174, 22967, 28070, 35981, 36000, 36000, 36000, 36000, 35472, 1, 1, 1044, 1646, 2307, 2834, 722, 1049, 1914, 3057, 5557, 3455, 0, 0
15:41:28, 1013.50, 31.20, 31.73, 30.297, 7637, 12488, 19007, 20668, 29684, 30926, 34464, 36000, 27636, 10733, 1, 1, 3239, 5643, 7561, 9308, 9906, 10506, 15464, 19685, 35981, 28495, 0, 1
15:41:29, 1013.60, 31.17, 31.75, 30.164, 2666, 5412, 6053, 11009, 14395, 12674, 22096, 17087, 36000, 36000, 1, 1, 2841, 4216, 4953, 6432, 15124, 20991, 32189, 35276, 36000, 36000, 1, 1
15:41:30, 1013.80, 31.23, 31.73, 30.164, 802, 1221, 1564, 1777, 1968, 1927, 2229, 2290, 8283, 3140, 0, 0, 1618, 2412, 2948, 3732, 4334, 4871, 7253, 8164, 32335, 19023, 0, 0
15:41:30, 1013.70, 31.23, 31.71, 29.937, 882, 1415, 1839, 2074, 2246, 2217, 2534, 2724, 9908, 3320, 0, 0, 1287, 1988, 2328, 3019, 3393, 3941, 5673, 6911, 24411, 15396, 0, 0
