Secchi Depth (cm) = 9999
Forel Ule Scale = 99
pH Colour Scale = 99
SensingSecchi S/N = A016
Latitude (degs N) = 33.91368
Longitude (degs E) = -78.01418
Date = 2026-08-14
Time (UTC), Pressure (mbar) MS5803, Temp (deg C) MS5803, Temp (deg C) 10KTHERM, Temp (deg C) TMP117, ED 415nm, ED 445nm, ED 480nm, ED 515nm, ED 555nm, ED 590nm, ED 630nm, ED 680nm, ED Clear, ED NIR, ED D-SAT, ED A-SAT, EU 415nm, EU 445nm, EU 480nm, EU 515nm, EU 555nm, EU 590nm, EU 630nm, EU 680nm, EU Clear, EU NIR, EU D-SAT, EU A-SAT
15:03:49, 1014.30, 29.81, 28.76, 29.711, 661, 1053, 1421, 1621, 1786, 1708, 1964, 2001, 9653, 2456, 0, 0, 12966, 16063, 22662, 25485, 30936, 35988, 36000, 36000, 36000, 36000, 1, 1
15:03:49, 1013.70, 29.78, 28.76, 29.711, 866, 1361, 1817, 2057, 2511, 2479, 3019, 3107, 11971, 3558, 0, 0, 3495, 4933, 5810, 7315, 8110, 10161, 13707, 18982, 36000, 36000, 1, 1
15:03:50, 1013.90, 29.81, 28.81, 29.711, 4409, 7348, 10602, 12803, 20892, 24067, 27624, 34575, 36000, 35098, 1, 1, 2722, 4579, 6578, 8547, 10558, 10397, 11761, 12770, 36000, 17855, 1, 1
15:03:51, 1015.00, 29.83, 28.80, 29.711, 4365, 6236, 8419, 10678, 20674, 21420, 23749, 28762, 30046, 17945, 0, 0, 3411, 5092, 8178, 9537, 5808, 5985, 5984, 6458, 15049, 3444, 0, 0
15:03:51, 1014.40, 29.84, 28.81, 29.711, 5948, 10306, 14029, 17748, 7034, 7737, 8217, 10190, 11633, 3746, 0, 0, 1272, 2495, 3399, 4915, 4303, 4042, 3774, 3644, 12461, 2279, 0, 0
15:03:52, 1014.90, 29.85, 28.80, 29.695, 5484, 9368, 12532, 15119, 13370, 11814, 19030, 18264, 14140, 4805, 0, 0, 754, 1225, 2082, 3021, 4838, 4491, 3777, 3244, 11261, 984, 0, 0
15:03:53, 1017.80, 29.93, 28.81, 29.945, 4430, 7964, 10076, 14314, 14528, 15394, 22385, 21630, 28423, 8180, 0, 0, 520, 880, 1764, 2881, 4402, 4039, 3371, 2853, 10343, 842, 0, 0
15:03:53, 1022.30, 30.02, 28.81, 29.945, 6165, 11230, 14466, 17334, 9995, 10596, 12125, 14022, 32864, 11580, 0, 1, 558, 937, 1864, 2968, 4523, 4178, 3509, 2981, 10899, 856, 0, 0
15:03:54, 1022.50, 30.10, 28.80, 30.227, 5133, 8444, 12805, 11098, 12966, 14132, 18644, 20842, 35381, 15865, 0, 1, 507, 847, 1730, 2796, 4234, 3858, 3239, 2683, 10170, 752, 0, 0
15:03:55, 1025.40, 30.16, 28.78, 30.359, 8068, 12850, 21604, 24520, 28805, 31708, 32396, 33433, 36000, 32937, 1, 1, 486, 830, 1692, 2786, 4328, 3917, 3253, 2684, 9811, 727, 0, 0
15:03:55, 1020.70, 30.21, 28.78, 30.359, 3837, 4064, 7689, 7926, 17078, 17498, 18537, 21473, 36000, 19059, 1, 1, 495, 847, 1732, 2852, 4281, 3867, 3181, 2599, 9290, 683, 0, 0
15:03:56, 1023.10, 30.24, 28.81, 30.406, 9835, 16974, 21801, 26043, 29010, 28067, 32413, 35209, 36000, 33586, 1, 1, 522, 893, 1793, 2922, 4493, 4090, 3432, 2876, 10381, 778, 0, 0
15:03:57, 1023.70, 30.27, 28.83, 30.406, 5756, 11404, 14968, 19250, 35705, 35879, 35943, 36000, 36000, 35191, 1, 1, 498, 850, 1741, 2873, 4432, 4018, 3324, 2730, 9868, 731, 0, 0
15:03:57, 1021.10, 30.29, 28.78, 30.437, 8091, 11888, 16964, 23212, 22630, 24761, 23248, 29421, 36000, 20973, 1, 1, 510, 869, 1764, 2884, 4421, 4020, 3347, 2782, 10008, 746, 0, 0
15:03:58, 1022.40, 30.31, 28.80, 30.430, 7805, 12718, 18109, 22037, 23300, 23654, 25377, 26551, 36000, 21996, 1, 1, 480, 816, 1667, 2742, 4267, 3871, 3201, 2636, 9543, 710, 0, 0
15:03:59, 1027.90, 30.33, 28.80, 30.430, 6733, 11133, 18836, 19644, 22347, 21675, 28490, 31985, 36000, 27323, 1, 1, 507, 852, 1725, 2824, 4658, 4299, 3596, 3043, 11212, 862, 0, 0
15:03:59, 1020.80, 30.34, 28.80, 30.437, 5649, 10234, 14991, 19975, 30724, 32208, 32976, 33659, 36000, 19838, 1, 1, 505, 864, 1769, 2915, 4542, 4119, 3413, 2812, 9941, 739, 0, 0
15:04:00, 1020.00, 30.35, 28.80, 30.437, 8630, 14250, 17746, 19948, 25623, 24182, 28352, 34509, 36000, 26487, 1, 1, 526, 897, 1808, 2955, 4534, 4119, 3435, 2842, 10352, 773, 0, 0
15:04:00, 1024.20, 30.36, 28.76, 30.437, 8872, 17080, 22880, 32227, 17788, 19102, 21314, 24782, 36000, 19796, 1, 1, 487, 823, 1676, 2756, 4380, 3988, 3314, 2744, 10076, 752, 0, 0
15:04:01, 1026.20, 30.37, 28.76, 30.445, 8020, 15135, 20925, 23862, 27450, 30073, 27611, 32744, 36000, 22405, 1, 1, 498, 850, 1747, 2875, 4418, 4006, 3296, 2711, 9499, 695, 0, 0
15:04:02, 1028.10, 30.38, 28.80, 30.445, 5595, 10546, 13847, 21571, 16072, 19945, 17842, 25184, 36000, 22804, 1, 1, 476, 808, 1658, 2732, 4234, 3847, 3154, 2597, 9050, 658, 0, 0
15:04:02, 1026.30, 30.38, 28.80, 30.445, 6898, 12422, 18106, 19822, 24458, 26878, 25330, 34075, 36000, 26203, 1, 1, 466, 791, 1625, 2692, 4228, 3851, 3163, 2625, 9090, 681, 0, 0
15:04:03, 1026.30, 30.39, 28.78, 30.445, 3831, 4995, 8733, 7978, 19563, 22300, 22383, 27615, 36000, 29846, 1, 1, 476, 808, 1665, 2733, 4241, 3843, 3133, 2557, 8958, 653, 0, 0
15:04:04, 1026.20, 30.40, 28.80, 30.445, 6128, 9787, 14349, 18220, 20857, 25280, 23848, 29404, 36000, 21304, 1, 1, 511, 865, 1765, 2895, 4472, 4082, 3379, 2795, 10261, 758, 0, 0
15:04:04, 1027.70, 30.40, 28.80, 30.445, 6475, 11728, 15975, 23832, 16603, 19341, 19054, 23026, 36000, 17613, 1, 1, 492, 834, 1709, 2824, 4394, 4009, 3326, 2748, 10134, 752, 0, 0
15:04:05, 1022.90, 30.41, 28.80, 30.437, 5732, 11071, 14391, 19866, 18816, 24078, 20187, 29239, 36000, 25974, 1, 1, 511, 867, 1770, 2900, 4396, 3997, 3314, 2734, 10022, 740, 0, 0
15:04:06, 1024.70, 30.41, 28.78, 30.445, 7195, 13197, 17769, 22896, 18272, 24162, 23943, 31141, 36000, 27334, 1, 1, 462, 784, 1597, 2630, 4109, 3731, 3081, 2552, 9156, 679, 0, 0
15:04:06, 1022.00, 30.41, 28.81, 30.445, 9927, 19238, 24462, 27764, 26727, 27538, 32674, 33903, 36000, 20372, 1, 1, 467, 802, 1643, 2729, 4357, 3946, 3243, 2682, 9140, 676, 0, 0
15:04:07, 1021.10, 30.42, 28.78, 30.437, 6328, 10837, 15966, 18441, 27550, 28121, 27556, 32732, 36000, 23651, 1, 1, 482, 823, 1686, 2779, 4326, 3917, 3224, 2640, 9539, 709, 0, 0
15:04:08, 1027.50, 30.43, 28.78, 30.445, 9830, 14197, 21390, 24663, 29741, 30492, 32279, 33556, 36000, 31538, 1, 1, 549, 926, 1864, 3045, 4986, 4627, 3909, 3323, 12260, 966, 0, 0
15:04:08, 1018.30, 30.43, 28.81, 30.445, 5011, 8795, 12818, 16189, 20945, 28343, 24523, 31443, 36000, 23619, 1, 1, 511, 868, 1773, 2916, 4497, 4084, 3388, 2785, 10302, 776, 0, 0
15:04:09, 1028.80, 30.44, 28.78, 30.422, 6346, 11642, 14604, 17740, 24798, 25138, 25017, 30038, 36000, 26208, 1, 1, 502, 856, 1739, 2841, 4254, 3873, 3225, 2671, 9896, 740, 0, 0
15:04:10, 1022.80, 30.44, 28.80, 30.422, 3933, 4827, 8050, 9176, 20761, 24134, 24780, 30258, 36000, 17343, 1, 1, 498, 851, 1761, 2922, 4470, 4041, 3313, 2688, 9754, 709, 0, 0
15:04:10, 1024.50, 30.45, 28.78, 30.430, 7514, 12043, 16006, 18510, 18594, 22403, 21789, 27176, 36000, 25682, 1, 1, 529, 899, 1799, 2913, 4313, 3940, 3294, 2772, 10105, 764, 0, 0
15:04:11, 1028.00, 30.46, 28.83, 30.430, 5426, 7597, 11633, 13574, 15530, 19995, 11771, 22454, 36000, 33281, 1, 1, 522, 883, 1797, 2954, 4497, 4118, 3412, 2830, 10517, 785, 0, 0
15:04:12, 1022.10, 30.46, 28.78, 30.430, 5527, 9019, 13661, 17621, 16433, 20148, 18829, 26867, 36000, 18107, 1, 1, 501, 850, 1743, 2870, 4406, 4003, 3305, 2716, 9836, 734, 0, 0
15:04:12, 1030.90, 30.47, 28.81, 30.430, 7958, 15304, 19772, 26709, 35414, 35979, 35824, 36000, 36000, 35840, 1, 1, 500, 842, 1695, 2751, 4546, 4214, 3557, 3067, 11259, 898, 0, 0
15:04:13, 1024.50, 30.47, 28.81, 30.430, 3754, 2922, 6753, 4642, 12129, 14323, 13925, 20413, 36000, 13585, 1, 1, 499, 852, 1761, 2907, 4410, 3997, 3283, 2692, 9648, 701, 0, 0
15:04:14, 1021.90, 30.48, 28.80, 30.430, 5949, 11809, 14285, 17517, 21897, 30366, 26542, 34639, 36000, 35941, 1, 1, 522, 884, 1781, 2907, 4494, 4082, 3400, 2812, 10456, 790, 0, 0
15:04:14, 1026.80, 30.48, 28.80, 30.422, 9635, 13853, 21161, 26726, 19316, 19250, 22893, 24419, 36000, 15218, 1, 1, 515, 877, 1787, 2933, 4541, 4130, 3407, 2801, 10469, 763, 0, 0
15:04:15, 1021.00, 30.49, 28.80, 30.437, 4932, 10157, 12663, 18330, 25719, 29503, 28416, 32703, 36000, 29371, 1, 1, 549, 929, 1873, 3060, 4614, 4211, 3477, 2899, 10937, 837, 0, 0
15:04:16, 1029.10, 30.49, 28.81, 30.437, 8246, 14648, 20452, 25016, 25450, 25272, 29311, 30734, 36000, 25014, 1, 1, 561, 944, 1910, 3146, 5159, 4810, 3993, 3369, 11740, 931, 0, 0
15:04:16, 1024.90, 30.50, 28.83, 30.437, 5220, 8182, 12678, 14112, 20209, 20470, 26409, 26284, 36000, 17275, 1, 1, 527, 893, 1821, 3014, 4676, 4262, 3500, 2896, 10971, 826, 0, 0
15:04:17, 1025.30, 30.50, 28.83, 30.437, 6123, 12114, 16309, 19882, 25097, 27577, 29378, 29428, 36000, 20602, 1, 1, 525, 887, 1803, 2966, 4513, 4142, 3402, 2823, 10588, 794, 0, 0
15:04:18, 1026.10, 30.50, 28.85, 30.437, 5241, 8676, 12150, 16892, 28350, 27473, 35275, 34148, 36000, 27136, 1, 1, 500, 842, 1717, 2839, 4453, 4069, 3343, 2760, 10502, 792, 0, 0
15:04:18, 1026.40, 30.50, 28.80, 30.430, 2518, 3266, 4758, 6359, 12212, 16432, 18698, 21832, 35841, 16601, 0, 1, 523, 888, 1796, 2957, 4508, 4124, 3412, 2827, 10670, 796, 0, 0
15:04:19, 1023.00, 30.50, 28.80, 30.437, 6395, 18342, 19757, 28896, 24269, 27669, 29538, 32304, 36000, 25022, 1, 1, 473, 802, 1647, 2728, 4261, 3866, 3188, 2608, 9647, 723, 0, 0
15:04:20, 1023.80, 30.50, 28.81, 30.437, 7331, 9636, 14225, 21723, 18799, 25503, 23343, 32982, 36000, 25558, 1, 1, 497, 846, 1721, 2825, 4453, 4064, 3369, 2806, 10172, 760, 0, 0
15:04:20, 1023.00, 30.50, 28.80, 30.437, 8780, 14277, 19684, 28683, 25745, 29913, 29017, 34184, 36000, 27482, 1, 1, 506, 865, 1766, 2902, 4507, 4090, 3378, 2795, 9869, 735, 0, 0
15:04:21, 1021.90, 30.51, 28.80, 30.437, 6621, 10025, 14568, 18077, 25808, 30080, 27071, 33921, 36000, 31374, 1, 1, 496, 842, 1728, 2849, 4402, 3998, 3290, 2718, 9561, 715, 0, 0
15:04:22, 1020.60, 30.51, 28.80, 30.437, 5071, 9841, 13320, 15623, 13730, 16742, 15724, 23900, 36000, 28230, 1, 1, 495, 840, 1720, 2820, 4440, 4024, 3319, 2730, 9785, 730, 0, 0
15:04:22, 1024.50, 30.52, 28.76, 30.437, 13795, 20192, 23390, 26021, 21051, 22274, 22777, 26167, 36000, 24413, 1, 1, 531, 901, 1811, 2953, 4704, 4337, 3643, 3085, 11293, 876, 0, 0
15:04:23, 1015.50, 30.53, 28.80, 30.437, 6047, 10963, 14174, 17419, 14578, 18227, 16284, 24134, 36000, 24849, 1, 1, 528, 891, 1809, 2964, 4481, 4089, 3400, 2822, 10584, 830, 0, 0
15:04:24, 1027.50, 30.53, 28.81, 30.437, 8052, 12400, 19081, 22685, 20287, 24110, 21942, 27667, 36000, 24721, 1, 1, 535, 915, 1854, 3027, 4457, 4068, 3389, 2810, 10431, 767, 0, 0
15:04:24, 1022.30, 30.54, 28.81, 30.422, 5776, 10032, 15351, 19206, 18794, 20179, 20094, 24163, 36000, 14614, 1, 1, 459, 779, 1616, 2701, 4320, 3912, 3205, 2613, 9415, 707, 0, 0
15:04:25, 1031.80, 30.54, 28.80, 30.422, 7468, 12306, 17050, 17279, 16552, 20057, 18381, 24788, 36000, 19452, 1, 1, 483, 822, 1684, 2766, 4281, 3911, 3240, 2710, 10055, 745, 0, 0
15:04:26, 1040.80, 30.54, 28.80, 30.414, 3178, 3088, 7150, 4707, 13142, 14991, 15009, 21244, 36000, 20317, 1, 1, 423, 712, 1506, 2556, 4070, 3694, 2984, 2395, 8885, 637, 0, 0
15:04:26, 1041.70, 30.55, 28.80, 30.414, 5964, 11511, 16066, 23230, 18109, 22138, 21525, 31484, 36000, 19391, 1, 1, 460, 777, 1646, 2785, 4355, 3946, 3182, 2535, 9347, 661, 0, 0
15:04:27, 1046.20, 30.55, 28.81, 30.414, 2789, 4691, 7513, 9204, 16179, 19003, 16443, 24380, 36000, 10529, 1, 1, 437, 740, 1572, 2659, 4095, 3733, 3024, 2451, 9123, 655, 0, 0
15:04:28, 1051.20, 30.55, 28.78, 30.414, 2549, 3160, 5996, 5379, 10779, 11803, 12120, 16251, 36000, 10713, 1, 1, 409, 688, 1481, 2538, 3936, 3574, 2841, 2260, 8216, 581, 0, 0
15:04:28, 1058.40, 30.55, 28.83, 30.422, 5344, 10681, 15494, 20317, 20593, 25184, 24833, 32439, 36000, 13149, 1, 1, 405, 683, 1468, 2520, 4107, 3750, 3012, 2428, 8864, 627, 0, 0
15:04:29, 1067.70, 30.55, 28.80, 30.422, 1202, 1949, 3300, 3823, 9447, 6136, 11878, 8875, 35988, 11227, 0, 1, 386, 648, 1420, 2482, 3858, 3498, 2747, 2137, 7879, 551, 0, 0
15:04:30, 1069.80, 30.56, 28.80, 30.406, 2656, 5126, 7981, 11269, 11522, 13815, 13052, 16974, 36000, 5362, 1, 1, 364, 608, 1360, 2416, 3948, 3577, 2791, 2154, 7839, 546, 0, 0
15:04:30, 1073.80, 30.56, 28.80, 30.406, 1737, 3199, 5353, 6979, 10039, 11317, 12128, 14318, 36000, 4833, 1, 1, 357, 592, 1330, 2373, 3756, 3410, 2648, 2028, 7783, 546, 0, 0
15:04:31, 1079.00, 30.55, 28.83, 30.406, 1945, 2391, 4623, 4993, 7135, 8237, 6406, 8337, 36000, 9824, 1, 1, 376, 621, 1377, 2444, 3841, 3507, 2727, 2110, 8072, 570, 0, 0
15:04:31, 1083.20, 30.56, 28.81, 30.406, 2730, 5225, 8688, 12093, 12078, 13470, 13587, 16963, 36000, 4025, 1, 1, 330, 545, 1249, 2278, 3764, 3406, 2585, 1949, 6859, 483, 0, 0
15:04:32, 1088.30, 30.56, 28.80, 30.422, 1840, 3495, 5976, 8087, 19562, 23955, 21980, 28162, 36000, 6373, 1, 1, 311, 510, 1172, 2138, 3568, 3239, 2472, 1870, 7009, 492, 0, 0
15:04:33, 1091.50, 30.56, 28.83, 30.422, 1231, 2024, 3808, 4639, 6265, 5359, 6863, 5996, 34226, 3928, 0, 1, 332, 544, 1247, 2283, 3749, 3421, 2627, 1993, 7653, 539, 0, 0
15:04:33, 1094.70, 30.56, 28.83, 30.414, 1928, 3584, 5967, 8409, 8071, 8542, 9070, 10453, 36000, 3522, 1, 1, 311, 505, 1176, 2169, 3587, 3255, 2467, 1837, 7184, 505, 0, 0
15:04:34, 1100.50, 30.56, 28.85, 30.414, 2202, 3895, 6632, 9185, 8590, 8753, 9299, 10568, 35127, 3922, 0, 1, 317, 514, 1192, 2193, 3610, 3294, 2505, 1880, 7368, 520, 0, 0
15:04:35, 1104.80, 30.56, 28.83, 30.414, 1900, 3665, 6477, 9359, 16181, 18604, 17743, 21221, 36000, 4439, 1, 1, 284, 459, 1089, 2039, 3407, 3086, 2308, 1695, 6582, 462, 0, 0
15:04:35, 1109.20, 30.56, 28.83, 30.406, 1561, 3096, 5130, 7692, 9231, 9984, 10412, 11633, 36000, 3598, 1, 1, 273, 437, 1042, 1969, 3379, 3069, 2288, 1682, 6460, 455, 0, 0
15:04:36, 1112.70, 30.57, 28.83, 30.406, 1668, 2935, 5432, 7519, 6934, 6573, 7749, 7858, 34947, 3059, 0, 1, 288, 460, 1099, 2078, 3426, 3115, 2318, 1689, 6733, 477, 0, 0
15:04:37, 1111.30, 30.57, 28.85, 30.406, 1935, 3788, 6672, 9993, 10894, 12241, 12372, 13551, 36000, 3292, 1, 1, 278, 445, 1070, 2031, 3489, 3157, 2353, 1712, 6602, 463, 0, 0
15:04:37, 1116.80, 30.57, 28.80, 30.398, 1407, 2724, 4845, 7102, 11167, 12812, 12456, 14106, 36000, 3354, 1, 1, 269, 431, 1033, 1964, 3403, 3105, 2325, 1718, 6690, 473, 0, 0
15:04:38, 1120.60, 30.57, 28.85, 30.398, 1192, 1982, 3803, 4996, 8078, 8069, 9136, 9343, 35492, 3269, 0, 1, 264, 419, 1015, 1950, 3344, 3043, 2258, 1648, 6443, 455, 0, 0
15:04:39, 1123.10, 30.57, 28.87, 30.383, 1244, 2433, 4514, 6512, 10193, 10778, 12272, 13729, 36000, 3108, 1, 1, 251, 396, 968, 1878, 3209, 2902, 2110, 1504, 5779, 409, 0, 0
15:04:39, 1125.10, 30.57, 28.83, 30.375, 1265, 2447, 4448, 6694, 10544, 11822, 12242, 13158, 36000, 3422, 1, 1, 257, 405, 994, 1921, 3288, 2979, 2176, 1557, 5948, 420, 0, 0
15:04:40, 1127.10, 30.57, 28.87, 30.375, 1579, 2989, 5757, 8165, 12531, 15196, 13940, 16914, 36000, 3365, 1, 1, 245, 385, 945, 1837, 3178, 2880, 2104, 1508, 5895, 416, 0, 0
15:04:41, 1129.10, 30.56, 28.81, 30.367, 907, 1476, 2914, 3832, 4201, 3898, 4213, 3856, 21604, 2108, 0, 0, 266, 416, 1014, 1965, 3292, 2993, 2194, 1574, 6328, 449, 0, 0
15:04:41, 1134.80, 30.56, 28.89, 30.359, 1307, 2403, 4490, 6872, 9685, 10241, 10205, 11364, 36000, 3920, 1, 1, 261, 407, 1002, 1952, 3249, 2960, 2159, 1539, 6287, 447, 0, 0
15:04:42, 1137.70, 30.56, 28.85, 30.359, 1094, 2085, 3805, 5786, 6617, 6923, 7057, 7219, 28916, 2085, 0, 0, 232, 358, 895, 1772, 3112, 2819, 2032, 1427, 5727, 405, 0, 0
15:04:43, 1140.10, 30.56, 28.87, 30.336, 1313, 2533, 4848, 7577, 8824, 9759, 9596, 9829, 34968, 2383, 0, 1, 235, 364, 916, 1816, 3125, 2830, 2030, 1423, 5573, 393, 0, 0
15:04:43, 1144.40, 30.56, 28.83, 30.328, 1348, 2559, 4857, 7590, 7960, 8577, 8746, 8837, 31767, 2215, 0, 0, 220, 338, 853, 1704, 2964, 2684, 1909, 1324, 5381, 383, 0, 0
15:04:44, 1147.30, 30.56, 28.85, 30.328, 713, 1357, 2647, 4057, 6456, 6328, 7322, 6296, 27131, 2172, 0, 0, 223, 342, 865, 1728, 3067, 2784, 1996, 1395, 5487, 389, 0, 0
15:04:45, 1147.40, 30.55, 28.85, 30.328, 999, 1909, 3769, 5587, 7478, 7655, 8038, 7926, 22712, 1559, 0, 0, 223, 341, 864, 1731, 3044, 2760, 1975, 1374, 5472, 390, 0, 0
15:04:45, 1150.80, 30.55, 28.87, 30.305, 775, 1525, 2921, 4561, 6057, 5792, 6686, 5743, 25392, 2009, 0, 0, 225, 343, 868, 1740, 3090, 2812, 2021, 1411, 5800, 414, 0, 0
15:04:46, 1151.90, 30.55, 28.83, 30.305, 1038, 1979, 3794, 5908, 7012, 7535, 7728, 7680, 30663, 2213, 0, 0, 221, 336, 857, 1728, 3041, 2759, 1958, 1351, 5616, 400, 0, 0
15:04:47, 1155.30, 30.54, 28.87, 30.289, 971, 1735, 3450, 5233, 8149, 8654, 8642, 8921, 35722, 2751, 0, 1, 219, 331, 846, 1708, 3002, 2728, 1936, 1338, 5520, 393, 0, 0
15:04:47, 1155.00, 30.54, 28.85, 30.266, 979, 1848, 3630, 5770, 8578, 9271, 9333, 9373, 34936, 2471, 0, 1, 211, 319, 820, 1665, 2948, 2662, 1866, 1270, 5101, 362, 0, 0
15:04:48, 1153.00, 30.54, 28.83, 30.266, 816, 1564, 3105, 4761, 6809, 7061, 7211, 6949, 20588, 1400, 0, 0, 217, 330, 849, 1725, 3101, 2803, 1975, 1352, 5190, 369, 0, 0
15:04:49, 1152.60, 30.54, 28.83, 30.250, 1118, 2149, 4370, 6701, 11394, 11645, 12046, 12148, 32281, 2185, 0, 0, 218, 331, 848, 1719, 3019, 2729, 1925, 1317, 5326, 378, 0, 0
15:04:49, 1153.00, 30.54, 28.83, 30.242, 900, 1738, 3356, 5308, 6866, 7323, 7245, 7567, 29342, 2098, 0, 0, 215, 325, 831, 1687, 3033, 2753, 1954, 1353, 5547, 394, 0, 0
15:04:50, 1151.80, 30.54, 28.85, 30.242, 1018, 1849, 3641, 5608, 6802, 7245, 7169, 7217, 28082, 1982, 0, 0, 219, 331, 846, 1714, 3038, 2750, 1942, 1332, 5555, 395, 0, 0
15:04:51, 1152.80, 30.53, 28.87, 30.258, 994, 1914, 3758, 5908, 8694, 9312, 9237, 8894, 31038, 2053, 0, 0, 217, 329, 843, 1710, 3039, 2752, 1946, 1341, 5397, 382, 0, 0
15:04:51, 1156.50, 30.53, 28.85, 30.258, 938, 1772, 3603, 5531, 8529, 8934, 8881, 8490, 26116, 1716, 0, 0, 211, 318, 819, 1669, 2970, 2691, 1893, 1299, 5316, 378, 0, 0
15:04:52, 1155.00, 30.53, 28.83, 30.273, 901, 1709, 3428, 5244, 8108, 8428, 8479, 8340, 24008, 1631, 0, 0, 213, 322, 831, 1693, 3037, 2747, 1924, 1313, 5178, 370, 0, 0
15:04:53, 1155.90, 30.53, 28.83, 30.289, 1175, 2288, 4606, 6977, 8129, 8611, 8688, 8679, 26626, 1875, 0, 0, 218, 330, 847, 1716, 3037, 2751, 1943, 1335, 5448, 387, 0, 0
15:04:53, 1157.90, 30.54, 28.85, 30.289, 924, 1741, 3393, 5310, 6273, 6364, 6602, 6332, 26794, 2013, 0, 0, 214, 321, 826, 1690, 3031, 2755, 1938, 1329, 5565, 397, 0, 0
15:04:54, 1158.70, 30.54, 28.85, 30.281, 906, 1569, 3209, 4853, 7070, 7440, 7353, 7405, 30323, 2247, 0, 0, 217, 326, 840, 1714, 3031, 2752, 1938, 1331, 5535, 394, 0, 0
15:04:55, 1159.30, 30.54, 28.85, 30.250, 864, 1632, 3231, 5060, 6749, 7188, 7147, 6804, 25302, 1726, 0, 0, 204, 305, 792, 1628, 2944, 2660, 1851, 1254, 5070, 360, 0, 0
15:04:55, 1159.40, 30.54, 28.87, 30.250, 1066, 2053, 4179, 6438, 9456, 9635, 9856, 9930, 25519, 1739, 0, 0, 215, 325, 839, 1718, 3046, 2754, 1924, 1312, 5161, 367, 0, 0
15:04:56, 1163.00, 30.53, 28.85, 30.242, 1035, 1964, 4019, 6281, 8660, 8970, 9036, 8447, 24339, 1584, 0, 0, 201, 301, 783, 1615, 2890, 2612, 1808, 1221, 5027, 358, 0, 0
15:04:57, 1165.50, 30.54, 28.85, 30.250, 829, 1508, 3088, 4794, 6614, 6195, 7043, 6108, 29743, 2454, 0, 0, 211, 313, 811, 1673, 3020, 2750, 1924, 1313, 5624, 405, 0, 0
15:04:57, 1169.10, 30.54, 28.89, 30.250, 820, 1212, 2599, 3646, 5763, 5974, 5563, 5720, 25531, 2076, 0, 0, 207, 304, 791, 1638, 2896, 2632, 1822, 1229, 5319, 383, 0, 0
15:04:58, 1170.80, 30.54, 28.87, 30.266, 895, 1630, 3219, 5235, 6815, 7246, 7075, 7118, 27980, 2036, 0, 0, 193, 283, 745, 1558, 2845, 2567, 1770, 1183, 4997, 354, 0, 0
15:04:59, 1173.50, 30.54, 28.83, 30.297, 873, 1642, 3383, 5485, 7628, 8168, 7971, 7489, 27519, 1859, 0, 0, 188, 276, 730, 1532, 2788, 2515, 1723, 1145, 4784, 340, 0, 0
15:04:59, 1176.90, 30.54, 28.85, 30.297, 771, 1436, 2990, 4842, 7914, 8798, 8402, 8233, 26716, 1712, 0, 0, 186, 274, 723, 1518, 2759, 2490, 1703, 1133, 4656, 332, 0, 0
15:05:00, 1180.60, 30.55, 28.89, 30.297, 791, 1466, 3043, 4877, 5867, 6013, 6176, 5447, 20971, 1517, 0, 0, 181, 263, 699, 1475, 2687, 2429, 1654, 1094, 4739, 339, 0, 0
15:05:01, 1183.90, 30.54, 28.91, 30.289, 703, 1303, 2719, 4429, 5927, 6162, 6213, 5442, 19886, 1400, 0, 0, 178, 257, 687, 1459, 2671, 2416, 1643, 1085, 4639, 332, 0, 0
15:05:01, 1186.90, 30.55, 28.85, 30.289, 679, 1216, 2549, 4111, 5234, 5113, 5396, 4829, 22633, 1839, 0, 0, 180, 257, 685, 1461, 2661, 2414, 1636, 1076, 4798, 345, 0, 0
15:05:02, 1185.30, 30.55, 28.85, 30.273, 706, 1306, 2728, 4507, 7063, 7579, 7354, 7071, 27537, 1968, 0, 0, 180, 261, 696, 1479, 2756, 2485, 1695, 1114, 4786, 341, 0, 0
15:05:02, 1188.00, 30.55, 28.87, 30.273, 671, 1255, 2633, 4354, 6486, 6900, 6780, 6259, 23785, 1659, 0, 0, 175, 252, 675, 1439, 2653, 2390, 1619, 1060, 4512, 321, 0, 0
15:05:03, 1191.60, 30.55, 28.87, 30.273, 705, 1303, 2814, 4653, 6935, 7196, 7081, 6179, 19881, 1306, 0, 0, 169, 242, 654, 1408, 2618, 2354, 1571, 1012, 4200, 300, 0, 0
15:05:04, 1195.00, 30.55, 28.89, 30.250, 724, 1342, 2954, 4916, 7290, 7524, 7450, 6618, 19359, 1298, 0, 0, 164, 233, 634, 1372, 2587, 2330, 1553, 1002, 4166, 299, 0, 0
15:05:04, 1196.30, 30.54, 28.85, 30.250, 652, 1211, 2643, 4382, 7105, 7308, 7206, 6652, 18809, 1267, 0, 0, 163, 231, 626, 1356, 2522, 2271, 1517, 979, 4171, 299, 0, 0
15:05:05, 1196.40, 30.54, 28.87, 30.234, 626, 1153, 2447, 4056, 5285, 5476, 5441, 4962, 20362, 1526, 0, 0, 163, 231, 625, 1354, 2540, 2296, 1536, 993, 4422, 317, 0, 0
15:05:06, 1196.90, 30.54, 28.91, 30.242, 684, 1209, 2624, 4350, 6956, 7392, 7142, 6646, 26593, 1917, 0, 0, 165, 234, 634, 1372, 2514, 2269, 1513, 976, 4335, 310, 0, 0
15:05:06, 1199.30, 30.53, 28.89, 30.242, 633, 1163, 2507, 4177, 6599, 7175, 6855, 6430, 21602, 1457, 0, 0, 160, 226, 615, 1339, 2487, 2241, 1487, 955, 4122, 294, 0, 0
15:05:07, 1203.60, 30.54, 28.87, 30.258, 641, 1179, 2590, 4371, 6393, 6692, 6450, 5615, 20496, 1395, 0, 0, 159, 224, 610, 1328, 2478, 2241, 1494, 963, 4269, 306, 0, 0
15:05:08, 1206.70, 30.54, 28.87, 30.281, 568, 1043, 2294, 3793, 5695, 5783, 5698, 4893, 14224, 945, 0, 0, 157, 220, 601, 1321, 2463, 2215, 1457, 923, 3913, 281, 0, 0
15:05:08, 1212.20, 30.54, 28.91, 30.281, 573, 1050, 2315, 3950, 5479, 5679, 5564, 4713, 17601, 1230, 0, 0, 151, 210, 578, 1271, 2402, 2171, 1440, 918, 4083, 292, 0, 0
15:05:09, 1215.50, 30.54, 28.85, 30.266, 521, 948, 2082, 3586, 4989, 5188, 5008, 4225, 16361, 1144, 0, 0, 149, 205, 569, 1262, 2366, 2130, 1396, 877, 3895, 279, 0, 0
15:05:10, 1220.70, 30.53, 28.87, 30.219, 527, 957, 2122, 3684, 5120, 5288, 5054, 4247, 16654, 1165, 0, 0, 141, 194, 538, 1198, 2277, 2054, 1341, 843, 3773, 270, 0, 0
15:05:10, 1223.20, 30.53, 28.91, 30.219, 543, 972, 2191, 3802, 5094, 5245, 5056, 4228, 13279, 901, 0, 0, 142, 193, 540, 1211, 2318, 2088, 1350, 839, 3620, 261, 0, 0
15:05:11, 1226.50, 30.53, 28.89, 30.195, 485, 871, 1976, 3443, 5588, 5669, 5469, 4656, 12620, 832, 0, 0, 138, 188, 525, 1179, 2233, 2015, 1311, 818, 3621, 261, 0, 0
15:05:12, 1224.30, 30.53, 28.87, 30.187, 497, 905, 2051, 3541, 5231, 5407, 5157, 4330, 14622, 997, 0, 0, 136, 184, 515, 1158, 2236, 2011, 1304, 808, 3629, 261, 0, 0
15:05:12, 1223.00, 30.52, 28.89, 30.187, 440, 796, 1801, 3156, 4924, 5085, 4794, 3973, 15477, 1084, 0, 0, 143, 195, 544, 1217, 2335, 2104, 1380, 865, 3913, 280, 0, 0
15:05:13, 1223.20, 30.52, 28.87, 30.156, 518, 924, 2107, 3714, 5332, 5570, 5199, 4384, 16693, 1141, 0, 0, 137, 186, 521, 1168, 2265, 2036, 1322, 821, 3767, 270, 0, 0
15:05:14, 1221.40, 30.51, 28.89, 30.164, 542, 988, 2197, 3907, 5520, 5870, 5463, 4821, 18424, 1264, 0, 0, 145, 199, 553, 1232, 2418, 2174, 1429, 894, 4009, 287, 0, 0
15:05:14, 1222.80, 30.51, 28.91, 30.164, 517, 937, 2115, 3747, 5794, 6102, 5768, 4943, 18908, 1305, 0, 0, 142, 194, 541, 1207, 2266, 2040, 1327, 824, 3716, 266, 0, 0
15:05:15, 1224.00, 30.51, 28.91, 30.141, 443, 801, 1819, 3161, 4640, 4750, 4534, 3698, 13020, 894, 0, 0, 139, 190, 530, 1187, 2276, 2049, 1333, 829, 3628, 260, 0, 0
15:05:16, 1226.70, 30.50, 28.89, 30.125, 536, 963, 2208, 3859, 5805, 6082, 5730, 4818, 16430, 1088, 0, 0, 137, 186, 519, 1164, 2211, 1996, 1292, 803, 3598, 259, 0, 0
15:05:16, 1226.70, 30.50, 28.89, 30.125, 444, 798, 1814, 3162, 4855, 5009, 4736, 3873, 13800, 938, 0, 0, 135, 183, 512, 1147, 2217, 2003, 1306, 816, 3687, 265, 0, 0
15:05:17, 1222.80, 30.49, 28.87, 30.109, 449, 806, 1806, 3143, 4596, 4734, 4675, 3931, 16242, 1190, 0, 0, 142, 194, 540, 1204, 2352, 2120, 1393, 869, 3999, 288, 0, 0
15:05:18, 1220.90, 30.49, 28.87, 30.109, 484, 870, 1943, 3403, 5336, 5507, 5230, 4337, 16758, 1138, 0, 0, 143, 196, 546, 1212, 2339, 2107, 1384, 867, 3914, 280, 0, 0
15:05:18, 1220.40, 30.49, 28.89, 30.078, 533, 951, 2158, 3812, 5282, 5471, 5188, 4361, 17401, 1228, 0, 0, 148, 203, 563, 1250, 2369, 2134, 1400, 875, 4019, 288, 0, 0
15:05:19, 1219.70, 30.48, 28.92, 30.062, 443, 796, 1790, 3132, 4668, 4872, 4638, 3925, 15381, 1079, 0, 0, 147, 202, 560, 1244, 2384, 2144, 1409, 879, 3937, 282, 0, 0
15:05:20, 1221.80, 30.48, 28.91, 30.062, 542, 979, 2201, 3889, 5250, 5467, 5283, 4443, 16769, 1178, 0, 0, 146, 202, 560, 1241, 2314, 2083, 1366, 855, 3778, 270, 0, 0
15:05:20, 1225.20, 30.48, 28.89, 30.117, 551, 995, 2239, 3892, 5654, 6168, 5700, 5172, 18201, 1216, 0, 0, 135, 184, 513, 1150, 2209, 1988, 1285, 797, 3531, 253, 0, 0
15:05:21, 1226.40, 30.48, 28.89, 30.133, 478, 856, 1965, 3449, 5305, 5418, 5185, 4274, 11909, 784, 0, 0, 139, 189, 529, 1190, 2306, 2078, 1341, 831, 3567, 257, 0, 0
15:05:22, 1227.90, 30.48, 28.89, 30.133, 440, 786, 1814, 3225, 4729, 4764, 4548, 3690, 10112, 649, 0, 0, 137, 185, 519, 1169, 2230, 2007, 1295, 800, 3449, 248, 0, 0
15:05:22, 1227.10, 30.49, 28.92, 30.148, 422, 765, 1727, 3031, 4705, 4883, 4787, 3967, 15495, 1110, 0, 0, 137, 186, 520, 1162, 2229, 2011, 1312, 818, 3788, 273, 0, 0
15:05:23, 1226.20, 30.49, 28.91, 30.164, 451, 792, 1789, 3140, 4695, 4819, 4510, 3753, 15256, 1086, 0, 0, 136, 184, 516, 1159, 2221, 2003, 1300, 808, 3747, 270, 0, 0
15:05:24, 1226.70, 30.49, 28.89, 30.164, 509, 902, 2061, 3682, 5550, 5828, 5455, 4641, 17968, 1231, 0, 0, 136, 183, 514, 1157, 2207, 1987, 1288, 797, 3678, 264, 0, 0
15:05:24, 1230.40, 30.49, 28.91, 30.164, 451, 812, 1834, 3225, 4829, 4940, 4675, 3812, 14669, 1011, 0, 0, 131, 178, 497, 1119, 2165, 1951, 1265, 785, 3517, 253, 0, 0
15:05:25, 1232.20, 30.49, 28.89, 30.180, 413, 733, 1689, 3004, 4176, 4232, 4017, 3223, 9291, 603, 0, 0, 135, 183, 514, 1161, 2239, 2016, 1292, 793, 3409, 246, 0, 0
15:05:26, 1233.50, 30.49, 28.89, 30.180, 437, 770, 1783, 3171, 5154, 5223, 5001, 4066, 10311, 658, 0, 0, 134, 181, 508, 1149, 2214, 1996, 1284, 791, 3414, 246, 0, 0
15:05:26, 1231.50, 30.49, 28.89, 30.148, 411, 712, 1632, 2945, 4429, 4558, 4437, 3577, 11235, 761, 0, 0, 130, 175, 492, 1115, 2144, 1929, 1243, 762, 3484, 251, 0, 0
15:05:27, 1232.40, 30.49, 28.87, 30.117, 407, 725, 1655, 2903, 4583, 4684, 4409, 3601, 14305, 998, 0, 0, 129, 173, 487, 1101, 2143, 1938, 1252, 777, 3605, 260, 0, 0
15:05:28, 1232.90, 30.49, 28.92, 30.117, 459, 791, 1809, 3189, 4890, 5076, 4755, 4012, 15881, 1116, 0, 0, 130, 175, 491, 1109, 2135, 1926, 1245, 770, 3533, 255, 0, 0
15:05:28, 1235.10, 30.49, 28.91, 30.125, 424, 757, 1750, 3121, 4551, 4658, 4459, 3620, 11352, 770, 0, 0, 135, 182, 511, 1155, 2237, 2009, 1295, 794, 3413, 245, 0, 0
15:05:29, 1238.20, 30.49, 28.91, 30.164, 402, 706, 1623, 2908, 4190, 4262, 4059, 3207, 9721, 645, 0, 0, 127, 169, 479, 1094, 2098, 1887, 1200, 730, 3255, 234, 0, 0
15:05:30, 1238.90, 30.49, 28.89, 30.164, 422, 748, 1767, 3189, 5011, 5167, 4804, 3879, 13335, 900, 0, 0, 123, 162, 461, 1056, 2063, 1858, 1188, 725, 3331, 240, 0, 0
15:05:30, 1239.10, 30.49, 28.92, 30.164, 374, 660, 1524, 2722, 3973, 4060, 3778, 3078, 12797, 919, 0, 0, 125, 166, 468, 1068, 2085, 1881, 1207, 741, 3523, 255, 0, 0
15:05:31, 1240.20, 30.50, 28.94, 30.172, 448, 787, 1803, 3238, 4895, 5082, 4710, 3967, 15968, 1127, 0, 0, 125, 166, 467, 1065, 2074, 1871, 1201, 737, 3461, 249, 0, 0
15:05:32, 1241.20, 30.50, 28.91, 30.172, 385, 677, 1573, 2826, 4401, 4535, 4231, 3432, 13850, 985, 0, 0, 121, 160, 454, 1045, 2036, 1833, 1165, 707, 3305, 238, 0, 0
15:05:32, 1240.70, 30.50, 28.91, 30.187, 420, 738, 1738, 3133, 4752, 4911, 4599, 3728, 12704, 868, 0, 0, 124, 165, 468, 1073, 2117, 1902, 1211, 735, 3243, 234, 0, 0
15:05:33, 1237.50, 30.50, 28.91, 30.187, 383, 672, 1556, 2792, 4702, 4764, 4553, 3699, 10119, 655, 0, 0, 131, 175, 495, 1126, 2179, 1958, 1251, 765, 3305, 237, 0, 0
15:05:34, 1239.70, 30.51, 28.89, 30.195, 398, 702, 1633, 2933, 4845, 4948, 4668, 3744, 12128, 814, 0, 0, 123, 163, 463, 1060, 2040, 1835, 1166, 710, 3280, 236, 0, 0
15:05:34, 1240.20, 30.51, 28.89, 30.195, 392, 668, 1544, 2744, 4072, 4134, 3833, 3087, 12908, 936, 0, 0, 120, 157, 448, 1034, 2050, 1843, 1170, 709, 3373, 244, 0, 0
15:05:35, 1240.20, 30.51, 28.94, 30.195, 445, 784, 1823, 3305, 4871, 5071, 4804, 3941, 15265, 1074, 0, 0, 125, 166, 472, 1081, 2099, 1880, 1196, 724, 3323, 238, 0, 0
15:05:36, 1244.30, 30.51, 28.96, 30.219, 381, 677, 1580, 2846, 4381, 4486, 4213, 3301, 12210, 830, 0, 0, 120, 160, 453, 1041, 2029, 1825, 1160, 705, 3212, 230, 0, 0
15:05:36, 1248.60, 30.51, 28.91, 30.180, 380, 670, 1580, 2878, 4193, 4293, 4022, 3136, 11699, 816, 0, 0, 117, 153, 438, 1011, 1972, 1776, 1122, 677, 3161, 229, 0, 0
15:05:37, 1252.50, 30.51, 28.89, 30.180, 379, 664, 1577, 2877, 4402, 4580, 4199, 3370, 12083, 817, 0, 0, 113, 147, 421, 979, 1922, 1732, 1091, 657, 3094, 224, 0, 0
15:05:37, 1253.20, 30.50, 28.92, 30.156, 363, 639, 1510, 2745, 4129, 4247, 3944, 3105, 11163, 765, 0, 0, 114, 148, 425, 986, 1936, 1741, 1098, 658, 3070, 222, 0, 0
15:05:38, 1251.40, 30.49, 28.94, 30.086, 302, 530, 1255, 2314, 3633, 3678, 3466, 2618, 9770, 690, 0, 0, 121, 159, 454, 1047, 2067, 1858, 1185, 714, 3252, 235, 0, 0
15:05:39, 1253.30, 30.48, 28.92, 30.086, 331, 580, 1383, 2587, 4128, 4212, 3929, 3040, 11093, 771, 0, 0, 116, 151, 433, 1004, 1959, 1760, 1110, 664, 3104, 224, 0, 0
15:05:39, 1254.40, 30.48, 28.96, 30.047, 350, 614, 1460, 2662, 4100, 4187, 3851, 2998, 12162, 841, 0, 0, 114, 149, 426, 988, 1957, 1765, 1117, 672, 3214, 232, 0, 0
15:05:40, 1252.80, 30.47, 28.89, 30.031, 353, 602, 1431, 2602, 3892, 3938, 3626, 2819, 11930, 859, 0, 0, 117, 152, 436, 1010, 2003, 1803, 1145, 687, 3226, 232, 0, 0
15:05:41, 1253.20, 30.47, 28.92, 30.031, 359, 622, 1473, 2719, 4208, 4322, 3993, 3104, 11531, 787, 0, 0, 116, 152, 433, 1002, 1969, 1773, 1121, 674, 3098, 224, 0, 0
15:05:41, 1255.40, 30.46, 28.92, 30.008, 410, 719, 1691, 3097, 4447, 4675, 4285, 3576, 13918, 969, 0, 0, 114, 148, 422, 981, 1938, 1750, 1106, 664, 3174, 230, 0, 0
15:05:42, 1255.30, 30.45, 28.92, 30.008, 331, 577, 1370, 2522, 3961, 4080, 3751, 2935, 11350, 792, 0, 0, 113, 147, 422, 984, 1966, 1770, 1115, 666, 3082, 222, 0, 0
15:05:43, 1257.70, 30.45, 28.92, 30.008, 368, 636, 1533, 2827, 4268, 4368, 4026, 3149, 10504, 706, 0, 0, 116, 151, 433, 1007, 2006, 1802, 1133, 675, 3008, 216, 0, 0
15:05:43, 1260.50, 30.45, 28.92, 30.000, 312, 530, 1260, 2345, 3759, 3842, 3559, 2772, 8640, 582, 0, 0, 115, 149, 428, 996, 1935, 1741, 1096, 653, 3025, 218, 0, 0
15:05:44, 1263.00, 30.45, 28.92, 30.016, 357, 614, 1459, 2712, 4025, 4184, 3773, 3051, 12515, 887, 0, 0, 109, 140, 403, 946, 1901, 1722, 1079, 643, 3160, 231, 0, 0
15:05:45, 1262.10, 30.44, 28.96, 30.016, 310, 505, 1222, 2210, 3657, 3733, 3388, 2686, 11709, 865, 0, 0, 109, 140, 401, 944, 1870, 1686, 1054, 625, 3003, 217, 0, 0
15:05:45, 1260.20, 30.44, 28.94, 30.000, 290, 502, 1192, 2212, 3295, 3341, 3130, 2364, 8058, 555, 0, 0, 114, 147, 423, 990, 1974, 1773, 1111, 659, 2961, 214, 0, 0
15:05:46, 1261.40, 30.44, 28.94, 30.000, 341, 579, 1390, 2597, 4228, 4345, 4013, 3180, 9565, 638, 0, 0, 113, 146, 420, 985, 1918, 1728, 1080, 641, 2978, 215, 0, 0
15:05:47, 1264.10, 30.44, 28.94, 30.008, 342, 578, 1375, 2557, 3269, 3289, 3021, 2404, 11159, 867, 0, 0, 113, 143, 412, 970, 1906, 1728, 1079, 641, 3216, 235, 0, 0
15:05:47, 1261.20, 30.44, 28.94, 30.008, 294, 503, 1204, 2197, 3629, 3682, 3392, 2594, 10680, 763, 0, 0, 111, 144, 414, 970, 1978, 1776, 1118, 663, 3090, 223, 0, 0
15:05:48, 1261.30, 30.44, 28.94, 30.008, 264, 453, 1087, 2098, 3211, 3253, 3070, 2196, 8467, 595, 0, 0, 120, 156, 448, 1047, 2067, 1852, 1167, 687, 3136, 225, 0, 0
15:05:49, 1266.00, 30.44, 28.98, 30.000, 278, 470, 1139, 2175, 3620, 3678, 3375, 2489, 8945, 611, 0, 0, 107, 136, 395, 936, 1839, 1653, 1023, 601, 2842, 205, 0, 0
15:05:49, 1269.30, 30.43, 28.92, 30.016, 319, 541, 1305, 2431, 3409, 3447, 3134, 2398, 10418, 760, 0, 0, 107, 135, 390, 921, 1854, 1681, 1047, 623, 3121, 228, 0, 0
15:05:50, 1269.10, 30.43, 28.96, 30.016, 327, 561, 1330, 2452, 3917, 4065, 3731, 2953, 11779, 826, 0, 0, 105, 135, 389, 919, 1842, 1654, 1029, 605, 2862, 207, 0, 0
15:05:51, 1272.30, 30.43, 28.94, 30.008, 255, 433, 1056, 2011, 3150, 3184, 2904, 2099, 7847, 550, 0, 0, 107, 136, 397, 942, 1879, 1685, 1044, 609, 2805, 203, 0, 0
15:05:51, 1279.80, 30.43, 28.98, 30.008, 283, 475, 1175, 2263, 3513, 3557, 3206, 2346, 8244, 553, 0, 0, 95, 118, 344, 829, 1659, 1494, 906, 526, 2591, 188, 0, 0
15:05:52, 1279.80, 30.43, 28.94, 30.008, 277, 467, 1145, 2156, 3369, 3418, 3071, 2347, 6803, 442, 0, 0, 98, 123, 358, 860, 1737, 1565, 956, 557, 2587, 188, 0, 0
15:05:53, 1279.30, 30.43, 28.98, 30.000, 281, 470, 1159, 2215, 3561, 3612, 3272, 2426, 7967, 530, 0, 0, 97, 121, 354, 849, 1709, 1540, 946, 552, 2639, 191, 0, 0
15:05:53, 1278.20, 30.43, 28.94, 30.000, 259, 438, 1081, 2066, 3161, 3180, 2883, 2092, 8508, 600, 0, 0, 96, 120, 349, 838, 1697, 1531, 938, 547, 2740, 200, 0, 0
15:05:54, 1278.30, 30.43, 28.92, 30.000, 307, 496, 1209, 2258, 3428, 3502, 3137, 2455, 10583, 773, 0, 0, 98, 122, 355, 848, 1705, 1542, 948, 556, 2760, 201, 0, 0
15:05:55, 1276.30, 30.42, 28.98, 29.992, 276, 467, 1146, 2154, 3450, 3512, 3182, 2383, 9564, 672, 0, 0, 100, 126, 367, 875, 1784, 1604, 993, 581, 2736, 198, 0, 0
15:05:55, 1277.20, 30.42, 28.94, 29.992, 283, 477, 1170, 2233, 3465, 3518, 3192, 2366, 8193, 557, 0, 0, 100, 126, 368, 879, 1775, 1596, 979, 569, 2648, 192, 0, 0
15:05:56, 1281.80, 30.42, 28.98, 29.992, 299, 507, 1251, 2366, 3716, 3817, 3439, 2582, 9516, 643, 0, 0, 95, 118, 343, 826, 1685, 1523, 934, 546, 2731, 199, 0, 0
15:05:57, 1279.20, 30.42, 28.92, 29.984, 264, 441, 1088, 2065, 3317, 3370, 3022, 2223, 9056, 638, 0, 0, 97, 121, 354, 851, 1755, 1577, 971, 565, 2739, 199, 0, 0
15:05:57, 1278.20, 30.42, 28.98, 29.992, 257, 432, 1064, 2048, 3135, 3146, 2894, 2089, 9075, 663, 0, 0, 104, 131, 380, 906, 1792, 1609, 993, 578, 2838, 206, 0, 0
15:05:58, 1283.30, 30.42, 28.98, 29.992, 275, 465, 1145, 2183, 3503, 3592, 3187, 2412, 9855, 684, 0, 0, 95, 119, 347, 836, 1681, 1518, 927, 540, 2689, 196, 0, 0
15:05:59, 1286.00, 30.42, 28.94, 29.984, 263, 402, 1008, 1861, 2947, 2973, 2610, 1993, 9431, 729, 0, 0, 97, 119, 348, 838, 1667, 1508, 924, 539, 2693, 196, 0, 0
15:05:59, 1282.70, 30.42, 28.98, 29.984, 258, 427, 1052, 2031, 3136, 3201, 2886, 2164, 6823, 455, 0, 0, 99, 123, 359, 863, 1783, 1601, 978, 566, 2584, 187, 0, 0
15:06:00, 1284.70, 30.42, 28.98, 29.984, 250, 403, 996, 1936, 3242, 3282, 2922, 2173, 6491, 423, 0, 0, 97, 121, 354, 857, 1702, 1530, 927, 534, 2526, 183, 0, 0
15:06:01, 1289.60, 30.41, 28.94, 29.984, 273, 452, 1127, 2181, 3310, 3381, 3006, 2284, 9987, 728, 0, 0, 92, 113, 332, 806, 1639, 1484, 905, 527, 2659, 194, 0, 0
15:06:01, 1291.00, 30.41, 28.94, 29.984, 241, 387, 960, 1781, 2865, 2895, 2551, 1928, 8737, 645, 0, 0, 91, 111, 325, 786, 1605, 1447, 882, 511, 2562, 187, 0, 0
15:06:02, 1290.20, 30.41, 28.98, 29.977, 241, 404, 1005, 1957, 3130, 3173, 2886, 2063, 8016, 566, 0, 0, 94, 116, 340, 826, 1693, 1519, 923, 528, 2514, 182, 0, 0
15:06:03, 1295.40, 30.41, 28.96, 29.977, 221, 357, 906, 1800, 2984, 3017, 2655, 1881, 6539, 439, 0, 0, 87, 106, 313, 769, 1554, 1401, 840, 480, 2360, 172, 0, 0
15:06:03, 1298.50, 30.41, 28.98, 29.977, 235, 380, 959, 1882, 2955, 3009, 2649, 1917, 6123, 407, 0, 0, 86, 104, 307, 754, 1524, 1372, 825, 471, 2306, 168, 0, 0
15:06:04, 1298.90, 30.41, 29.00, 29.977, 225, 373, 940, 1824, 2920, 2971, 2624, 1892, 7180, 491, 0, 0, 84, 103, 302, 741, 1536, 1384, 837, 479, 2386, 174, 0, 0
15:06:05, 1300.10, 30.41, 28.98, 29.977, 228, 368, 933, 1799, 2807, 2814, 2452, 1759, 7708, 557, 0, 0, 83, 100, 296, 729, 1505, 1356, 811, 462, 2341, 171, 0, 0
15:06:05, 1303.30, 30.41, 28.98, 29.977, 244, 400, 1011, 1985, 3260, 3348, 2953, 2166, 8653, 592, 0, 0, 82, 98, 291, 717, 1481, 1335, 801, 456, 2271, 165, 0, 0
15:06:06, 1308.00, 30.40, 28.98, 29.969, 226, 373, 942, 1837, 2887, 2937, 2585, 1868, 7600, 528, 0, 0, 79, 94, 278, 689, 1435, 1295, 772, 438, 2246, 165, 0, 0
15:06:07, 1311.60, 30.41, 28.96, 29.977, 201, 327, 833, 1656, 2699, 2721, 2405, 1660, 6795, 481, 0, 0, 77, 92, 273, 682, 1423, 1284, 763, 430, 2200, 161, 0, 0
15:06:07, 1311.50, 30.40, 29.00, 29.977, 197, 316, 804, 1592, 2628, 2671, 2369, 1691, 7307, 532, 0, 0, 76, 91, 269, 672, 1427, 1285, 764, 430, 2135, 156, 0, 0
15:06:08, 1311.10, 30.40, 28.98, 29.969, 190, 307, 776, 1552, 2674, 2702, 2387, 1675, 6196, 426, 0, 0, 78, 94, 277, 687, 1446, 1303, 778, 440, 2160, 157, 0, 0
15:06:09, 1315.00, 30.40, 28.98, 29.977, 209, 338, 867, 1736, 2819, 2864, 2490, 1749, 6897, 474, 0, 0, 75, 89, 264, 662, 1385, 1248, 735, 411, 2123, 155, 0, 0
15:06:09, 1319.10, 30.40, 28.96, 29.977, 190, 304, 791, 1595, 2692, 2721, 2352, 1624, 6542, 453, 0, 0, 73, 86, 256, 645, 1360, 1226, 724, 405, 2091, 153, 0, 0
15:06:10, 1320.10, 30.40, 28.98, 29.969, 189, 305, 779, 1541, 2445, 2464, 2162, 1523, 6544, 472, 0, 0, 73, 86, 255, 642, 1361, 1222, 721, 401, 2046, 149, 0, 0
15:06:11, 1323.20, 30.40, 29.01, 29.969, 180, 291, 749, 1505, 2523, 2547, 2191, 1519, 6361, 445, 0, 0, 71, 83, 249, 629, 1334, 1202, 705, 393, 2035, 149, 0, 0
15:06:11, 1327.10, 30.40, 28.98, 29.969, 195, 307, 805, 1644, 2605, 2639, 2253, 1553, 6397, 447, 0, 0, 70, 81, 241, 614, 1297, 1170, 681, 377, 1999, 147, 0, 0
15:06:12, 1328.30, 30.40, 28.98, 29.961, 179, 284, 738, 1487, 2477, 2502, 2143, 1490, 4975, 332, 0, 0, 71, 82, 246, 624, 1357, 1221, 712, 395, 1921, 140, 0, 0
15:06:13, 1332.30, 30.39, 28.96, 29.969, 175, 271, 703, 1446, 2317, 2343, 2015, 1351, 5191, 359, 0, 0, 68, 78, 235, 600, 1274, 1145, 665, 366, 1891, 138, 0, 0
15:06:13, 1336.00, 30.39, 28.98, 29.969, 150, 228, 602, 1211, 1873, 1842, 1558, 1046, 5415, 422, 0, 0, 69, 79, 236, 605, 1256, 1134, 658, 362, 1974, 145, 0, 0
15:06:14, 1339.10, 30.39, 28.94, 29.961, 170, 264, 690, 1398, 2236, 2246, 1896, 1319, 6146, 452, 0, 0, 65, 74, 220, 566, 1209, 1089, 630, 347, 1857, 136, 0, 0
15:06:14, 1341.60, 30.39, 28.98, 29.961, 167, 260, 684, 1401, 2280, 2300, 1949, 1323, 5803, 414, 0, 0, 64, 73, 219, 566, 1206, 1082, 622, 339, 1781, 130, 0, 0
15:06:15, 1344.90, 30.39, 28.96, 29.961, 154, 237, 633, 1323, 2238, 2252, 1885, 1244, 5342, 376, 0, 0, 62, 69, 209, 546, 1194, 1071, 613, 332, 1722, 126, 0, 0
15:06:16, 1345.60, 30.39, 28.98, 29.961, 154, 233, 618, 1301, 2154, 2176, 1825, 1233, 4127, 273, 0, 0, 64, 72, 217, 564, 1220, 1095, 626, 339, 1703, 124, 0, 0
15:06:16, 1347.70, 30.39, 28.98, 29.961, 143, 217, 576, 1200, 2069, 2085, 1736, 1157, 4198, 286, 0, 0, 61, 68, 206, 538, 1167, 1049, 598, 324, 1684, 123, 0, 0
15:06:17, 1351.60, 30.39, 28.98, 29.953, 155, 237, 641, 1351, 2085, 2097, 1747, 1172, 5545, 407, 0, 0, 65, 72, 215, 561, 1243, 1131, 653, 357, 2031, 153, 0, 0
15:06:18, 1352.60, 30.38, 28.96, 29.953, 143, 217, 581, 1202, 2041, 2052, 1700, 1138, 5159, 366, 0, 0, 59, 65, 197, 516, 1127, 1017, 581, 315, 1746, 129, 0, 0
15:06:18, 1353.30, 30.38, 29.01, 29.953, 150, 228, 608, 1274, 2165, 2180, 1813, 1208, 5405, 383, 0, 0, 60, 67, 201, 525, 1141, 1026, 588, 318, 1700, 124, 0, 0
15:06:19, 1357.20, 30.38, 28.98, 29.937, 149, 225, 609, 1287, 2109, 2128, 1751, 1154, 5081, 355, 0, 0, 56, 62, 188, 496, 1083, 974, 548, 293, 1595, 117, 0, 0
15:06:20, 1359.20, 30.38, 28.98, 29.945, 133, 200, 543, 1151, 1987, 1994, 1636, 1062, 4067, 276, 0, 0, 56, 62, 186, 492, 1083, 975, 549, 294, 1555, 114, 0, 0
15:06:20, 1361.00, 30.38, 28.98, 29.945, 141, 207, 557, 1185, 1997, 2018, 1667, 1099, 3873, 258, 0, 0, 55, 61, 184, 487, 1064, 957, 538, 288, 1546, 114, 0, 0
15:06:21, 1362.80, 30.38, 28.98, 29.937, 122, 180, 486, 1039, 1810, 1822, 1493, 967, 3768, 260, 0, 0, 54, 59, 179, 476, 1054, 949, 533, 284, 1563, 115, 0, 0
15:06:22, 1364.00, 30.37, 29.01, 29.937, 132, 199, 537, 1154, 1979, 1992, 1658, 1074, 4702, 333, 0, 0, 55, 60, 182, 482, 1058, 953, 539, 289, 1602, 118, 0, 0
15:06:22, 1364.10, 30.37, 29.00, 29.937, 123, 185, 501, 1048, 1774, 1769, 1454, 941, 4324, 311, 0, 0, 53, 59, 177, 471, 1032, 927, 521, 278, 1539, 113, 0, 0
15:06:23, 1366.30, 30.37, 29.00, 29.930, 130, 195, 532, 1143, 1983, 1989, 1630, 1044, 4553, 319, 0, 0, 53, 58, 175, 467, 1030, 927, 518, 276, 1520, 111, 0, 0
15:06:24, 1369.20, 30.37, 29.00, 29.930, 126, 187, 509, 1091, 1821, 1836, 1492, 970, 4222, 297, 0, 0, 51, 55, 168, 451, 1000, 898, 498, 264, 1451, 106, 0, 0
15:06:24, 1370.60, 30.37, 29.00, 29.930, 119, 175, 475, 1021, 1793, 1810, 1469, 950, 3434, 231, 0, 0, 52, 56, 171, 458, 1008, 905, 504, 268, 1448, 106, 0, 0
15:06:25, 1372.90, 30.37, 28.98, 29.930, 117, 172, 468, 1017, 1742, 1746, 1415, 893, 3707, 257, 0, 0, 50, 54, 164, 443, 984, 885, 490, 259, 1462, 108, 0, 0
15:06:26, 1376.20, 30.37, 28.98, 29.937, 114, 170, 463, 997, 1770, 1772, 1442, 926, 4312, 309, 0, 0, 49, 53, 161, 435, 968, 872, 483, 256, 1457, 107, 0, 0
15:06:26, 1379.90, 30.37, 29.01, 29.937, 117, 170, 463, 991, 1668, 1676, 1345, 876, 4195, 307, 0, 0, 48, 52, 157, 423, 946, 851, 471, 248, 1421, 104, 0, 0
15:06:27, 1385.50, 30.37, 29.01, 29.930, 109, 156, 433, 936, 1641, 1636, 1297, 824, 3999, 291, 0, 0, 47, 50, 151, 412, 922, 830, 455, 239, 1379, 101, 0, 0
15:06:28, 1389.80, 30.37, 29.00, 29.937, 105, 152, 422, 925, 1607, 1604, 1285, 802, 3715, 265, 0, 0, 45, 47, 144, 396, 889, 798, 435, 226, 1281, 94, 0, 0
15:06:28, 1395.90, 30.37, 29.00, 29.937, 105, 153, 423, 933, 1660, 1668, 1324, 833, 3539, 245, 0, 0, 43, 45, 139, 381, 869, 782, 424, 220, 1298, 96, 0, 0
15:06:29, 1399.80, 30.36, 29.01, 29.922, 90, 128, 357, 795, 1421, 1419, 1122, 680, 3192, 229, 0, 0, 41, 43, 130, 362, 829, 744, 398, 204, 1183, 87, 0, 0
15:06:30, 1400.70, 30.37, 29.01, 29.937, 91, 125, 352, 799, 1438, 1445, 1127, 687, 2695, 183, 0, 0, 42, 43, 132, 368, 836, 749, 402, 206, 1164, 85, 0, 0
15:06:30, 1404.20, 30.36, 28.98, 29.937, 93, 132, 369, 829, 1479, 1479, 1165, 716, 3306, 234, 0, 0, 40, 42, 127, 354, 816, 734, 394, 203, 1204, 89, 0, 0
15:06:31, 1408.10, 30.36, 29.01, 29.930, 89, 123, 346, 767, 1356, 1347, 1041, 642, 3262, 241, 0, 0, 40, 41, 125, 349, 798, 717, 383, 196, 1177, 87, 0, 0
15:06:32, 1411.00, 30.36, 29.03, 29.930, 88, 122, 346, 779, 1408, 1407, 1088, 662, 3199, 228, 0, 0, 38, 38, 118, 332, 771, 691, 365, 186, 1089, 80, 0, 0
15:06:32, 1411.70, 30.36, 29.01, 29.937, 84, 116, 330, 759, 1339, 1340, 1028, 612, 2549, 174, 0, 0, 38, 39, 118, 335, 780, 697, 367, 185, 1062, 78, 0, 0
15:06:33, 1413.50, 30.36, 28.98, 29.930, 83, 113, 322, 745, 1398, 1399, 1074, 641, 2609, 177, 0, 0, 38, 38, 117, 332, 772, 692, 364, 184, 1073, 79, 0, 0
15:06:34, 1416.50, 30.36, 29.01, 29.930, 85, 117, 334, 762, 1293, 1289, 992, 601, 3045, 224, 0, 0, 39, 39, 119, 336, 781, 704, 374, 191, 1178, 88, 0, 0
15:06:34, 1418.60, 30.36, 29.07, 29.937, 86, 119, 338, 764, 1385, 1382, 1066, 649, 3165, 226, 0, 0, 37, 37, 114, 323, 754, 677, 358, 182, 1103, 81, 0, 0
15:06:35, 1419.10, 30.36, 29.01, 29.930, 84, 113, 323, 736, 1337, 1335, 1014, 610, 3021, 217, 0, 0, 36, 36, 111, 316, 747, 669, 351, 177, 1065, 78, 0, 0
15:06:36, 1421.00, 30.36, 29.01, 29.930, 81, 110, 315, 734, 1375, 1372, 1045, 618, 2910, 204, 0, 0, 36, 36, 110, 314, 738, 663, 346, 174, 1039, 76, 0, 0
15:06:36, 1424.00, 30.36, 29.00, 29.922, 86, 118, 338, 782, 1412, 1415, 1085, 650, 2947, 204, 0, 0, 35, 36, 109, 311, 729, 655, 342, 172, 1028, 75, 0, 0
15:06:37, 1429.10, 30.35, 29.03, 29.922, 79, 107, 307, 713, 1269, 1268, 966, 569, 2611, 184, 0, 0, 34, 34, 105, 302, 714, 642, 334, 167, 1040, 77, 0, 0
15:06:38, 1430.30, 30.35, 29.03, 29.922, 74, 101, 288, 674, 1277, 1277, 967, 566, 2529, 175, 0, 0, 34, 34, 103, 297, 715, 642, 332, 166, 964, 70, 0, 0
15:06:38, 1430.10, 30.35, 29.05, 29.922, 73, 97, 277, 654, 1213, 1212, 914, 535, 2240, 153, 0, 0, 34, 33, 103, 297, 698, 626, 323, 161, 967, 71, 0, 0
15:06:39, 1434.60, 30.35, 29.01, 29.930, 70, 94, 271, 631, 1125, 1113, 834, 487, 2599, 193, 0, 0, 35, 34, 104, 301, 716, 646, 336, 169, 1069, 80, 0, 0
15:06:40, 1435.60, 30.35, 29.01, 29.930, 72, 92, 267, 619, 1184, 1184, 880, 524, 2708, 197, 0, 0, 33, 32, 99, 286, 685, 615, 318, 158, 979, 72, 0, 0
15:06:40, 1433.50, 30.35, 29.03, 29.922, 68, 90, 260, 617, 1137, 1131, 847, 488, 2480, 178, 0, 0, 34, 34, 104, 301, 709, 634, 328, 163, 1005, 73, 0, 0
15:06:41, 1436.40, 30.35, 29.03, 29.922, 74, 97, 283, 672, 1275, 1268, 946, 548, 2658, 186, 0, 0, 32, 32, 98, 284, 678, 609, 313, 156, 963, 71, 0, 0
15:06:42, 1439.40, 30.35, 29.07, 29.922, 75, 97, 281, 658, 1183, 1183, 877, 521, 2645, 191, 0, 0, 33, 32, 98, 286, 678, 611, 314, 157, 988, 73, 0, 0
15:06:42, 1440.20, 30.35, 29.03, 29.930, 70, 93, 269, 635, 1192, 1187, 886, 511, 2361, 164, 0, 0, 32, 31, 96, 280, 677, 606, 310, 153, 908, 66, 0, 0
15:06:43, 1441.80, 30.35, 29.05, 29.937, 72, 94, 273, 655, 1207, 1207, 899, 518, 2196, 149, 0, 0, 32, 31, 96, 280, 666, 597, 304, 150, 900, 66, 0, 0
15:06:44, 1445.60, 30.34, 29.03, 29.937, 67, 89, 257, 612, 1130, 1126, 836, 481, 2309, 163, 0, 0, 30, 30, 91, 267, 645, 579, 295, 145, 926, 68, 0, 0
15:06:44, 1444.50, 30.35, 29.03, 29.930, 67, 88, 255, 606, 1147, 1139, 850, 489, 2492, 179, 0, 0, 30, 29, 91, 266, 649, 580, 296, 146, 900, 66, 0, 0
15:06:45, 1443.90, 30.35, 29.03, 29.930, 65, 85, 248, 590, 1105, 1095, 806, 462, 2400, 173, 0, 0, 31, 30, 92, 271, 656, 588, 300, 148, 923, 68, 0, 0
15:06:46, 1440.20, 30.34, 29.05, 29.930, 68, 89, 259, 621, 1156, 1151, 859, 491, 2422, 172, 0, 0, 33, 32, 99, 288, 683, 610, 314, 155, 944, 69, 0, 0
15:06:46, 1441.30, 30.34, 29.03, 29.922, 70, 92, 267, 640, 1191, 1186, 884, 507, 2427, 170, 0, 0, 32, 31, 96, 280, 663, 595, 305, 151, 930, 68, 0, 0
15:06:47, 1443.00, 30.34, 29.01, 29.922, 70, 92, 266, 629, 1163, 1156, 858, 497, 2518, 180, 0, 0, 31, 30, 93, 273, 656, 590, 301, 149, 929, 68, 0, 0
15:06:48, 1442.90, 30.35, 29.05, 29.914, 68, 89, 259, 621, 1151, 1149, 851, 485, 2197, 152, 0, 0, 32, 31, 95, 279, 668, 598, 305, 150, 900, 66, 0, 0
15:06:48, 1442.80, 30.34, 29.05, 29.922, 67, 88, 256, 616, 1166, 1163, 863, 495, 2206, 152, 0, 0, 32, 31, 95, 278, 668, 598, 306, 151, 906, 66, 0, 0
15:06:49, 1444.40, 30.34, 29.05, 29.922, 69, 92, 266, 635, 1179, 1174, 873, 504, 2476, 175, 0, 0, 31, 30, 93, 273, 654, 588, 301, 148, 925, 68, 0, 0
15:06:50, 1444.20, 30.34, 29.07, 29.914, 70, 92, 268, 639, 1191, 1183, 877, 504, 2493, 175, 0, 0, 31, 30, 92, 270, 650, 583, 297, 146, 907, 67, 0, 0
15:06:50, 1445.30, 30.34, 29.07, 29.922, 69, 90, 262, 627, 1173, 1170, 864, 497, 2407, 169, 0, 0, 31, 30, 91, 269, 649, 582, 297, 146, 903, 66, 0, 0
15:06:51, 1448.40, 30.34, 29.05, 29.922, 69, 90, 264, 633, 1199, 1193, 886, 505, 2363, 164, 0, 0, 31, 30, 91, 268, 645, 580, 296, 146, 909, 67, 0, 0
15:06:52, 1451.30, 30.34, 29.03, 29.906, 67, 87, 253, 607, 1128, 1124, 830, 472, 2203, 154, 0, 0, 30, 29, 89, 264, 633, 568, 288, 141, 876, 64, 0, 0
15:06:52, 1450.80, 30.34, 29.07, 29.914, 66, 86, 250, 602, 1135, 1131, 832, 472, 2051, 140, 0, 0, 30, 29, 90, 265, 641, 575, 291, 142, 859, 63, 0, 0
15:06:53, 1450.30, 30.34, 29.05, 29.914, 65, 83, 243, 591, 1110, 1105, 810, 457, 2068, 142, 0, 0, 30, 29, 89, 264, 635, 569, 289, 141, 877, 64, 0, 0
15:06:54, 1450.60, 30.34, 29.03, 29.906, 67, 87, 255, 610, 1150, 1143, 843, 482, 2402, 169, 0, 0, 30, 29, 89, 262, 633, 568, 289, 142, 888, 65, 0, 0
15:06:54, 1451.10, 30.34, 29.03, 29.906, 67, 87, 253, 606, 1133, 1128, 827, 476, 2415, 172, 0, 0, 30, 29, 88, 261, 632, 567, 288, 141, 877, 64, 0, 0
15:06:55, 1449.30, 30.34, 29.07, 29.906, 65, 85, 248, 603, 1123, 1116, 818, 458, 2091, 143, 0, 0, 31, 30, 92, 271, 656, 587, 298, 146, 871, 63, 0, 0
15:06:56, 1449.50, 30.34, 29.05, 29.906, 66, 86, 251, 606, 1162, 1159, 853, 485, 2107, 143, 0, 0, 31, 30, 92, 271, 646, 579, 294, 144, 885, 65, 0, 0
15:06:56, 1452.10, 30.34, 29.03, 29.906, 65, 84, 246, 589, 1066, 1059, 773, 442, 2337, 170, 0, 0, 31, 30, 91, 268, 642, 578, 294, 144, 927, 68, 0, 0
15:06:57, 1448.50, 30.34, 29.07, 29.906, 67, 86, 252, 607, 1130, 1123, 823, 468, 2392, 170, 0, 0, 31, 30, 91, 270, 666, 595, 304, 149, 928, 68, 0, 0
15:06:58, 1449.50, 30.33, 29.05, 29.898, 63, 82, 240, 581, 1130, 1123, 825, 471, 2445, 175, 0, 0, 31, 30, 93, 275, 653, 584, 298, 146, 918, 67, 0, 0
15:06:58, 1451.10, 30.33, 29.05, 29.914, 70, 91, 266, 638, 1190, 1184, 867, 496, 2483, 175, 0, 0, 30, 29, 90, 265, 639, 573, 291, 142, 901, 66, 0, 0
15:06:59, 1449.10, 30.33, 29.07, 29.914, 67, 87, 254, 617, 1150, 1144, 839, 472, 2246, 156, 0, 0, 31, 30, 91, 270, 657, 587, 297, 145, 882, 64, 0, 0
15:06:59, 1448.40, 30.33, 29.09, 29.906, 67, 86, 252, 614, 1184, 1180, 867, 491, 2081, 141, 0, 0, 32, 31, 95, 280, 670, 599, 303, 149, 895, 65, 0, 0
15:07:00, 1451.40, 30.34, 29.07, 29.906, 70, 92, 267, 644, 1197, 1190, 879, 500, 2377, 165, 0, 0, 30, 29, 91, 268, 645, 578, 293, 144, 911, 67, 0, 0
15:07:01, 1453.70, 30.34, 29.07, 29.906, 65, 83, 244, 579, 1079, 1070, 778, 447, 2431, 178, 0, 0, 31, 29, 90, 267, 639, 575, 291, 143, 921, 68, 0, 0
15:07:01, 1449.60, 30.33, 29.05, 29.922, 65, 84, 245, 594, 1093, 1083, 792, 444, 2329, 167, 0, 0, 32, 31, 96, 282, 677, 604, 308, 150, 946, 69, 0, 0
15:07:02, 1449.20, 30.34, 29.07, 29.922, 65, 84, 248, 603, 1147, 1140, 838, 471, 2348, 164, 0, 0, 32, 31, 95, 280, 672, 599, 305, 148, 925, 67, 0, 0
15:07:03, 1449.90, 30.34, 29.11, 29.922, 69, 89, 262, 633, 1183, 1177, 862, 491, 2415, 169, 0, 0, 30, 29, 90, 267, 654, 584, 296, 144, 897, 65, 0, 0
15:07:03, 1450.40, 30.34, 29.07, 29.922, 68, 88, 259, 628, 1190, 1184, 872, 494, 2382, 166, 0, 0, 30, 30, 91, 269, 654, 584, 295, 144, 880, 64, 0, 0
15:07:04, 1449.60, 30.34, 29.09, 29.922, 64, 83, 242, 589, 1114, 1110, 812, 458, 2037, 140, 0, 0, 31, 30, 92, 271, 657, 587, 296, 144, 873, 64, 0, 0
15:07:05, 1447.60, 30.34, 29.07, 29.930, 66, 85, 248, 603, 1164, 1160, 848, 479, 2029, 137, 0, 0, 31, 30, 93, 276, 664, 593, 300, 146, 882, 64, 0, 0
15:07:05, 1446.20, 30.34, 29.07, 29.922, 66, 86, 251, 608, 1139, 1132, 833, 470, 2305, 162, 0, 0, 31, 30, 93, 275, 665, 594, 302, 148, 934, 68, 0, 0
15:07:06, 1446.70, 30.34, 29.09, 29.922, 69, 89, 259, 616, 1181, 1176, 863, 501, 2552, 182, 0, 0, 31, 30, 94, 275, 659, 591, 301, 148, 946, 69, 0, 0
15:07:07, 1446.60, 30.34, 29.11, 29.930, 72, 94, 275, 653, 1220, 1216, 898, 518, 2546, 179, 0, 0, 31, 30, 92, 271, 653, 584, 297, 146, 923, 68, 0, 0
15:07:07, 1444.50, 30.34, 29.11, 29.937, 65, 84, 247, 598, 1115, 1111, 818, 462, 2251, 158, 0, 0, 32, 31, 96, 283, 686, 611, 311, 152, 915, 66, 0, 0
15:07:08, 1442.90, 30.34, 29.07, 29.937, 65, 84, 247, 598, 1159, 1156, 852, 483, 2091, 143, 0, 0, 32, 32, 97, 285, 682, 608, 308, 151, 900, 65, 0, 0
15:07:09, 1442.10, 30.34, 29.11, 29.930, 68, 89, 258, 625, 1179, 1177, 867, 492, 2185, 149, 0, 0, 32, 31, 95, 279, 669, 598, 304, 149, 908, 66, 0, 0
15:07:09, 1441.60, 30.34, 29.09, 29.930, 70, 92, 269, 642, 1188, 1180, 877, 505, 2585, 184, 0, 0, 32, 32, 96, 282, 677, 608, 313, 155, 978, 72, 0, 0
15:07:10, 1441.90, 30.34, 29.11, 29.930, 71, 92, 268, 630, 1158, 1157, 852, 497, 2458, 176, 0, 0, 32, 31, 97, 282, 673, 605, 311, 154, 973, 72, 0, 0
15:07:11, 1441.80, 30.34, 29.07, 29.906, 70, 91, 266, 634, 1206, 1201, 892, 516, 2603, 185, 0, 0, 32, 32, 98, 287, 681, 609, 313, 154, 953, 70, 0, 0
15:07:11, 1441.50, 30.34, 29.07, 29.914, 68, 89, 259, 626, 1156, 1151, 853, 484, 2362, 166, 0, 0, 32, 32, 98, 287, 687, 613, 314, 154, 929, 68, 0, 0
15:07:12, 1440.40, 30.34, 29.09, 29.914, 66, 85, 250, 603, 1158, 1153, 850, 480, 2124, 146, 0, 0, 33, 32, 99, 289, 689, 617, 315, 155, 921, 67, 0, 0
15:07:13, 1441.50, 30.34, 29.11, 29.906, 75, 99, 287, 687, 1279, 1279, 955, 553, 2501, 171, 0, 0, 32, 31, 96, 281, 669, 600, 307, 151, 926, 68, 0, 0
15:07:13, 1441.30, 30.34, 29.09, 29.914, 69, 91, 264, 623, 1148, 1140, 841, 487, 2527, 181, 0, 0, 32, 31, 96, 280, 673, 605, 311, 154, 967, 71, 0, 0
15:07:14, 1439.00, 30.34, 29.14, 29.914, 72, 94, 273, 649, 1225, 1221, 906, 528, 2677, 191, 0, 0, 33, 32, 99, 288, 688, 617, 318, 158, 977, 71, 0, 0
15:07:15, 1438.90, 30.34, 29.14, 29.914, 73, 96, 280, 663, 1236, 1230, 916, 529, 2587, 181, 0, 0, 33, 32, 100, 291, 702, 627, 324, 160, 964, 70, 0, 0
15:07:15, 1438.40, 30.34, 29.11, 29.914, 70, 92, 265, 640, 1193, 1193, 887, 507, 2329, 162, 0, 0, 34, 33, 103, 299, 714, 639, 330, 162, 956, 69, 0, 0
15:07:16, 1437.50, 30.34, 29.12, 29.914, 71, 93, 270, 650, 1216, 1213, 902, 517, 2270, 155, 0, 0, 33, 33, 100, 293, 696, 624, 320, 158, 939, 68, 0, 0
15:07:17, 1436.90, 30.34, 29.12, 29.914, 73, 96, 280, 668, 1246, 1243, 927, 535, 2436, 168, 0, 0, 33, 32, 99, 288, 687, 617, 317, 157, 956, 70, 0, 0
15:07:17, 1434.30, 30.34, 29.07, 29.914, 74, 98, 283, 668, 1238, 1235, 925, 542, 2770, 199, 0, 0, 34, 34, 103, 299, 718, 644, 335, 167, 1039, 76, 0, 0
15:07:18, 1432.80, 30.34, 29.09, 29.914, 73, 97, 280, 658, 1233, 1226, 912, 531, 2670, 190, 0, 0, 35, 34, 106, 305, 726, 650, 338, 168, 1043, 76, 0, 0
15:07:19, 1433.20, 30.34, 29.12, 29.930, 78, 103, 299, 707, 1320, 1317, 989, 580, 2900, 205, 0, 0, 35, 35, 106, 307, 725, 649, 338, 168, 1032, 75, 0, 0
15:07:19, 1434.30, 30.34, 29.11, 29.930, 72, 96, 278, 659, 1190, 1182, 885, 509, 2531, 180, 0, 0, 34, 34, 103, 299, 707, 632, 326, 161, 980, 71, 0, 0
15:07:20, 1434.00, 30.34, 29.11, 29.930, 71, 94, 271, 648, 1206, 1207, 902, 520, 2406, 168, 0, 0, 34, 34, 104, 301, 710, 635, 328, 162, 962, 70, 0, 0
15:07:21, 1432.10, 30.34, 29.11, 29.937, 73, 97, 281, 672, 1225, 1224, 919, 530, 2299, 158, 0, 0, 34, 34, 104, 303, 723, 647, 334, 165, 967, 70, 0, 0
15:07:21, 1427.90, 30.34, 29.12, 29.937, 69, 91, 262, 626, 1170, 1170, 876, 504, 2231, 154, 0, 0, 35, 35, 108, 312, 744, 665, 345, 171, 1004, 73, 0, 0
15:07:22, 1425.50, 30.34, 29.11, 29.937, 75, 101, 292, 689, 1303, 1299, 986, 577, 2846, 201, 0, 0, 35, 35, 109, 313, 740, 663, 346, 173, 1054, 77, 0, 0
15:07:23, 1424.60, 30.35, 29.09, 29.945, 80, 107, 309, 717, 1311, 1310, 989, 588, 2918, 207, 0, 0, 36, 36, 111, 318, 749, 670, 350, 175, 1087, 80, 0, 0
15:07:23, 1424.20, 30.35, 29.07, 29.945, 74, 98, 284, 669, 1227, 1216, 919, 531, 2718, 195, 0, 0, 37, 38, 116, 331, 780, 697, 366, 183, 1112, 81, 0, 0
15:07:24, 1425.20, 30.35, 29.14, 29.930, 76, 102, 294, 693, 1293, 1293, 983, 579, 2838, 201, 0, 0, 37, 37, 113, 324, 762, 680, 356, 177, 1066, 78, 0, 0
15:07:25, 1423.10, 30.35, 29.14, 29.937, 73, 99, 284, 666, 1203, 1200, 908, 528, 2533, 179, 0, 0, 37, 37, 113, 325, 770, 688, 360, 179, 1054, 77, 0, 0
15:07:25, 1422.00, 30.35, 29.07, 29.937, 73, 97, 279, 663, 1246, 1248, 951, 554, 2560, 180, 0, 0, 37, 37, 113, 323, 751, 673, 351, 175, 1040, 76, 0, 0
15:07:26, 1421.90, 30.35, 29.11, 29.930, 78, 106, 305, 710, 1299, 1298, 988, 585, 2771, 195, 0, 0, 36, 36, 110, 315, 741, 665, 347, 174, 1050, 77, 0, 0
15:07:27, 1421.10, 30.35, 29.11, 29.930, 81, 111, 316, 733, 1349, 1348, 1037, 614, 2885, 202, 0, 0, 36, 37, 112, 322, 758, 679, 356, 178, 1053, 77, 0, 0
15:07:27, 1420.90, 30.35, 29.16, 29.930, 78, 105, 301, 704, 1292, 1294, 987, 582, 2623, 183, 0, 0, 37, 37, 113, 324, 763, 682, 357, 178, 1039, 76, 0, 0
15:07:28, 1417.40, 30.35, 29.11, 29.930, 79, 106, 304, 713, 1343, 1346, 1026, 606, 2533, 173, 0, 0, 37, 38, 116, 331, 785, 702, 368, 185, 1061, 77, 0, 0
15:07:29, 1413.30, 30.35, 29.12, 29.922, 83, 112, 320, 747, 1354, 1359, 1043, 620, 2801, 194, 0, 0, 39, 39, 120, 342, 811, 725, 384, 194, 1146, 84, 0, 0
15:07:29, 1411.30, 30.34, 29.12, 29.922, 83, 112, 321, 738, 1373, 1369, 1046, 629, 3117, 223, 0, 0, 39, 40, 123, 347, 814, 730, 389, 197, 1197, 88, 0, 0
15:07:30, 1410.60, 30.35, 29.12, 29.922, 92, 126, 356, 808, 1459, 1465, 1126, 695, 3329, 238, 0, 0, 40, 40, 123, 347, 814, 731, 389, 198, 1198, 88, 0, 0
15:07:31, 1411.40, 30.34, 29.14, 29.930, 80, 109, 309, 716, 1290, 1286, 992, 586, 2890, 208, 0, 0, 40, 41, 126, 356, 831, 742, 394, 198, 1158, 84, 0, 0
15:07:31, 1410.60, 30.34, 29.12, 29.930, 76, 103, 293, 689, 1280, 1283, 981, 574, 2497, 173, 0, 0, 41, 41, 127, 359, 836, 747, 395, 199, 1125, 82, 0, 0
15:07:32, 1406.50, 30.35, 29.14, 29.930, 85, 114, 324, 754, 1397, 1404, 1081, 648, 2552, 173, 0, 0, 42, 43, 131, 370, 858, 767, 407, 206, 1151, 84, 0, 0
15:07:33, 1404.30, 30.35, 29.14, 29.930, 87, 121, 341, 784, 1405, 1409, 1098, 661, 3043, 214, 0, 0, 42, 43, 132, 370, 857, 768, 411, 209, 1248, 92, 0, 0
15:07:33, 1404.60, 30.35, 29.14, 29.937, 93, 127, 362, 814, 1505, 1505, 1159, 714, 3551, 257, 0, 0, 41, 42, 129, 364, 835, 750, 400, 205, 1241, 92, 0, 0
15:07:34, 1402.20, 30.35, 29.16, 29.937, 90, 123, 349, 791, 1395, 1387, 1071, 648, 3272, 238, 0, 0, 42, 43, 132, 371, 854, 763, 406, 206, 1231, 90, 0, 0
15:07:35, 1401.60, 30.35, 29.16, 29.937, 85, 117, 332, 762, 1346, 1337, 1039, 611, 2919, 208, 0, 0, 43, 45, 138, 386, 903, 804, 431, 219, 1246, 91, 0, 0
15:07:35, 1400.10, 30.35, 29.16, 29.953, 85, 116, 325, 759, 1421, 1429, 1115, 668, 2816, 194, 0, 0, 43, 44, 136, 383, 882, 786, 417, 211, 1181, 86, 0, 0
15:07:36, 1398.90, 30.36, 29.14, 29.961, 93, 128, 363, 830, 1537, 1541, 1199, 728, 2996, 204, 0, 0, 41, 43, 131, 369, 855, 762, 404, 206, 1181, 86, 0, 0
15:07:37, 1395.90, 30.36, 29.12, 29.961, 94, 132, 372, 847, 1488, 1480, 1172, 712, 3587, 263, 0, 0, 45, 46, 141, 393, 906, 812, 437, 225, 1360, 100, 0, 0
15:07:37, 1391.80, 30.36, 29.16, 29.961, 91, 125, 353, 793, 1382, 1369, 1059, 643, 3412, 254, 0, 0, 48, 50, 154, 426, 962, 862, 467, 241, 1478, 109, 0, 0
15:07:38, 1390.20, 30.36, 29.14, 29.961, 97, 133, 376, 839, 1521, 1520, 1179, 736, 3790, 278, 0, 0, 49, 52, 157, 432, 969, 869, 473, 246, 1505, 112, 0, 0
15:07:39, 1390.50, 30.37, 29.14, 29.961, 113, 157, 439, 972, 1738, 1749, 1376, 866, 3884, 272, 0, 0, 46, 48, 147, 406, 926, 831, 449, 233, 1418, 105, 0, 0
15:07:39, 1392.10, 30.36, 29.12, 29.953, 111, 155, 434, 960, 1727, 1736, 1366, 859, 3827, 268, 0, 0, 47, 49, 149, 411, 958, 859, 465, 242, 1496, 111, 0, 0
15:07:40, 1392.80, 30.36, 29.14, 29.961, 105, 143, 404, 901, 1656, 1666, 1299, 815, 3776, 267, 0, 0, 47, 49, 151, 416, 941, 845, 456, 237, 1466, 109, 0, 0
15:07:41, 1392.70, 30.37, 29.16, 29.961, 112, 155, 434, 962, 1726, 1742, 1371, 856, 3562, 244, 0, 0, 47, 49, 149, 411, 950, 853, 461, 240, 1490, 111, 0, 0
15:07:41, 1391.80, 30.37, 29.16, 29.961, 107, 147, 413, 919, 1635, 1652, 1296, 816, 3445, 238, 0, 0, 50, 52, 159, 436, 997, 900, 491, 256, 1588, 120, 0, 0
15:07:42, 1390.10, 30.37, 29.16, 29.969, 104, 145, 403, 896, 1624, 1648, 1304, 816, 3016, 203, 0, 0, 55, 58, 175, 479, 1083, 974, 540, 285, 1694, 127, 0, 0
15:07:42, 1387.40, 30.37, 29.16, 29.969, 107, 151, 417, 927, 1647, 1666, 1346, 841, 2733, 182, 0, 0, 56, 61, 185, 503, 1110, 1003, 548, 292, 1662, 125, 0, 0
15:07:43, 1384.70, 30.37, 29.16, 29.961, 101, 143, 395, 877, 1594, 1600, 1289, 797, 2503, 166, 0, 0, 55, 58, 176, 477, 1057, 958, 521, 274, 1605, 121, 0, 0
15:07:44, 1383.20, 30.37, 29.14, 29.961, 114, 163, 452, 997, 1757, 1777, 1436, 903, 2710, 179, 0, 0, 52, 56, 169, 461, 1010, 912, 495, 259, 1518, 113, 0, 0
15:07:44, 1378.20, 30.37, 29.16, 29.961, 110, 159, 439, 957, 1700, 1706, 1366, 856, 2703, 177, 0, 0, 52, 55, 168, 458, 1023, 923, 504, 265, 1540, 115, 0, 0
15:07:45, 1375.30, 30.38, 29.16, 29.961, 118, 171, 466, 1011, 1734, 1749, 1426, 910, 2627, 173, 0, 0, 54, 59, 178, 480, 1066, 963, 529, 280, 1606, 120, 0, 0
15:07:46, 1372.40, 30.38, 29.18, 29.961, 113, 165, 450, 974, 1725, 1729, 1411, 890, 2676, 176, 0, 0, 56, 60, 183, 493, 1096, 991, 547, 290, 1672, 125, 0, 0
15:07:46, 1371.00, 30.38, 29.16, 29.961, 121, 178, 481, 1038, 1755, 1765, 1458, 931, 2676, 177, 0, 0, 58, 63, 191, 513, 1132, 1026, 567, 301, 1743, 132, 0, 0
15:07:47, 1371.50, 30.38, 29.16, 29.969, 108, 154, 422, 922, 1627, 1646, 1343, 840, 2761, 184, 0, 0, 61, 66, 200, 535, 1161, 1051, 583, 311, 1843, 140, 0, 0
15:07:48, 1370.00, 30.38, 29.16, 29.977, 124, 180, 491, 1064, 1842, 1864, 1534, 979, 3098, 205, 0, 0, 61, 67, 202, 540, 1193, 1082, 602, 321, 1881, 143, 0, 0
15:07:48, 1370.60, 30.39, 29.16, 29.977, 106, 155, 419, 910, 1609, 1614, 1337, 838, 2481, 164, 0, 0, 58, 63, 191, 511, 1104, 998, 551, 293, 1699, 128, 0, 0
15:07:49, 1369.90, 30.39, 29.14, 29.977, 123, 180, 493, 1063, 1901, 1917, 1570, 1004, 3120, 206, 0, 0, 54, 58, 176, 474, 1030, 928, 510, 269, 1586, 119, 0, 0
15:07:50, 1369.10, 30.39, 29.18, 29.977, 123, 182, 495, 1057, 1837, 1856, 1530, 991, 2866, 189, 0, 0, 53, 58, 175, 471, 1053, 951, 523, 277, 1606, 120, 0, 0
15:07:50, 1364.60, 30.39, 29.14, 29.984, 117, 173, 468, 1003, 1735, 1746, 1444, 923, 2698, 178, 0, 0, 58, 64, 192, 512, 1150, 1041, 583, 312, 1773, 134, 0, 0
15:07:51, 1363.70, 30.39, 29.16, 29.984, 128, 189, 511, 1093, 1932, 1953, 1623, 1050, 3301, 218, 0, 0, 59, 64, 195, 516, 1116, 1009, 563, 302, 1767, 133, 0, 0
15:07:52, 1362.00, 30.39, 29.18, 29.984, 124, 185, 497, 1055, 1789, 1804, 1506, 979, 2855, 188, 0, 0, 58, 63, 191, 507, 1111, 1005, 560, 300, 1721, 130, 0, 0
15:07:52, 1358.50, 30.39, 29.16, 29.984, 120, 179, 480, 1018, 1758, 1777, 1491, 968, 2749, 182, 0, 0, 60, 66, 200, 529, 1148, 1038, 581, 312, 1788, 135, 0, 0
15:07:53, 1354.40, 30.40, 29.16, 29.977, 126, 188, 506, 1073, 1895, 1913, 1602, 1041, 3120, 205, 0, 0, 60, 67, 201, 527, 1157, 1045, 589, 318, 1815, 137, 0, 0
15:07:54, 1352.20, 30.39, 29.18, 29.977, 129, 195, 520, 1087, 1819, 1836, 1554, 1021, 2961, 196, 0, 0, 65, 73, 220, 572, 1262, 1144, 650, 353, 2027, 154, 0, 0
15:07:54, 1356.90, 30.40, 29.16, 29.969, 117, 173, 462, 985, 1756, 1765, 1495, 957, 2838, 188, 0, 0, 60, 66, 199, 523, 1091, 986, 552, 297, 1675, 126, 0, 0
15:07:55, 1357.60, 30.40, 29.20, 29.984, 126, 190, 507, 1066, 1827, 1846, 1548, 1016, 2851, 188, 0, 0, 57, 63, 189, 500, 1096, 989, 553, 296, 1736, 131, 0, 0
15:07:56, 1354.50, 30.40, 29.16, 29.984, 135, 201, 545, 1147, 2037, 2065, 1721, 1130, 3871, 257, 0, 0, 62, 69, 209, 546, 1192, 1077, 621, 340, 1996, 155, 0, 0
15:07:56, 1356.60, 30.40, 29.16, 29.984, 135, 203, 546, 1148, 1938, 1957, 1647, 1078, 3193, 210, 0, 0, 58, 64, 194, 510, 1079, 973, 547, 294, 1635, 123, 0, 0
15:07:57, 1357.40, 30.40, 29.14, 29.977, 124, 186, 499, 1046, 1760, 1770, 1475, 954, 2781, 183, 0, 0, 57, 63, 190, 503, 1079, 973, 544, 292, 1680, 126, 0, 0
15:07:58, 1353.50, 30.40, 29.18, 29.977, 133, 198, 533, 1126, 2024, 2053, 1723, 1128, 3455, 227, 0, 0, 61, 68, 207, 540, 1183, 1070, 605, 328, 1910, 144, 0, 0
15:07:58, 1354.30, 30.40, 29.20, 29.977, 137, 205, 551, 1157, 1967, 1999, 1677, 1124, 3375, 223, 0, 0, 61, 68, 204, 534, 1100, 993, 557, 300, 1719, 129, 0, 0
15:07:59, 1355.40, 30.40, 29.20, 29.977, 126, 192, 513, 1069, 1818, 1829, 1540, 1001, 2850, 187, 0, 0, 58, 65, 196, 515, 1111, 1005, 565, 304, 1733, 130, 0, 0
15:08:00, 1354.20, 30.40, 29.16, 29.977, 126, 189, 508, 1074, 1788, 1804, 1500, 972, 3034, 201, 0, 0, 64, 72, 215, 561, 1209, 1093, 619, 334, 1970, 149, 0, 0
15:08:00, 1355.80, 30.40, 29.22, 29.977, 122, 179, 484, 1029, 1749, 1781, 1473, 960, 3192, 212, 0, 0, 65, 73, 220, 571, 1268, 1150, 667, 366, 2063, 157, 0, 0
15:08:01, 1356.60, 30.40, 29.18, 29.984, 113, 168, 450, 956, 1622, 1623, 1370, 874, 2486, 165, 0, 0, 63, 71, 213, 556, 1196, 1088, 616, 333, 1806, 136, 0, 0
15:08:02, 1356.60, 30.40, 29.18, 29.984, 113, 169, 453, 961, 1676, 1680, 1400, 903, 2597, 171, 0, 0, 57, 64, 192, 507, 1108, 1002, 562, 302, 1722, 130, 0, 0
15:08:02, 1350.60, 30.40, 29.20, 29.977, 124, 185, 497, 1047, 1832, 1857, 1560, 1033, 2910, 192, 0, 0, 62, 70, 210, 547, 1207, 1092, 620, 336, 1923, 145, 0, 0
15:08:03, 1345.70, 30.40, 29.14, 29.984, 113, 169, 451, 959, 1623, 1636, 1386, 885, 2647, 175, 0, 0, 70, 80, 240, 616, 1307, 1187, 682, 374, 2099, 160, 0, 0
15:08:04, 1342.60, 30.40, 29.20, 29.984, 125, 188, 496, 1043, 1864, 1900, 1621, 1084, 3189, 211, 0, 0, 67, 77, 231, 591, 1246, 1127, 647, 355, 2041, 154, 0, 0
15:08:04, 1338.80, 30.40, 29.16, 29.977, 137, 208, 553, 1144, 1891, 1915, 1619, 1075, 3365, 222, 0, 0, 69, 80, 239, 609, 1314, 1190, 689, 380, 2149, 163, 0, 0
15:08:05, 1336.70, 30.41, 29.20, 29.977, 121, 183, 481, 1013, 1702, 1722, 1488, 965, 2813, 187, 0, 0, 73, 84, 250, 636, 1329, 1204, 698, 385, 2159, 164, 0, 0
15:08:06, 1335.80, 30.41, 29.20, 29.977, 133, 203, 535, 1109, 1859, 1882, 1603, 1060, 3337, 220, 0, 0, 70, 81, 243, 616, 1280, 1157, 670, 371, 2130, 161, 0, 0
15:08:06, 1333.50, 30.41, 29.16, 29.977, 137, 211, 554, 1135, 1840, 1867, 1598, 1072, 3246, 215, 0, 0, 72, 83, 248, 627, 1305, 1181, 689, 381, 2118, 160, 0, 0
15:08:07, 1331.40, 30.41, 29.18, 29.977, 127, 196, 513, 1060, 1800, 1815, 1574, 1038, 2905, 192, 0, 0, 77, 94, 276, 685, 1388, 1273, 743, 422, 2206, 166, 0, 0
15:08:08, 1328.70, 30.41, 29.20, 29.984, 134, 205, 537, 1100, 1838, 1872, 1608, 1097, 3329, 220, 0, 0, 75, 89, 263, 657, 1357, 1231, 727, 409, 2211, 168, 0, 0
15:08:08, 1327.50, 30.41, 29.23, 29.984, 131, 199, 519, 1070, 1755, 1788, 1546, 1030, 3052, 202, 0, 0, 74, 87, 259, 648, 1334, 1209, 709, 395, 2203, 167, 0, 0
15:08:09, 1327.40, 30.41, 29.23, 29.984, 133, 205, 535, 1090, 1871, 1902, 1651, 1133, 3232, 213, 0, 0, 71, 84, 249, 622, 1276, 1155, 677, 378, 2109, 160, 0, 0
15:08:10, 1326.50, 30.41, 29.22, 29.984, 136, 211, 549, 1114, 1852, 1876, 1625, 1103, 3145, 207, 0, 0, 69, 82, 242, 607, 1287, 1168, 684, 382, 2106, 159, 0, 0
15:08:10, 1323.80, 30.41, 29.20, 29.984, 131, 204, 531, 1079, 1781, 1808, 1588, 1084, 2823, 187, 0, 0, 72, 85, 253, 632, 1324, 1203, 707, 395, 2159, 164, 0, 0
15:08:11, 1323.30, 30.41, 29.20, 29.984, 125, 193, 504, 1026, 1720, 1734, 1497, 999, 2935, 194, 0, 0, 71, 85, 251, 625, 1282, 1163, 687, 385, 2102, 159, 0, 0
15:08:12, 1322.10, 30.41, 29.23, 29.977, 143, 226, 583, 1172, 1922, 1951, 1703, 1170, 3213, 211, 0, 0, 69, 81, 241, 601, 1265, 1146, 676, 379, 2107, 159, 0, 0
15:08:12, 1320.40, 30.40, 29.23, 29.977, 133, 208, 539, 1086, 1746, 1764, 1520, 1019, 3122, 206, 0, 0, 75, 90, 265, 656, 1359, 1237, 735, 414, 2263, 172, 0, 0
15:08:13, 1324.90, 30.41, 29.22, 29.977, 124, 194, 502, 1028, 1732, 1745, 1545, 1022, 2776, 183, 0, 0, 69, 81, 241, 602, 1216, 1103, 647, 361, 1974, 149, 0, 0
15:08:14, 1321.40, 30.41, 29.22, 29.969, 133, 209, 542, 1093, 1748, 1772, 1541, 1053, 3002, 198, 0, 0, 72, 85, 253, 628, 1334, 1209, 716, 402, 2238, 170, 0, 0
15:08:14, 1319.80, 30.41, 29.25, 29.984, 126, 193, 502, 1026, 1754, 1777, 1535, 1034, 3088, 204, 0, 0, 75, 90, 265, 652, 1336, 1212, 725, 408, 2191, 166, 0, 0
15:08:15, 1319.10, 30.41, 29.20, 29.984, 131, 207, 532, 1077, 1780, 1793, 1575, 1067, 2870, 189, 0, 0, 71, 85, 252, 623, 1291, 1167, 694, 389, 2105, 159, 0, 0
15:08:16, 1315.90, 30.41, 29.18, 29.969, 137, 215, 553, 1109, 1806, 1831, 1592, 1094, 3242, 213, 0, 0, 76, 91, 268, 660, 1375, 1248, 745, 421, 2330, 177, 0, 0
15:08:16, 1316.90, 30.41, 29.16, 29.977, 137, 213, 548, 1114, 1813, 1838, 1631, 1097, 3036, 201, 0, 0, 75, 90, 266, 656, 1344, 1222, 727, 410, 2209, 168, 0, 0
15:08:17, 1317.40, 30.41, 29.22, 29.977, 128, 200, 514, 1051, 1756, 1783, 1559, 1050, 3043, 201, 0, 0, 77, 93, 275, 676, 1402, 1275, 761, 430, 2355, 179, 0, 0
15:08:18, 1316.00, 30.41, 29.22, 29.992, 116, 179, 464, 952, 1514, 1520, 1339, 859, 2526, 168, 0, 0, 86, 104, 306, 749, 1506, 1375, 828, 471, 2470, 188, 0, 0
15:08:18, 1317.30, 30.42, 29.23, 29.992, 123, 193, 493, 1015, 1772, 1781, 1608, 1061, 2802, 186, 0, 0, 77, 92, 272, 672, 1365, 1240, 737, 415, 2260, 171, 0, 0
15:08:19, 1314.20, 30.41, 29.18, 29.992, 139, 217, 561, 1128, 1857, 1886, 1636, 1128, 3310, 218, 0, 0, 79, 95, 278, 684, 1399, 1271, 761, 432, 2355, 179, 0, 0
15:08:20, 1315.50, 30.42, 29.23, 29.992, 135, 212, 542, 1092, 1828, 1844, 1650, 1110, 3004, 198, 0, 0, 76, 92, 270, 665, 1349, 1226, 731, 413, 2176, 165, 0, 0
15:08:20, 1313.30, 30.41, 29.23, 29.984, 137, 218, 558, 1122, 1798, 1801, 1602, 1068, 2839, 188, 0, 0, 77, 92, 271, 669, 1387, 1261, 754, 426, 2280, 172, 0, 0
15:08:21, 1312.70, 30.41, 29.23, 29.984, 140, 220, 561, 1129, 1912, 1952, 1747, 1208, 3239, 213, 0, 0, 82, 99, 292, 715, 1449, 1320, 794, 452, 2395, 181, 0, 0
15:08:22, 1314.40, 30.41, 29.22, 29.969, 135, 214, 549, 1102, 1773, 1765, 1572, 1045, 2746, 181, 0, 0, 75, 90, 266, 658, 1321, 1200, 711, 401, 2124, 160, 0, 0
15:08:22, 1311.30, 30.42, 29.25, 29.969, 157, 252, 645, 1273, 2160, 2191, 1935, 1351, 3624, 236, 0, 0, 76, 91, 269, 663, 1391, 1262, 754, 428, 2328, 176, 0, 0
15:08:23, 1307.60, 30.42, 29.25, 29.977, 153, 243, 617, 1236, 1871, 1889, 1680, 1139, 3119, 207, 0, 0, 86, 105, 307, 751, 1558, 1420, 856, 489, 2579, 196, 0, 0
15:08:24, 1309.90, 30.42, 29.22, 29.984, 136, 215, 544, 1106, 2013, 2046, 1861, 1259, 3328, 220, 0, 0, 84, 102, 300, 732, 1450, 1316, 791, 452, 2457, 186, 0, 0
15:08:24, 1310.10, 30.42, 29.22, 29.984, 160, 255, 651, 1288, 1957, 1977, 1749, 1201, 3379, 222, 0, 0, 83, 100, 294, 720, 1484, 1351, 810, 461, 2418, 183, 0, 0
15:08:25, 1310.80, 30.42, 29.23, 29.992, 123, 193, 494, 1001, 1712, 1705, 1539, 1003, 2601, 173, 0, 0, 98, 122, 356, 847, 1623, 1482, 906, 524, 2654, 199, 0, 0
15:08:26, 1313.00, 30.42, 29.25, 30.000, 154, 242, 620, 1251, 2148, 2178, 1927, 1333, 3590, 235, 0, 0, 80, 96, 284, 699, 1425, 1293, 769, 436, 2372, 179, 0, 0
15:08:26, 1310.40, 30.43, 29.23, 30.000, 149, 235, 602, 1205, 1930, 1955, 1711, 1167, 3391, 224, 0, 0, 88, 107, 313, 764, 1580, 1438, 867, 497, 2673, 202, 0, 0
15:08:27, 1312.40, 30.43, 29.25, 30.000, 139, 218, 553, 1125, 1874, 1878, 1712, 1134, 2953, 195, 0, 0, 84, 102, 300, 736, 1466, 1334, 796, 452, 2374, 180, 0, 0
15:08:28, 1314.60, 30.43, 29.22, 30.016, 144, 229, 586, 1173, 1969, 1984, 1752, 1195, 3142, 206, 0, 0, 75, 89, 264, 656, 1336, 1209, 713, 401, 2180, 164, 0, 0
15:08:28, 1311.40, 30.43, 29.23, 30.016, 152, 239, 614, 1227, 2047, 2088, 1825, 1268, 3663, 241, 0, 0, 83, 101, 297, 730, 1523, 1383, 828, 471, 2564, 194, 0, 0
15:08:29, 1312.30, 30.43, 29.23, 30.008, 142, 223, 571, 1156, 1792, 1797, 1605, 1057, 2890, 191, 0, 0, 87, 105, 308, 757, 1533, 1396, 835, 475, 2532, 192, 0, 0
15:08:30, 1314.20, 30.43, 29.25, 30.008, 143, 227, 578, 1155, 1992, 2021, 1782, 1233, 3426, 225, 0, 0, 80, 97, 284, 697, 1414, 1285, 768, 436, 2372, 179, 0, 0
15:08:30, 1311.40, 30.42, 29.22, 30.008, 176, 279, 718, 1429, 2325, 2372, 2100, 1458, 4025, 263, 0, 0, 84, 102, 299, 732, 1499, 1360, 818, 464, 2477, 187, 0, 0
15:08:31, 1310.10, 30.42, 29.23, 29.992, 135, 214, 545, 1097, 1771, 1759, 1602, 1054, 2713, 180, 0, 0, 89, 110, 321, 782, 1583, 1439, 876, 502, 2533, 191, 0, 0
15:08:32, 1309.50, 30.42, 29.23, 30.000, 168, 267, 681, 1355, 2257, 2303, 2057, 1433, 3807, 249, 0, 0, 87, 107, 312, 760, 1487, 1365, 820, 476, 2408, 181, 0, 0
15:08:32, 1305.70, 30.42, 29.23, 30.000, 159, 253, 641, 1275, 2004, 2023, 1812, 1247, 3199, 210, 0, 0, 91, 111, 325, 787, 1658, 1524, 924, 539, 2650, 200, 0, 0
15:08:33, 1307.00, 30.42, 29.25, 29.984, 153, 246, 623, 1239, 2190, 2234, 2017, 1411, 3563, 234, 0, 0, 89, 111, 321, 774, 1556, 1422, 861, 501, 2550, 192, 0, 0
15:08:33, 1304.80, 30.42, 29.25, 29.977, 166, 264, 674, 1339, 2022, 2053, 1834, 1246, 3497, 231, 0, 0, 92, 113, 330, 801, 1678, 1532, 931, 535, 2814, 213, 0, 0
15:08:34, 1305.50, 30.42, 29.25, 29.977, 126, 197, 500, 1019, 1894, 1911, 1740, 1160, 3161, 209, 0, 0, 93, 114, 334, 809, 1638, 1492, 910, 525, 2811, 214, 0, 0
15:08:35, 1308.30, 30.42, 29.25, 29.977, 171, 267, 679, 1352, 2132, 2185, 1946, 1352, 3905, 258, 0, 0, 90, 110, 322, 782, 1560, 1422, 859, 493, 2608, 198, 0, 0
15:08:35, 1313.10, 30.42, 29.22, 29.977, 140, 223, 568, 1143, 1899, 1903, 1718, 1153, 2909, 192, 0, 0, 84, 101, 297, 732, 1518, 1384, 830, 471, 2498, 189, 0, 0
15:08:36, 1311.80, 30.42, 29.23, 29.977, 147, 230, 589, 1184, 1972, 2009, 1769, 1221, 3336, 220, 0, 0, 87, 105, 309, 754, 1547, 1410, 851, 487, 2593, 196, 0, 0
15:08:37, 1311.20, 30.42, 29.25, 29.961, 163, 257, 652, 1311, 2174, 2219, 1984, 1391, 3647, 240, 0, 0, 86, 104, 306, 747, 1526, 1391, 837, 478, 2536, 192, 0, 0
15:08:37, 1312.10, 30.42, 29.25, 29.961, 150, 239, 612, 1217, 2016, 2029, 1799, 1241, 3118, 205, 0, 0, 77, 93, 274, 676, 1430, 1303, 778, 441, 2334, 176, 0, 0
15:08:38, 1311.10, 30.42, 29.25, 29.977, 159, 253, 646, 1281, 2188, 2225, 1990, 1391, 3491, 229, 0, 0, 82, 99, 292, 714, 1448, 1319, 792, 453, 2388, 180, 0, 0
15:08:39, 1310.40, 30.42, 29.25, 29.977, 164, 265, 676, 1327, 2074, 2099, 1866, 1305, 3262, 214, 0, 0, 83, 101, 296, 725, 1527, 1392, 838, 478, 2519, 191, 0, 0
15:08:39, 1306.10, 30.42, 29.23, 29.977, 136, 215, 547, 1103, 1813, 1845, 1637, 1095, 3179, 212, 0, 0, 95, 117, 342, 828, 1662, 1514, 924, 532, 2884, 219, 0, 0
15:08:40, 1307.50, 30.42, 29.23, 29.969, 172, 265, 678, 1366, 2268, 2321, 2032, 1427, 4353, 286, 0, 0, 86, 105, 307, 746, 1487, 1352, 817, 467, 2522, 191, 0, 0
15:08:41, 1303.60, 30.42, 29.25, 29.977, 159, 255, 643, 1267, 2035, 2072, 1864, 1298, 3444, 227, 0, 0, 90, 110, 321, 779, 1609, 1467, 893, 515, 2716, 206, 0, 0
15:08:41, 1300.20, 30.42, 29.23, 29.977, 174, 273, 686, 1376, 2365, 2449, 2187, 1585, 4452, 290, 0, 0, 95, 117, 342, 824, 1667, 1515, 926, 535, 2908, 221, 0, 0
15:08:42, 1296.40, 30.42, 29.25, 29.969, 160, 243, 619, 1242, 1981, 2056, 1791, 1233, 4057, 272, 0, 0, 104, 130, 378, 900, 1769, 1613, 996, 582, 3113, 236, 0, 0
15:08:43, 1300.00, 30.42, 29.27, 29.977, 181, 285, 715, 1416, 2297, 2341, 2112, 1492, 4106, 269, 0, 0, 87, 107, 313, 756, 1457, 1323, 800, 460, 2426, 183, 0, 0
15:08:43, 1298.50, 30.42, 29.23, 29.977, 179, 290, 725, 1408, 2192, 2239, 2014, 1434, 3793, 248, 0, 0, 91, 112, 327, 787, 1549, 1410, 858, 495, 2600, 196, 0, 0
15:08:44, 1298.30, 30.42, 29.27, 29.969, 184, 296, 745, 1464, 2419, 2471, 2231, 1592, 4039, 264, 0, 0, 92, 114, 332, 801, 1624, 1477, 901, 521, 2762, 209, 0, 0
15:08:45, 1300.20, 30.42, 29.25, 29.984, 168, 268, 677, 1341, 2143, 2177, 1961, 1358, 3770, 247, 0, 0, 90, 112, 326, 787, 1519, 1381, 835, 480, 2523, 191, 0, 0
15:08:45, 1299.40, 30.42, 29.25, 29.984, 170, 277, 694, 1351, 2135, 2169, 1965, 1387, 3465, 228, 0, 0, 90, 111, 325, 785, 1581, 1438, 874, 505, 2664, 201, 0, 0
15:08:46, 1296.90, 30.42, 29.27, 29.977, 180, 287, 725, 1433, 2290, 2344, 2108, 1469, 4122, 270, 0, 0, 94, 117, 341, 818, 1620, 1472, 898, 520, 2772, 210, 0, 0
15:08:47, 1296.60, 30.43, 29.29, 29.984, 177, 285, 713, 1392, 2263, 2304, 2079, 1500, 3997, 261, 0, 0, 87, 108, 314, 759, 1537, 1394, 845, 486, 2585, 195, 0, 0
15:08:47, 1296.90, 30.43, 29.31, 29.984, 183, 299, 746, 1447, 2406, 2444, 2209, 1579, 3853, 251, 0, 0, 87, 107, 313, 757, 1528, 1388, 841, 486, 2532, 190, 0, 0
15:08:48, 1299.70, 30.43, 29.25, 29.984, 179, 287, 724, 1423, 2312, 2335, 2090, 1464, 3785, 247, 0, 0, 83, 102, 300, 728, 1465, 1328, 799, 457, 2407, 180, 0, 0
15:08:49, 1296.30, 30.43, 29.27, 30.000, 183, 300, 750, 1457, 2300, 2335, 2106, 1511, 3720, 242, 0, 0, 90, 111, 324, 782, 1616, 1467, 892, 516, 2720, 205, 0, 0
15:08:49, 1296.30, 30.43, 29.31, 30.000, 168, 269, 673, 1326, 2343, 2398, 2156, 1552, 4109, 269, 0, 0, 95, 119, 347, 829, 1754, 1596, 982, 575, 3049, 231, 0, 0
15:08:50, 1295.90, 30.43, 29.25, 30.000, 178, 274, 697, 1391, 2283, 2336, 2066, 1457, 4381, 289, 0, 0, 95, 119, 346, 830, 1630, 1479, 899, 519, 2747, 208, 0, 0
15:08:51, 1297.80, 30.43, 29.29, 30.000, 147, 239, 599, 1176, 1873, 1859, 1688, 1150, 2880, 189, 0, 0, 90, 110, 322, 781, 1600, 1455, 882, 508, 2592, 195, 0, 0
15:08:51, 1297.50, 30.43, 29.32, 30.008, 170, 274, 686, 1354, 2385, 2424, 2213, 1571, 3692, 242, 0, 0, 89, 111, 323, 779, 1554, 1410, 852, 491, 2553, 192, 0, 0
15:08:52, 1297.00, 30.44, 29.29, 30.008, 167, 271, 681, 1337, 2202, 2222, 2010, 1424, 3467, 226, 0, 0, 87, 108, 314, 760, 1525, 1382, 833, 479, 2508, 188, 0, 0
15:08:53, 1295.30, 30.44, 29.27, 30.008, 192, 313, 783, 1514, 2401, 2454, 2195, 1585, 3927, 256, 0, 0, 89, 110, 320, 774, 1594, 1443, 875, 506, 2695, 203, 0, 0
15:08:53, 1294.50, 30.44, 29.25, 30.016, 191, 307, 772, 1516, 2362, 2419, 2191, 1576, 4048, 265, 0, 0, 95, 119, 346, 831, 1667, 1511, 920, 533, 2811, 213, 0, 0
15:08:54, 1300.30, 30.44, 29.34, 30.016, 146, 237, 593, 1176, 2019, 2010, 1866, 1267, 3113, 205, 0, 0, 84, 103, 301, 733, 1448, 1311, 784, 448, 2357, 177, 0, 0
15:08:55, 1303.80, 30.45, 29.27, 30.016, 181, 296, 745, 1448, 2440, 2478, 2203, 1571, 4040, 264, 0, 0, 77, 94, 276, 677, 1417, 1279, 764, 436, 2399, 180, 0, 0
15:08:55, 1303.00, 30.44, 29.29, 30.031, 184, 290, 741, 1466, 2394, 2453, 2164, 1555, 4698, 307, 0, 0, 87, 107, 312, 758, 1507, 1362, 818, 469, 2557, 193, 0, 0
15:08:56, 1303.90, 30.45, 29.29, 30.031, 139, 222, 560, 1121, 1769, 1766, 1600, 1065, 2855, 189, 0, 0, 83, 102, 298, 731, 1483, 1344, 802, 456, 2414, 182, 0, 0
15:08:57, 1303.80, 30.45, 29.31, 30.031, 166, 260, 663, 1323, 2391, 2457, 2155, 1558, 4552, 298, 0, 0, 85, 104, 305, 742, 1513, 1366, 830, 481, 2650, 200, 0, 0
15:08:57, 1304.30, 30.45, 29.29, 30.023, 166, 262, 669, 1326, 2019, 2052, 1820, 1260, 3587, 236, 0, 0, 86, 105, 308, 751, 1511, 1368, 820, 468, 2483, 188, 0, 0
15:08:58, 1302.90, 30.44, 29.29, 30.023, 147, 236, 597, 1182, 2009, 2027, 1818, 1259, 3346, 220, 0, 0, 82, 100, 293, 714, 1469, 1328, 797, 456, 2491, 188, 0, 0
15:08:59, 1301.80, 30.44, 29.32, 30.023, 180, 282, 722, 1425, 2364, 2421, 2116, 1519, 4860, 322, 0, 0, 83, 102, 299, 722, 1391, 1253, 750, 429, 2362, 177, 0, 0
15:08:59, 1300.50, 30.44, 29.32, 30.016, 184, 300, 758, 1468, 2308, 2353, 2095, 1511, 3810, 248, 0, 0, 79, 96, 283, 692, 1457, 1320, 791, 452, 2400, 181, 0, 0
15:09:00, 1298.40, 30.45, 29.32, 30.023, 146, 237, 593, 1167, 1940, 1958, 1769, 1224, 3172, 209, 0, 0, 90, 112, 325, 786, 1539, 1393, 841, 485, 2601, 196, 0, 0
15:09:01, 1300.60, 30.45, 29.29, 30.023, 188, 302, 765, 1494, 2430, 2485, 2220, 1598, 3993, 260, 0, 0, 79, 97, 284, 693, 1399, 1266, 757, 432, 2267, 170, 0, 0
15:09:01, 1294.70, 30.45, 29.31, 30.031, 152, 245, 620, 1222, 1962, 1961, 1799, 1238, 2932, 193, 0, 0, 89, 110, 321, 773, 1557, 1413, 854, 493, 2495, 187, 0, 0
15:09:02, 1295.30, 30.45, 29.32, 30.039, 170, 276, 685, 1334, 2280, 2330, 2094, 1517, 3483, 228, 0, 0, 84, 104, 303, 735, 1482, 1343, 809, 465, 2428, 182, 0, 0
15:09:03, 1292.60, 30.46, 29.31, 30.039, 190, 309, 777, 1510, 2489, 2536, 2272, 1658, 4362, 282, 0, 0, 88, 109, 319, 767, 1571, 1424, 866, 503, 2723, 206, 0, 0
15:09:03, 1289.30, 30.47, 29.29, 30.055, 180, 286, 721, 1405, 2230, 2294, 2032, 1450, 4491, 297, 0, 0, 98, 123, 356, 846, 1662, 1506, 924, 541, 2893, 218, 0, 0
15:09:04, 1288.80, 30.47, 29.32, 30.070, 171, 268, 667, 1329, 2143, 2200, 1979, 1386, 4040, 265, 0, 0, 94, 118, 343, 822, 1542, 1395, 846, 490, 2642, 199, 0, 0
15:09:05, 1287.10, 30.48, 29.27, 30.070, 189, 305, 768, 1483, 2385, 2427, 2135, 1545, 5206, 346, 0, 0, 97, 122, 353, 840, 1657, 1494, 915, 536, 2969, 222, 0, 0
15:09:05, 1289.50, 30.48, 29.32, 30.094, 208, 329, 814, 1583, 2611, 2705, 2470, 1838, 4787, 310, 0, 0, 87, 108, 315, 759, 1546, 1400, 849, 493, 2626, 199, 0, 0
15:09:06, 1289.80, 30.49, 29.29, 30.125, 168, 270, 674, 1330, 2223, 2260, 2033, 1429, 4024, 263, 0, 0, 88, 109, 319, 770, 1518, 1370, 825, 478, 2605, 196, 0, 0
15:09:07, 1285.70, 30.49, 29.31, 30.125, 194, 302, 757, 1479, 2434, 2519, 2222, 1649, 5353, 356, 0, 0, 103, 130, 374, 888, 1795, 1624, 1006, 592, 3237, 244, 0, 0
15:09:07, 1293.10, 30.50, 29.32, 30.141, 188, 301, 746, 1462, 2265, 2313, 2135, 1478, 4002, 263, 0, 0, 88, 110, 318, 770, 1544, 1395, 841, 488, 2631, 200, 0, 0
15:09:08, 1289.40, 30.50, 29.32, 30.141, 187, 301, 752, 1470, 2257, 2334, 2055, 1476, 4641, 305, 0, 0, 104, 129, 372, 888, 1795, 1620, 993, 581, 3232, 245, 0, 0
15:09:09, 1288.00, 30.51, 29.31, 30.156, 177, 256, 656, 1293, 2421, 2508, 2162, 1595, 5805, 401, 0, 0, 102, 130, 372, 890, 1852, 1676, 1040, 619, 3232, 243, 0, 0
15:09:09, 1281.00, 30.51, 29.34, 30.148, 193, 296, 742, 1457, 2230, 2302, 2019, 1428, 4748, 317, 0, 0, 108, 137, 395, 934, 1893, 1707, 1058, 626, 3449, 261, 0, 0
15:09:10, 1282.10, 30.51, 29.32, 30.148, 204, 288, 738, 1428, 2431, 2535, 2138, 1639, 6803, 503, 0, 0, 117, 153, 431, 1019, 2144, 1928, 1245, 746, 4011, 295, 0, 0
15:09:11, 1286.80, 30.51, 29.32, 30.156, 175, 268, 665, 1327, 2063, 2137, 1943, 1324, 3895, 259, 0, 0, 114, 144, 414, 982, 1878, 1703, 1050, 616, 3246, 247, 0, 0
15:09:11, 1286.80, 30.51, 29.34, 30.156, 164, 252, 629, 1267, 2065, 2163, 1910, 1315, 4235, 283, 0, 0, 113, 144, 415, 981, 1845, 1665, 1025, 602, 3291, 249, 0, 0
15:09:12, 1289.70, 30.51, 29.34, 30.156, 240, 392, 987, 1898, 3011, 3052, 2740, 1965, 6062, 394, 0, 0, 92, 114, 332, 799, 1691, 1528, 928, 543, 2946, 222, 0, 0
15:09:13, 1288.20, 30.51, 29.32, 30.148, 198, 314, 781, 1519, 2331, 2402, 2160, 1541, 4513, 297, 0, 0, 104, 131, 378, 902, 1788, 1621, 991, 579, 3058, 231, 0, 0
15:09:13, 1287.90, 30.51, 29.32, 30.125, 180, 291, 724, 1435, 2321, 2356, 2159, 1476, 4027, 266, 0, 0, 105, 131, 380, 908, 1848, 1673, 1029, 603, 3224, 245, 0, 0
15:09:14, 1286.70, 30.51, 29.36, 30.125, 215, 345, 861, 1663, 2603, 2684, 2404, 1783, 5026, 330, 0, 0, 102, 128, 369, 882, 1805, 1638, 1016, 600, 3135, 234, 0, 0
15:09:15, 1283.60, 30.51, 29.32, 30.102, 198, 310, 764, 1500, 2306, 2412, 2167, 1540, 4699, 309, 0, 0, 112, 142, 410, 970, 1909, 1731, 1070, 631, 3351, 254, 0, 0
15:09:15, 1284.90, 30.50, 29.34, 30.094, 205, 322, 799, 1560, 2577, 2652, 2356, 1721, 5203, 342, 0, 0, 103, 130, 375, 893, 1679, 1515, 922, 539, 2894, 218, 0, 0
15:09:16, 1278.50, 30.50, 29.32, 30.094, 214, 343, 852, 1650, 2704, 2795, 2551, 1880, 5121, 332, 0, 0, 111, 140, 403, 954, 2027, 1839, 1148, 682, 3578, 272, 0, 0
15:09:16, 1277.60, 30.50, 29.32, 30.086, 197, 298, 743, 1453, 2378, 2494, 2157, 1572, 5613, 382, 0, 0, 130, 168, 479, 1113, 2069, 1869, 1178, 708, 3784, 285, 0, 0
15:09:17, 1275.80, 30.50, 29.31, 30.070, 220, 346, 854, 1661, 2645, 2753, 2472, 1809, 5475, 359, 0, 0, 117, 149, 429, 1008, 1962, 1780, 1109, 658, 3407, 257, 0, 0
15:09:18, 1272.60, 30.49, 29.36, 30.070, 218, 343, 844, 1619, 2689, 2782, 2464, 1851, 6382, 434, 0, 0, 127, 165, 471, 1090, 2144, 1932, 1217, 733, 3993, 299, 0, 0
15:09:18, 1271.10, 30.49, 29.36, 30.070, 248, 365, 909, 1738, 2226, 2416, 2058, 1498, 5479, 370, 0, 0, 137, 177, 503, 1163, 2290, 2092, 1326, 809, 4134, 317, 0, 0
15:09:19, 1270.70, 30.50, 29.34, 30.078, 199, 299, 737, 1435, 2233, 2369, 2103, 1519, 5077, 341, 0, 0, 131, 170, 483, 1122, 2152, 1948, 1226, 737, 3905, 296, 0, 0
15:09:20, 1274.30, 30.50, 29.34, 30.078, 227, 348, 852, 1657, 2589, 2725, 2471, 1768, 5397, 356, 0, 0, 120, 154, 441, 1033, 1942, 1760, 1093, 650, 3388, 256, 0, 0
15:09:20, 1275.70, 30.50, 29.31, 30.086, 217, 355, 863, 1665, 2671, 2721, 2518, 1828, 4847, 317, 0, 0, 111, 142, 407, 961, 1900, 1720, 1064, 631, 3305, 250, 0, 0
15:09:21, 1271.60, 30.51, 29.32, 30.094, 255, 418, 1019, 1924, 2983, 3087, 2810, 2122, 6133, 398, 0, 0, 120, 155, 443, 1035, 2011, 1819, 1135, 679, 3580, 269, 0, 0
15:09:22, 1272.00, 30.51, 29.36, 30.094, 240, 390, 950, 1819, 2933, 3025, 2828, 2100, 5268, 343, 0, 0, 115, 147, 422, 996, 1938, 1754, 1083, 642, 3350, 253, 0, 0
15:09:22, 1275.30, 30.52, 29.34, 30.102, 270, 455, 1114, 2077, 3560, 3627, 3339, 2483, 5940, 380, 0, 0, 88, 111, 321, 773, 1514, 1357, 816, 476, 2435, 181, 0, 0
15:09:23, 1273.00, 30.52, 29.34, 30.102, 293, 501, 1206, 2236, 3386, 3463, 3176, 2387, 6340, 410, 0, 0, 115, 146, 420, 990, 1905, 1719, 1060, 630, 3354, 252, 0, 0
15:09:24, 1271.90, 30.53, 29.32, 30.148, 262, 424, 1025, 1973, 3075, 3174, 2972, 2222, 5554, 359, 0, 0, 114, 145, 415, 983, 2005, 1815, 1124, 668, 3466, 262, 0, 0
15:09:24, 1268.80, 30.54, 29.36, 30.172, 217, 359, 867, 1664, 2783, 2856, 2638, 1936, 5177, 338, 0, 0, 122, 157, 447, 1051, 2179, 1984, 1243, 757, 3905, 295, 0, 0
15:09:25, 1265.10, 30.55, 29.32, 30.172, 280, 421, 1029, 1963, 3343, 3485, 3150, 2442, 8005, 543, 0, 0, 140, 187, 522, 1194, 2164, 1959, 1243, 758, 3893, 297, 0, 0
15:09:26, 1264.10, 30.55, 29.40, 30.195, 213, 342, 823, 1601, 2463, 2555, 2364, 1660, 4800, 317, 0, 0, 137, 178, 505, 1173, 2358, 2133, 1350, 819, 4372, 331, 0, 0
15:09:26, 1262.00, 30.56, 29.36, 30.227, 259, 374, 931, 1738, 2944, 3092, 2653, 2114, 8631, 634, 0, 0, 137, 180, 508, 1172, 2238, 2016, 1269, 773, 4163, 311, 0, 0
15:09:27, 1265.90, 30.56, 29.34, 30.227, 249, 374, 917, 1763, 2705, 2827, 2573, 1838, 5589, 371, 0, 0, 130, 166, 471, 1097, 2119, 1918, 1194, 718, 3694, 279, 0, 0
15:09:28, 1266.60, 30.57, 29.32, 30.227, 239, 402, 960, 1842, 2976, 3052, 2908, 2146, 5208, 338, 0, 0, 122, 157, 448, 1053, 2093, 1895, 1178, 709, 3676, 276, 0, 0
15:09:28, 1263.90, 30.57, 29.34, 30.250, 285, 473, 1144, 2121, 3359, 3464, 3199, 2473, 6455, 417, 0, 0, 125, 162, 461, 1078, 2138, 1930, 1207, 727, 3793, 285, 0, 0
15:09:29, 1265.00, 30.58, 29.31, 30.250, 281, 464, 1108, 2108, 3226, 3327, 3151, 2369, 5820, 373, 0, 0, 116, 149, 425, 1001, 1900, 1715, 1055, 629, 3251, 243, 0, 0
15:09:30, 1263.40, 30.58, 29.38, 30.242, 279, 471, 1135, 2096, 3292, 3380, 3122, 2380, 6271, 403, 0, 0, 120, 155, 441, 1034, 2022, 1826, 1136, 683, 3551, 266, 0, 0
15:09:30, 1260.20, 30.58, 29.36, 30.242, 331, 555, 1332, 2459, 3777, 3904, 3653, 2849, 7010, 452, 0, 0, 126, 163, 464, 1079, 2127, 1921, 1201, 725, 3744, 281, 0, 0
15:09:31, 1259.20, 30.58, 29.36, 30.242, 290, 483, 1155, 2145, 3564, 3688, 3472, 2732, 6627, 422, 0, 0, 124, 162, 459, 1069, 2085, 1884, 1178, 712, 3651, 273, 0, 0
15:09:32, 1256.40, 30.59, 29.40, 30.242, 307, 522, 1244, 2291, 3548, 3621, 3439, 2625, 6080, 391, 0, 0, 126, 165, 467, 1086, 2213, 2001, 1260, 765, 3892, 292, 0, 0
15:09:32, 1254.60, 30.59, 29.38, 30.250, 276, 463, 1095, 2045, 3155, 3267, 3131, 2385, 5800, 374, 0, 0, 135, 178, 502, 1159, 2187, 1981, 1245, 755, 3771, 284, 0, 0
15:09:33, 1255.10, 30.59, 29.34, 30.250, 270, 466, 1087, 2049, 3144, 3175, 3172, 2283, 4918, 323, 0, 0, 128, 167, 471, 1093, 2257, 2038, 1287, 783, 4070, 305, 0, 0
15:09:34, 1254.90, 30.59, 29.36, 30.242, 336, 549, 1326, 2442, 3755, 3852, 3529, 2765, 9505, 648, 0, 0, 146, 193, 543, 1239, 2359, 2129, 1355, 831, 4361, 327, 0, 0
15:09:34, 1260.60, 30.59, 29.36, 30.258, 287, 468, 1106, 2061, 3174, 3287, 3087, 2317, 6206, 401, 0, 0, 123, 160, 453, 1056, 2018, 1823, 1137, 684, 3486, 261, 0, 0
15:09:35, 1258.80, 30.60, 29.38, 30.258, 284, 470, 1124, 2127, 3800, 3919, 3689, 2835, 7175, 459, 0, 0, 125, 163, 463, 1077, 2129, 1919, 1201, 725, 3814, 285, 0, 0
15:09:36, 1252.50, 30.60, 29.38, 30.250, 314, 512, 1233, 2274, 3529, 3606, 3318, 2606, 7972, 530, 0, 0, 136, 179, 505, 1164, 2318, 2099, 1330, 812, 4179, 316, 0, 0
15:09:36, 1249.00, 30.60, 29.36, 30.242, 261, 426, 1005, 1889, 3219, 3380, 3217, 2388, 6419, 416, 0, 0, 149, 197, 551, 1253, 2555, 2331, 1499, 945, 4656, 352, 0, 0
15:09:37, 1250.70, 30.59, 29.36, 30.242, 337, 558, 1337, 2437, 3675, 3774, 3484, 2722, 7980, 519, 0, 0, 141, 188, 522, 1197, 2180, 1970, 1248, 763, 3895, 291, 0, 0
15:09:38, 1245.80, 30.59, 29.36, 30.227, 274, 465, 1086, 2017, 3016, 3073, 3012, 2184, 5200, 338, 0, 0, 151, 202, 565, 1285, 2501, 2275, 1460, 901, 4343, 327, 0, 0
15:09:38, 1248.20, 30.60, 29.36, 30.227, 309, 515, 1221, 2273, 3832, 3955, 3696, 2852, 7730, 504, 0, 0, 145, 193, 542, 1233, 2284, 2065, 1314, 807, 4106, 306, 0, 0
15:09:39, 1244.80, 30.60, 29.38, 30.234, 351, 592, 1386, 2529, 3363, 3478, 3363, 2592, 6004, 385, 0, 0, 150, 201, 560, 1274, 2474, 2246, 1437, 884, 4292, 323, 0, 0
15:09:40, 1243.00, 30.60, 29.36, 30.250, 264, 458, 1052, 1969, 3236, 3325, 3287, 2449, 5614, 365, 0, 0, 158, 213, 591, 1330, 2468, 2249, 1453, 908, 4444, 333, 0, 0
15:09:40, 1242.60, 30.60, 29.32, 30.250, 382, 646, 1531, 2758, 4119, 4217, 3930, 3085, 8823, 573, 0, 0, 138, 184, 515, 1173, 2304, 2084, 1332, 820, 4166, 311, 0, 0
15:09:41, 1240.80, 30.60, 29.36, 30.234, 348, 580, 1326, 2434, 3724, 3884, 3828, 3050, 6881, 437, 0, 0, 146, 196, 547, 1236, 2393, 2167, 1392, 860, 4320, 324, 0, 0
15:09:42, 1239.00, 30.60, 29.40, 30.234, 353, 592, 1386, 2510, 3963, 4089, 3855, 3029, 8203, 531, 0, 0, 154, 208, 579, 1304, 2496, 2262, 1467, 915, 4579, 342, 0, 0
15:09:42, 1243.90, 30.60, 29.42, 30.234, 430, 735, 1675, 2999, 4129, 4288, 4204, 3391, 7369, 467, 0, 0, 133, 177, 495, 1131, 1994, 1806, 1138, 693, 3299, 245, 0, 0
15:09:43, 1247.60, 30.60, 29.40, 30.219, 357, 626, 1424, 2518, 4172, 4326, 4082, 3318, 6301, 404, 0, 0, 119, 157, 442, 1021, 1984, 1794, 1132, 690, 3394, 252, 0, 0
15:09:44, 1242.50, 30.59, 29.38, 30.203, 388, 675, 1590, 2829, 4123, 4240, 4011, 3181, 7728, 490, 0, 0, 131, 174, 490, 1123, 2273, 2056, 1311, 805, 4086, 304, 0, 0
15:09:44, 1237.00, 30.59, 29.38, 30.203, 368, 608, 1427, 2593, 4259, 4451, 4204, 3360, 9703, 631, 0, 0, 153, 207, 576, 1294, 2495, 2263, 1469, 915, 4577, 342, 0, 0
15:09:45, 1234.80, 30.59, 29.38, 30.180, 342, 579, 1332, 2399, 3408, 3519, 3372, 2597, 6912, 445, 0, 0, 155, 210, 583, 1305, 2438, 2212, 1435, 897, 4452, 332, 0, 0
15:09:46, 1229.90, 30.59, 29.40, 30.187, 440, 739, 1706, 3014, 4987, 5181, 5037, 4307, 12055, 803, 0, 0, 167, 230, 634, 1399, 2651, 2407, 1586, 1014, 4829, 358, 0, 0
15:09:46, 1227.80, 30.59, 29.40, 30.187, 322, 526, 1201, 2208, 3063, 3228, 3094, 2286, 6546, 426, 0, 0, 183, 251, 688, 1514, 2819, 2580, 1712, 1094, 5186, 394, 0, 0
15:09:47, 1226.80, 30.59, 29.40, 30.187, 374, 618, 1381, 2550, 4088, 4273, 4184, 3409, 8123, 516, 0, 0, 174, 239, 656, 1450, 2820, 2562, 1695, 1074, 5286, 397, 0, 0
15:09:48, 1227.60, 30.59, 29.40, 30.187, 408, 645, 1466, 2655, 3948, 4243, 4034, 3264, 9261, 588, 0, 0, 180, 249, 681, 1497, 2724, 2482, 1639, 1037, 4990, 375, 0, 0
15:09:48, 1227.70, 30.59, 29.36, 30.187, 309, 535, 1195, 2207, 3169, 3288, 3329, 2408, 5845, 383, 0, 0, 177, 244, 669, 1473, 2719, 2474, 1633, 1035, 5016, 377, 0, 0
15:09:49, 1226.10, 30.59, 29.42, 30.203, 469, 776, 1772, 3141, 4329, 4616, 4355, 3600, 10913, 716, 0, 0, 185, 265, 717, 1555, 2589, 2341, 1534, 968, 4836, 359, 0, 0
15:09:50, 1223.20, 30.59, 29.36, 30.203, 334, 580, 1317, 2315, 3374, 3480, 3367, 2669, 6945, 446, 0, 0, 174, 240, 658, 1454, 2776, 2533, 1675, 1063, 5085, 385, 0, 0
15:09:50, 1219.30, 30.60, 29.42, 30.203, 438, 680, 1525, 2812, 3753, 4028, 3775, 3039, 9237, 608, 0, 0, 199, 279, 757, 1639, 2998, 2718, 1820, 1171, 5811, 435, 0, 0
15:09:51, 1220.30, 30.60, 29.40, 30.203, 441, 720, 1641, 2862, 4701, 4870, 4670, 4001, 12187, 823, 0, 0, 175, 244, 665, 1446, 2598, 2354, 1557, 995, 4841, 359, 0, 0
15:09:52, 1218.90, 30.60, 29.42, 30.227, 485, 862, 1931, 3306, 4521, 4656, 4681, 3871, 8109, 512, 0, 0, 167, 232, 634, 1395, 2661, 2420, 1597, 1015, 4806, 361, 0, 0
15:09:52, 1219.10, 30.60, 29.42, 30.227, 404, 711, 1591, 2817, 4433, 4612, 4617, 3745, 8165, 518, 0, 0, 177, 246, 669, 1460, 2667, 2422, 1601, 1022, 4881, 364, 0, 0
15:09:53, 1220.10, 30.61, 29.42, 30.234, 500, 893, 2006, 3399, 5214, 5421, 5273, 4509, 9035, 567, 0, 0, 152, 210, 576, 1278, 2480, 2248, 1470, 930, 4473, 333, 0, 0
15:09:54, 1216.10, 30.61, 29.40, 30.234, 483, 857, 1919, 3270, 4828, 5020, 5049, 4257, 8134, 514, 0, 0, 176, 246, 669, 1461, 2642, 2403, 1591, 1017, 4746, 354, 0, 0
15:09:54, 1213.60, 30.62, 29.42, 30.250, 489, 877, 1951, 3323, 4759, 4915, 4965, 4196, 8296, 521, 0, 0, 163, 228, 621, 1361, 2530, 2293, 1509, 962, 4599, 342, 0, 0
15:09:55, 1208.70, 30.62, 29.42, 30.250, 531, 955, 2123, 3532, 4840, 4986, 4955, 4214, 9362, 589, 0, 0, 183, 260, 701, 1515, 2781, 2531, 1693, 1095, 5107, 381, 0, 0
15:09:56, 1208.20, 30.62, 29.43, 30.250, 445, 795, 1740, 2988, 4756, 4921, 4944, 4126, 8844, 553, 0, 0, 183, 260, 699, 1511, 2710, 2464, 1642, 1059, 4954, 369, 0, 0
15:09:56, 1210.00, 30.62, 29.42, 30.250, 530, 946, 2099, 3513, 5695, 5874, 5775, 4988, 11760, 744, 0, 0, 164, 231, 626, 1363, 2514, 2279, 1508, 968, 4594, 340, 0, 0
15:09:57, 1205.90, 30.62, 29.43, 30.242, 549, 986, 2193, 3687, 6187, 6500, 6418, 5603, 10389, 650, 0, 0, 172, 244, 658, 1425, 2703, 2456, 1640, 1057, 4877, 363, 0, 0
15:09:58, 1201.40, 30.62, 29.40, 30.242, 430, 781, 1697, 2884, 4131, 4199, 4328, 3539, 6916, 443, 0, 0, 189, 270, 722, 1552, 2844, 2589, 1739, 1130, 5136, 383, 0, 0
15:09:58, 1200.70, 30.63, 29.40, 30.242, 499, 902, 1948, 3285, 5525, 5758, 5782, 4991, 8977, 569, 0, 0, 187, 268, 713, 1529, 2864, 2625, 1773, 1172, 5261, 392, 0, 0
15:09:59, 1196.10, 30.63, 29.40, 30.250, 532, 942, 2034, 3425, 4576, 4775, 4766, 4083, 9827, 610, 0, 0, 206, 299, 793, 1677, 3077, 2792, 1900, 1250, 5898, 439, 0, 0
15:10:00, 1193.60, 30.62, 29.43, 30.250, 573, 1015, 2204, 3644, 5898, 6193, 6229, 5693, 11915, 741, 0, 0, 192, 278, 738, 1568, 2776, 2524, 1710, 1126, 5120, 379, 0, 0
15:10:00, 1191.40, 30.62, 29.42, 30.250, 679, 1236, 2691, 4380, 5755, 5954, 5937, 5138, 10128, 636, 0, 0, 184, 266, 701, 1501, 2737, 2489, 1690, 1106, 5055, 374, 0, 0
15:10:01, 1184.50, 30.62, 29.45, 30.250, 632, 1145, 2448, 3982, 6950, 7286, 7467, 7058, 13574, 831, 0, 0, 216, 318, 829, 1727, 3108, 2829, 1950, 1310, 5908, 438, 0, 0
15:10:01, 1184.40, 30.62, 29.43, 30.250, 611, 1125, 2354, 3823, 5564, 5797, 6195, 5429, 8965, 569, 0, 0, 213, 312, 820, 1718, 3165, 2889, 1987, 1323, 5752, 432, 0, 0
15:10:02, 1181.50, 30.63, 29.43, 30.258, 523, 985, 2020, 3463, 6208, 6483, 6899, 6401, 9714, 609, 0, 0, 221, 326, 851, 1769, 3335, 3033, 2106, 1421, 6503, 484, 0, 0
15:10:03, 1176.00, 30.63, 29.43, 30.266, 767, 1372, 2928, 4734, 6555, 6922, 7007, 6554, 16708, 1049, 0, 0, 252, 375, 963, 1969, 3673, 3358, 2375, 1623, 7264, 549, 0, 0
15:10:03, 1174.80, 30.63, 29.45, 30.266, 468, 777, 1602, 2778, 3933, 4361, 4394, 3560, 9985, 643, 0, 0, 264, 396, 1014, 2059, 3560, 3241, 2288, 1572, 7163, 532, 0, 0
15:10:04, 1174.40, 30.63, 29.43, 30.258, 781, 1281, 2647, 4367, 6729, 7004, 7083, 6532, 18651, 1270, 0, 0, 247, 368, 944, 1916, 3340, 3040, 2126, 1452, 6587, 488, 0, 0
15:10:05, 1172.60, 30.63, 29.43, 30.266, 611, 1012, 2033, 3558, 5324, 5932, 6437, 5206, 11924, 727, 0, 0, 253, 379, 968, 1967, 3569, 3259, 2306, 1588, 7078, 529, 0, 0
15:10:05, 1170.80, 30.63, 29.42, 30.266, 745, 1309, 2740, 4407, 5901, 6174, 6157, 5503, 16740, 1118, 0, 0, 262, 401, 1020, 2045, 3379, 3058, 2160, 1471, 6689, 490, 0, 0
15:10:06, 1167.00, 30.64, 29.43, 30.273, 684, 1246, 2567, 4045, 5493, 5746, 5773, 5305, 12778, 800, 0, 0, 250, 376, 960, 1952, 3480, 3176, 2246, 1548, 6802, 509, 0, 0
15:10:07, 1169.50, 30.64, 29.43, 30.273, 874, 1512, 3086, 4962, 7539, 7619, 7944, 7485, 18116, 1163, 0, 0, 239, 358, 911, 1853, 3408, 3101, 2229, 1546, 6847, 500, 0, 0
15:10:07, 1167.00, 30.64, 29.47, 30.273, 806, 1420, 2939, 4582, 6372, 6731, 6803, 6655, 16264, 1002, 0, 0, 266, 403, 1020, 2051, 3794, 3460, 2481, 1725, 7644, 571, 0, 0
15:10:08, 1163.10, 30.64, 29.42, 30.266, 605, 1018, 2028, 3562, 5507, 6250, 6535, 5549, 14039, 854, 0, 0, 278, 428, 1076, 2146, 3572, 3242, 2297, 1587, 7187, 528, 0, 0
15:10:09, 1164.10, 30.64, 29.47, 30.266, 770, 1344, 2735, 4385, 7180, 7387, 7706, 7182, 21340, 1477, 0, 0, 260, 396, 999, 2002, 3478, 3172, 2249, 1555, 6866, 512, 0, 0
15:10:09, 1166.80, 30.64, 29.45, 30.281, 670, 1180, 2354, 3909, 4957, 5280, 5486, 4666, 11567, 716, 0, 0, 257, 388, 983, 1976, 3374, 3073, 2172, 1500, 6609, 489, 0, 0
15:10:10, 1160.40, 30.64, 29.43, 30.281, 815, 1486, 3029, 4721, 7065, 7460, 7460, 7692, 17930, 1105, 0, 0, 267, 408, 1030, 2057, 3673, 3348, 2397, 1683, 7449, 549, 0, 0
15:10:11, 1159.40, 30.64, 29.43, 30.281, 898, 1532, 3064, 4943, 6357, 7007, 7385, 6582, 15219, 899, 0, 0, 274, 418, 1048, 2096, 3504, 3189, 2256, 1559, 6809, 506, 0, 0
15:10:11, 1159.30, 30.65, 29.45, 30.281, 908, 1710, 3388, 5163, 8558, 9091, 9574, 9885, 13815, 844, 0, 0, 234, 356, 902, 1820, 3180, 2884, 2030, 1404, 6195, 454, 0, 0
15:10:12, 1153.50, 30.66, 29.43, 30.305, 1081, 2019, 4100, 6353, 10377, 10479, 11233, 10404, 25327, 1669, 0, 0, 268, 416, 1038, 2050, 3629, 3289, 2364, 1656, 7310, 537, 0, 0
15:10:13, 1153.40, 30.66, 29.45, 30.305, 680, 1253, 2429, 3902, 5818, 6055, 6754, 6254, 10200, 631, 0, 0, 261, 402, 1007, 2006, 3391, 3090, 2199, 1539, 6523, 483, 0, 0
15:10:13, 1149.70, 30.66, 29.45, 30.312, 874, 1631, 3192, 5139, 7802, 8258, 9616, 8400, 13035, 808, 0, 0, 280, 434, 1081, 2134, 3635, 3308, 2367, 1655, 7086, 525, 0, 0
15:10:14, 1153.20, 30.66, 29.43, 30.305, 924, 1735, 3438, 5084, 8248, 8701, 8991, 8927, 14413, 873, 0, 0, 234, 359, 901, 1808, 3162, 2875, 2038, 1421, 6044, 445, 0, 0
15:10:15, 1154.70, 30.66, 29.45, 30.305, 1044, 1953, 3829, 5857, 7094, 7460, 7591, 7276, 10209, 648, 0, 0, 219, 334, 844, 1705, 3101, 2820, 1987, 1380, 5866, 433, 0, 0
15:10:15, 1152.60, 30.66, 29.43, 30.297, 1093, 2038, 4092, 6208, 8648, 9156, 9443, 8972, 13863, 873, 0, 0, 226, 345, 873, 1763, 3161, 2868, 2016, 1395, 6090, 447, 0, 0
15:10:16, 1149.90, 30.67, 29.43, 30.305, 1021, 1877, 3781, 5694, 8695, 9123, 9471, 9290, 16888, 1028, 0, 0, 277, 434, 1073, 2105, 3598, 3273, 2355, 1664, 7086, 521, 0, 0
15:10:17, 1152.30, 30.67, 29.43, 30.305, 746, 1395, 2705, 4085, 4942, 5097, 5316, 4879, 7878, 498, 0, 0, 231, 354, 892, 1793, 3096, 2817, 1980, 1371, 5648, 418, 0, 0
15:10:17, 1144.20, 30.67, 29.47, 30.305, 1171, 2183, 4331, 6551, 8367, 8718, 9463, 9119, 13348, 846, 0, 0, 281, 435, 1077, 2105, 3660, 3339, 2414, 1726, 7335, 535, 0, 0
15:10:18, 1143.50, 30.67, 29.43, 30.312, 1123, 2099, 4181, 6220, 10246, 10685, 11790, 10655, 23132, 1460, 0, 0, 263, 411, 1016, 1988, 3516, 3202, 2309, 1644, 6761, 497, 0, 0
15:10:19, 1143.60, 30.68, 29.47, 30.312, 939, 1707, 3316, 5044, 6345, 6085, 7006, 6321, 8162, 534, 0, 0, 242, 376, 935, 1857, 3398, 3091, 2212, 1562, 6425, 470, 0, 0
15:10:19, 1139.60, 30.68, 29.45, 30.320, 1069, 1950, 3886, 5732, 8089, 8701, 8845, 8621, 12246, 781, 0, 0, 267, 420, 1037, 2031, 3474, 3157, 2274, 1612, 6603, 484, 0, 0
15:10:20, 1133.90, 30.68, 29.45, 30.328, 1408, 2592, 5102, 7606, 9215, 10217, 10530, 10727, 12500, 803, 0, 0, 269, 425, 1042, 2033, 3511, 3191, 2300, 1635, 6643, 486, 0, 0
15:10:21, 1134.90, 30.68, 29.43, 30.328, 1427, 2700, 5138, 7728, 11420, 11691, 13443, 12314, 14248, 916, 0, 0, 238, 376, 921, 1803, 3276, 2979, 2145, 1532, 6071, 443, 0, 0
15:10:21, 1132.90, 30.69, 29.47, 30.328, 1016, 1907, 3577, 5342, 8043, 8796, 8845, 9280, 10135, 661, 0, 0, 260, 411, 1007, 1963, 3439, 3126, 2265, 1619, 6510, 475, 0, 0
15:10:22, 1129.70, 30.69, 29.45, 30.320, 1438, 2668, 5141, 7468, 11372, 11797, 13050, 12250, 17572, 1134, 0, 0, 269, 428, 1039, 2010, 3425, 3112, 2261, 1627, 6608, 481, 0, 0
15:10:23, 1130.90, 30.69, 29.45, 30.320, 1507, 2795, 5414, 7981, 10707, 11168, 12128, 11455, 13858, 902, 0, 0, 246, 388, 947, 1846, 3225, 2933, 2124, 1528, 5987, 436, 0, 0
15:10:23, 1125.00, 30.69, 29.43, 30.328, 1371, 2585, 4772, 7255, 8142, 8885, 9289, 9796, 9760, 644, 0, 0, 274, 436, 1056, 2041, 3535, 3216, 2341, 1683, 6658, 487, 0, 0
15:10:24, 1120.00, 30.69, 29.49, 30.328, 1521, 2845, 5287, 7618, 11923, 12847, 13585, 13975, 15611, 1033, 0, 0, 287, 463, 1106, 2105, 3516, 3199, 2354, 1723, 6771, 492, 0, 0
15:10:25, 1122.20, 30.70, 29.47, 30.328, 2169, 4174, 7860, 11791, 10730, 11063, 12737, 11950, 14178, 904, 0, 0, 240, 380, 921, 1784, 3113, 2828, 2043, 1466, 5687, 414, 0, 0
15:10:25, 1118.60, 30.70, 29.45, 30.320, 1550, 3071, 5388, 8385, 10983, 12749, 12672, 14439, 11269, 766, 0, 0, 288, 464, 1110, 2117, 3628, 3302, 2436, 1781, 7033, 512, 0, 0
15:10:26, 1116.60, 30.70, 29.49, 30.320, 1896, 3483, 6682, 9451, 10734, 11234, 12004, 11693, 18485, 1167, 0, 0, 292, 471, 1116, 2110, 3423, 3113, 2290, 1676, 6597, 480, 0, 0
15:10:27, 1114.20, 30.70, 29.45, 30.328, 1861, 3492, 6496, 9365, 12586, 14358, 14804, 16205, 13103, 894, 0, 0, 274, 442, 1050, 1994, 3400, 3096, 2279, 1671, 6407, 466, 0, 0
15:10:27, 1109.30, 30.70, 29.47, 30.320, 1978, 3681, 6727, 9833, 11073, 11660, 12912, 12237, 15437, 1014, 0, 0, 294, 475, 1119, 2102, 3475, 3160, 2336, 1718, 6593, 477, 0, 0
15:10:28, 1110.40, 30.70, 29.45, 30.320, 1635, 3165, 5831, 8315, 12674, 12880, 14938, 14464, 14662, 967, 0, 0, 285, 463, 1087, 2043, 3348, 3051, 2265, 1677, 6194, 448, 0, 0
15:10:29, 1106.90, 30.70, 29.47, 30.320, 1522, 2914, 4980, 7572, 8893, 9811, 10313, 11532, 10129, 668, 0, 0, 280, 453, 1067, 2019, 3409, 3101, 2299, 1692, 6309, 454, 0, 0
15:10:29, 1102.80, 30.70, 29.51, 30.320, 1767, 3428, 6176, 9131, 13857, 14639, 16703, 15859, 20934, 1322, 0, 0, 287, 473, 1095, 2041, 3358, 3060, 2281, 1702, 6097, 436, 0, 0
15:10:30, 1101.50, 30.70, 29.47, 30.320, 1370, 2576, 4140, 6527, 7142, 7292, 7943, 8851, 8753, 570, 0, 0, 278, 450, 1057, 1992, 3260, 2965, 2190, 1615, 5830, 417, 0, 0
15:10:31, 1096.10, 30.70, 29.47, 30.320, 2272, 4434, 8019, 12001, 15764, 16730, 19751, 18351, 25251, 1585, 0, 0, 298, 489, 1133, 2098, 3530, 3209, 2397, 1793, 6284, 445, 0, 0
15:10:31, 1091.50, 30.70, 29.49, 30.328, 1831, 3455, 5310, 7746, 8540, 8481, 9679, 10773, 11128, 716, 0, 0, 311, 511, 1179, 2176, 3613, 3287, 2473, 1868, 6319, 445, 0, 0
15:10:32, 1087.10, 30.71, 29.47, 30.328, 1503, 2889, 4873, 6863, 10750, 10783, 12660, 13440, 18931, 1143, 0, 0, 302, 500, 1147, 2102, 3508, 3184, 2395, 1809, 6213, 436, 0, 0
15:10:33, 1084.10, 30.71, 29.45, 30.320, 1722, 3286, 5898, 7889, 10789, 11099, 11794, 13397, 28883, 2098, 0, 0, 296, 487, 1119, 2060, 3474, 3151, 2374, 1796, 6277, 440, 0, 0
15:10:33, 1077.10, 30.71, 29.51, 30.336, 3020, 5671, 9965, 12942, 11268, 12907, 13626, 16487, 36000, 4666, 1, 1, 329, 546, 1238, 2225, 3692, 3346, 2589, 1990, 7465, 518, 0, 0
15:10:34, 1069.50, 30.71, 29.47, 30.336, 2396, 4715, 7543, 10766, 15400, 17784, 16411, 22408, 36000, 5478, 1, 1, 342, 570, 1276, 2281, 3738, 3383, 2624, 2017, 7908, 550, 0, 0
15:10:35, 1063.80, 30.71, 29.49, 30.336, 2558, 5442, 7961, 12463, 16546, 18532, 20849, 24847, 36000, 6757, 1, 1, 381, 638, 1395, 2444, 3854, 3512, 2769, 2184, 8513, 598, 0, 0
15:10:35, 1059.00, 30.72, 29.49, 30.344, 2529, 5357, 7985, 12467, 19743, 20965, 26378, 25186, 36000, 6256, 1, 1, 360, 602, 1318, 2310, 3743, 3392, 2659, 2079, 8239, 577, 0, 0
15:10:36, 1049.60, 30.72, 29.45, 30.344, 3719, 6363, 11143, 14271, 21037, 24438, 26395, 30331, 36000, 8026, 1, 1, 391, 660, 1421, 2471, 3898, 3540, 2804, 2219, 8656, 610, 0, 0
15:10:37, 1040.40, 30.72, 29.49, 30.336, 3891, 8212, 11194, 17160, 20288, 20195, 25417, 30482, 36000, 14689, 1, 1, 405, 683, 1444, 2462, 3875, 3508, 2823, 2259, 8849, 626, 0, 0
15:10:37, 1029.90, 30.72, 29.47, 30.344, 3811, 6884, 10468, 14150, 18217, 18679, 24099, 24318, 36000, 8093, 1, 1, 396, 670, 1405, 2376, 3793, 3427, 2752, 2211, 8655, 624, 0, 0
15:10:38, 1025.50, 30.72, 29.49, 30.344, 8263, 13532, 21298, 25763, 15878, 17106, 19386, 20517, 36000, 12438, 1, 1, 423, 716, 1473, 2445, 3740, 3375, 2730, 2204, 8815, 649, 0, 0
15:10:39, 1022.20, 30.72, 29.47, 30.344, 4584, 7034, 10956, 13747, 26887, 27023, 29950, 30658, 36000, 23396, 1, 1, 386, 648, 1339, 2232, 3524, 3186, 2558, 2073, 8200, 616, 0, 0
15:10:39, 1020.00, 30.72, 29.51, 30.352, 11790, 16736, 24733, 26293, 29806, 30116, 30900, 31376, 36000, 32827, 1, 1, 462, 781, 1577, 2579, 4044, 3686, 3044, 2534, 9817, 755, 0, 0
15:10:40, 1023.00, 30.73, 29.49, 30.352, 5116, 6930, 10330, 12434, 17178, 16654, 19800, 22253, 35993, 21087, 0, 1, 474, 802, 1614, 2649, 4067, 3708, 3053, 2531, 9771, 732, 0, 0
15:10:41, 1016.50, 30.72, 29.53, 30.344, 5284, 9791, 13690, 17859, 13512, 15516, 17370, 18482, 35970, 17542, 0, 1, 470, 798, 1605, 2631, 4028, 3669, 3021, 2508, 9672, 754, 0, 0
15:10:41, 1018.00, 30.73, 29.51, 30.344, 6118, 13733, 16329, 26049, 21431, 21008, 23687, 26125, 35630, 29972, 0, 1, 482, 817, 1630, 2645, 3950, 3591, 2962, 2453, 9523, 727, 0, 0
15:10:42, 1013.90, 30.72, 29.49, 30.344, 4541, 7742, 8688, 11131, 22788, 25868, 29628, 31821, 36000, 36000, 1, 1, 594, 992, 1884, 2970, 10793, 10372, 11338, 11551, 35686, 10119, 0, 1
15:10:43, 1013.70, 30.72, 29.53, 30.344, 5994, 11643, 11760, 14920, 2502, 2492, 2812, 3097, 15168, 4874, 0, 0, 1658, 2822, 4200, 5479, 8783, 8261, 9990, 9773, 34299, 8445, 0, 1
15:10:43, 1013.40, 30.72, 29.51, 30.344, 6168, 10427, 12723, 16478, 12092, 13955, 13167, 18809, 12781, 4417, 0, 0, 2325, 4529, 5903, 8104, 11691, 11242, 14062, 14575, 35271, 14211, 0, 1
15:10:44, 1013.80, 30.71, 29.51, 30.266, 6859, 10893, 15240, 18841, 27667, 26568, 28064, 33415, 36000, 36000, 1, 1, 1664, 3044, 4119, 5391, 6738, 7005, 7598, 8711, 19677, 5349, 0, 0
15:10:45, 1013.60, 30.68, 29.53, 30.070, 7381, 13179, 15062, 24855, 30469, 31627, 36000, 34045, 36000, 36000, 1, 1, 2319, 3793, 5476, 6516, 7993, 8639, 9094, 10582, 25638, 7740, 0, 0
15:10:45, 1013.60, 30.66, 29.53, 30.070, 9793, 15894, 22589, 28489, 33931, 36000, 36000, 36000, 36000, 36000, 1, 1, 2197, 3690, 5234, 6408, 6695, 7299, 7499, 8925, 18608, 4947, 0, 0
15:10:46, 1012.90, 30.63, 29.56, 29.812, 5579, 9482, 12539, 15476, 22830, 21978, 26476, 32053, 36000, 36000, 1, 1, 1723, 2925, 4110, 5225, 6542, 7107, 7614, 8850, 20744, 6303, 0, 0
15:10:47, 1012.60, 30.60, 29.49, 29.547, 8136, 13454, 18738, 21497, 16838, 17118, 22444, 25790, 25275, 7916, 0, 0, 5270, 8842, 10843, 12958, 14544, 15057, 17702, 19885, 36000, 23450, 1, 1
15:10:47, 1013.40, 30.59, 29.54, 29.547, 885, 1418, 1868, 2283, 3564, 3817, 4818, 5032, 13405, 5543, 0, 0, 55, 79, 98, 110, 28, 28, 38, 46, 194, 174, 0, 0
